{"3:0:0:55:0": [0.10653821212452452, 0.09058799056482428, 0.09935173701306264, 0.0798357730029438], "3:1:0:55:0": [0.10860313864483039, 0.061294569699619626, 0.11529384623350747, 0.11308193108707261], "3:1:90:55:0": [0.12007012128145864, 0.1217471504747239, 0.11867696812952443, 0.12303784656477902], "4:1:90:55:0": [0.12094563318583668, 0.11703479937793629, 0.11745999963763136, 0.11103776811936984], "5:1:90:55:0": [0.1168462098240193, 0.1161552761135787, -0.019200000000000002, 0.1062566389538807], "6:1:90:55:0": [0.17873424234197335, -0.053862400000000005, -0.035865600000000004, -0.02598506367999997], "5:1:180:55:0": [-0.028800000000000006, 0.15428596315037216, -0.01984, -0.01984], "6:1:0:55:0": [0.14034304340598547, -0.039803904, -0.0396544, -0.039046144], "6:0:0:55:0": [-0.0549230592, -0.03917438976, -0.0199936, -0.01984], "6:0:90:55:0": [-0.03587072, -0.04544000000000001, -0.03571200000000001, -0.039424], "6:1:270:55:0": [0.09247801054415296, 0.1455568859801912, -0.05511172096, -0.028800000000000006], "6:1:180:55:0": [-0.01984, -0.03264, -0.035712, -0.016], "6:0:180:55:0": [-0.032, -0.016, -0.055560191999999994, -0.05017600000000001], "6:2:180:55:0": [-0.03264, -0.04288000000000001, 0.11706045144152472, 0.06910756715520006], "6:2:90:55:0": [0.14793672515871165, -0.032, 0.04043686144000004, 0.09993256889856007], "6:2:0:55:0": [0.07512190384742407, -0.028688628479999968, -0.03904, 0.21107740490417817], "5:2:90:55:0": [0.12530510327537542, 0.09479738012696932, -0.016, 0.11890782802119543], "6:2:270:55:0": [0.11574019282708188, 0.11192844381669834, 0.002716878400000039, 0.1110133841801732], "5:2:270:55:0": [0.11545156460140318, 0.11984032087498846, -0.019200000000000002, 0.12522721579594856], "4:2:270:55:0": [0.13231217343001023, 0.11829486898825675, 0.1286675385864966, 0.13520574366294294], "4:2:0:55:0": [0.14143402472926217, 0.1356924950580666, 0.12337227313249792, 0.1305630598088241], "4:1:0:55:0": [0.12053339132036604, 0.10037104240630254, 0.10787658516763517, 0.10737624764494332], "4:0:0:55:0": [0.09584975054810664, 0.0939640061747603, 0.08516643591478622, 0.08900152373564169], "4:0:90:55:0": [-0.056088576, -0.035328000000000005, 0.0902548079475126, 0.09453722219883565], "3:0:90:55:0": [0.09743663644799522, 0.09978121853020623, 0.11760790635982751, -0.05668352], "2:0:90:55:0": [-0.054670336, 0.1440854103582686, -0.05184, 0.09268321310290739], "1:0:90:55:0": [-0.0548237312, -0.057482240000000004, -0.04928512, 0.12170687058745774], "1:0:180:55:0": [-0.05228032, 0.11108544074141646, -0.05365760000000001, -0.0520704], "1:0:0:55:0": [0.09115201310932496, -0.05391359999999999, -0.04488268943720447, 0.06086124794391723], "1:0:270:55:0": [0.06836303917869099, 0.04771052018230883, 0.08555966477004309, -0.054763519999999996], "0:0:270:55:0": [0.08386142914278519, 0.03764234921933318, -0.07185408000000001, -0.038359168720502795], "0:0:180:55:0": [-0.068015104, -0.06259712, 0.10138028916328783, -0.0738104023318528], "0:1:180:55:0": [-0.06156288000000001, -0.051957760000000006, -0.04917760000000001, 0.10864447917060197], "0:0:90:55:0": [-0.07681600691896319, -0.066962276352, -0.07602606080000002, -0.0702517248], "0:0:0:55:0": [-0.004339640547025167, -0.0897792, -0.07981422592, 0.07834650188808508], "0:1:0:55:0": [-0.039777280000000005, 0.01011444014002267, 0.1644824981902071, -0.048512000000000007], "0:1:90:55:0": [-0.05504, -0.013264412752742427, -0.051814400000000004, -0.039644160000000005], "1:1:90:55:0": [-0.019200000000000002, 0.11815849641334243, 0.08648437135167628, 0.10836316871814208], "2:1:90:55:0": [0.10523541819622395, 0.1223538446217613, 0.03566628919296002, 0.12066988319104555], "2:1:0:55:0": [0.13785741970783275, 0.1198444021357086, 0.10984851167255105, -0.038784], "2:0:0:55:0": [0.09632021464596804, -0.06040832, 0.028294622068604933, -0.052679680000000007], "2:2:0:55:0": [0.3062165190164734, 0.1254428025704454, 0.12163864230485548, -0.053477376], "2:2:270:55:0": [0.1142489356835946, -0.038272, 0.13506269758839484, -0.0507136], "3:2:270:55:0": [0.12423882841696139, 0.11850343726638086, 0.10795700899352421, 0.11612022369036994], "1:2:270:55:0": [0.18496073037767258, -0.038400000000000004, -0.04544000000000001, 0.03667137080504525], "2:2:180:55:0": [0.031724913192960016, -0.03456, -0.0540928, -0.05056000000000001], "3:2:0:55:0": [-0.016, 0.11207163493332215, 0.11489529797447567, 0.11001730625379096], "3:2:90:55:0": [-0.049409024, 0.11818045339557141, 0.12052673017155352, 0.12003326606543602], "4:2:90:55:0": [0.12278245752103839, 0.12377788847889672, 0.12884342567738016, 0.13168612533086949], "6:0:270:55:0": [-0.05176832, -0.049356800000000006, -0.039014400000000005, -0.03596800000000001], "6:3:0:55:0": [-0.016, 0.09906842493184007, -0.03264, -0.028800000000000006], "6:3:90:55:0": [0.13127979093133793, -0.032, -0.016, -0.032], "6:3:180:55:0": [0.03864486144000004, -0.03264, -0.0352, -0.028800000000000006], "6:4:180:55:0": [-0.019200000000000002, -0.01984, 0.13265920375000007, -0.019200000000000002], "6:5:180:55:0": [-0.03264, -0.016, -0.016, 0], "6:4:270:55:0": [-0.01984, 0.26847032701602275, -0.016, -0.0352], "6:3:270:55:0": [-0.016, -0.022528, -0.019968, -0.043033600000000005], "5:1:270:55:0": [0.07135259065346078, 0.1166060766878933, 0.11275527193734239, -0.035840000000000004], "4:1:270:55:0": [0.10845684185133034, 0.12057673575574185, 0.12286862298649313, 0.11122958219903699], "5:0:90:55:0": [-0.038272, -0.032768000000000005, -0.016, -0.03968], "5:0:270:55:0": [-0.03596288, -0.035353600000000006, -0.0388864, -0.035328000000000005], "4:0:270:55:0": [-0.035328000000000005, -0.016, 0.09242052112723227, 0.08426185259152368], "3:0:270:55:0": [0, 0.08319705546562746, 0.08938986112811545, 0.048891969601883134], "3:0:180:55:0": [0.10320074602132054, 0.10782680700579203, 0.09470930792098056, 0.11652264182708479], "3:1:180:55:0": [0.10610514465003076, 0.12123068502444379, 0.1247430202354839, 0.11844126239549335], "2:0:270:55:0": [0.08114236687148976, -0.048153600000000005, -0.03264, -0.048153600000000005], "2:0:180:55:0": [-0.0545024, -0.0486656, -0.038937599999999996, 0.13231865260642092], "2:1:180:55:0": [-0.05429247999999999, -0.032, -0.039169024000000004, 0.14178324523424346], "2:1:270:55:0": [0.21869479906313982, 0.05232829675520001, -0.0384256, -0.04815872], "1:1:180:55:0": [-0.0390144, -0.056883199999999995, -0.05056000000000001, 0.15290342198324597], "1:2:180:55:0": [-0.0527104, -0.03894272, 0.09641505620756788, -0.053145600000000015], "1:3:180:55:0": [-0.03264, -0.037888, -0.03264, 0.1379340448076059], "1:3:270:55:0": [0.13962122510583097, -0.035712, -0.019200000000000002, -0.037888], "2:3:270:55:0": [0.14400241857300308, 0.13037777375325058, 0.14178607292748027, 0.19721361127704234], "2:3:180:55:0": [-0.028800000000000006, 0.20818818575988146, -0.019200000000000002, -0.019200000000000002], "2:4:180:55:0": [0.03072512200000003, 0.24575021088835394, 0.10380800312500005, 0.16311768456857906], "2:4:90:55:0": [0.14955219133187062, 0.16038780539412342, 0.1675695740353122, 0.1657496213911584], "3:4:90:55:0": [0.15596070114156252, 0.16635575335654365, 0.15822735015002376, 0.15555600356109991], "3:4:180:55:0": [0.16782306000205038, 0.4274563458920908, 0.1693863953198639, 0.15982392742613358], "4:4:90:55:0": [0.17119107179794618, 0.156986120155243, 0.15819477920466105, 0.16526023530081088], "3:4:0:55:0": [0.14924165013316965, 0.1441315168593346, 0.151684930056202, 0.1641624286497656], "3:4:270:55:0": [0.15686371517587533, 0.1679903669089266, 0.1663477753021201, 0.17016416848759675], "2:4:270:55:0": [0.16943524434008853, 0.11078739394214994, 0.3560516026134889, 0.18076262697474121], "4:4:270:55:0": [0.16505724172821473, 0.16069193727787598, 0.15872629986964928, 0.15214574736555714], "4:4:180:55:0": [0.14139432732454735, 0.32695251618362253, 0.15541520607799827, 0.15870354060527367], "1:1:0:55:0": [0.10695241005873168, 0.08213497451761304, 0.10951640296992007, 0.048409448755199994],