{"1:0:0:55:0": [-0.037937465941215526, -0.014774592464214045, 0.265833681866836, -0.00533065988657537], "1:0:270:55:0": [0.18855906300582237, -0.04816406250000001, -0.0555859375, -0.04203125], "2:0:270:55:0": [0.0704843993925859, -0.03439538208070756, 0.31444400349101514, -0.024454826661415116], "0:0:270:55:0": [-0.052578125, -0.052500000000000005, -0.056547384623810884, -0.044914905518346745], "0:0:180:55:0": [-0.04059476924762177, -0.042265625, -0.043523770894535865, 0.11504953618810457], "2:0:0:55:0": [0.3602904191193602, 0.28253776121094176, 0.2779572548219029, 0.26129205816634193], "2:1:0:55:0": [0.3930655218167457, 0.28472939958428145, 0.2856854948553611, 0.20858168537656624], "2:0:90:55:0": [-0.03226437983016236, 0.10329924601854151, 0.049640943789273986, 0.3251001079999896], "3:0:90:55:0": [0.31687341077507625, -0.041874999999999996, -0.01292250800424627, -0.02252143994651753], "1:0:90:55:0": [0.1644676704572567, 0.2948174483176609, -0.026675368218762298, -0.055429687500000005], "1:0:180:55:0": [-0.0396875, -0.0328125, -0.045234375, 0.18815528400156883], "1:1:180:55:0": [-0.0340625, -0.02113159094267758, -0.025, -0.026875], "1:1:270:55:0": [0.09184642887832303, -0.027499999999999997, -0.05187988273915835, -0.034750976398354394], "1:1:90:55:0": [-0.042467040127667124, 0.05867150579787471, -0.02875, -0.027538753639057577], "4:0:90:55:0": [0.11821709522486873, -0.038125000000000006, -0.051914062500000004, -0.053154296875], "4:0:180:55:0": [-0.03875, -0.04046875, -0.038125, -0.036250000000000004], "4:0:0:55:0": [0.19106529577660175, -0.05668956364998846, -0.051162109375, -0.044335937500000006], "4:1:0:55:0": [0.26694365935034287, -0.033437499999999995, -0.036875, 0.03226190085579788], "4:1:270:55:0": [-0.036875, -0.03315429654670879, -0.037968749999999996, -0.02875], "3:1:270:55:0": [-0.027499999999999997, 0.030924455285337674, -0.02875, -0.02625], "3:1:180:55:0": [-0.02625, -0.015, -0.02875, -0.025], "3:1:0:55:0": [0.16927927996881464, -0.033437499999999995, -0.0325, -0.029375], "3:2:0:55:0": [-0.0175, -0.0225, 0.03240678405111095, 0.3050698024942282], "3:3:0:55:0": [-0.01, -0.015, -0.01, 0.11610569941583967], "3:3:90:55:0": [-0.01, -0.020574119048382647, 0.1170721552818431, 0], "4:3:90:55:0": [0.01271532983141454, -0.026250000000000002, -0.01, -0.029375000000000002], "4:3:180:55:0": [-0.027499999999999997, -0.025, 0.23592408585855626, -0.0175], "4:3:270:55:0": [-0.0328125, 0.35868381046893216, -0.025, -0.015], "5:3:270:55:0": [-0.0355859375, 0.017573396600746496, -0.019999999999999997, -0.018750000000000003], "4:3:0:55:0": [-0.019531249701976776, -0.026250000000000002, -0.0175, 0.13815346661258346], "4:4:0:55:0": [0.0178125011920929, -0.0175, -0.0175, -0.018750000000000003], "4:4:90:55:0": [-0.019999999999999997, 0, -0.02625, -0.025], "4:4:180:55:0": [-0.026250000000000002, -0.015, -0.019999999999999997, -0.015], "4:4:270:55:0": [-0.015, -0.01, -0.026250000000000002, -0.015], "5:4:270:55:0": [-0.0225, -0.019999999999999997, -0.025, -0.018750000000000003], "5:4:180:55:0": [-0.01, -0.01, -0.018124999972060324, -0.019999999999999997], "5:4:90:55:0": [-0.015, -0.019999999999999997, -0.015, -0.015], "6:4:270:55:0": [-0.0275, -0.025, -0.015, -0.0225], "6:4:0:55:0": [-0.015, -0.019999999999999997, -0.019375000000000003, -0.019999999999999997], "6:4:90:55:0": [-0.024999999999999998, -0.024999999999999998, -0.018750000000000003, -0.018750000000000003], "5:4:0:55:0": [-0.025, -0.0225, -0.0225, -0.0225], "3:4:90:55:0": [0.22702742950769708, -0.015, 0.020507581382071233, -0.015], "4:5:0:55:0": [-0.015, -0.01, 0.21140625476837155, -0.015], "4:5:90:55:0": [0.4328125086426735, 0.04781250149011611, 0, -0.0225], "3:5:90:55:0": [0.302373053508345, 0.4806250095367429, 0.1845312543213367, 0.035625001192092894], "4:6:0:55:0": [-0.019999999999999997, -0.01, -0.019999999999999997, -0.015], "4:5:270:55:0": [-0.015, 0, -0.02625, -0.0225], "5:5:270:55:0": [-0.015, -0.01, -0.018750000000000003, 0], "5:5:0:55:0": [-0.0225, -0.025, -0.0225, -0.0175], "5:6:0:55:0": [-0.025, -0.025, -0.015, -0.015], "5:6:90:55:0": [-0.02375, -0.019999999999999997, -0.01, -0.01], "4:6:90:55:0": [-0.02375, -0.0175, -0.01, -0.019999999999999997], "4:6:270:55:0": [-0.019999999999999997, 0, -0.015, -0.0225], "4:6:180:55:0": [-0.018750000000000003, -0.01, -0.01, -0.0225], "4:5:180:55:0": [-0.015, -0.0175, -0.0175, -0.01], "4:2:180:55:0": [-0.0325, -0.02625, 0.2860274993528402, -0.0275], "6:3:270:55:0": [-0.034375, -0.027499999999999997, -0.024375, -0.0274609375], "6:3:180:55:0": [-0.026250000000000002, -0.02875, -0.036796875, -0.02875], "6:3:0:55:0": [-0.0225, -0.028749999999999998, -0.019999999999999997, -0.03671875], "5:3:180:55:0": [-0.0225, -0.015, -0.01, -0.019999999999999997], "5:3:0:55:0": [-0.015, -0.01, -0.0175, -0.02422798101977605], "5:2:180:55:0": [-0.02375, -0.015, -0.0193970904185653, -0.0225], "5:1:180:55:0": [-0.026250000000000002, -0.02625, -0.03, -0.028593750000000005], "5:0:180:55:0": [-0.0375, -0.02875, -0.029921874999999997, -0.030625000000000003], "5:1:90:55:0": [-0.0175, -0.0275, -0.018750000000000003, -0.042109375], "5:0:90:55:0": [-0.035312500000000004, -0.0403125, -0.030625, -0.040624999999999994], "6:0:90:55:0": [-0.030625000000000003, -0.029999999999999995, -0.0396875, -0.036875], "6:0:0:55:0": [-0.043125, -0.024999999999999998, -0.035625000000000004, -0.0325], "6:1:0:55:0": [-0.03125, -0.033124999999999995, -0.030937500000000003, -0.036250000000000004], "6:1:90:55:0": [-0.031875, -0.035, -0.0378125, -0.0390625], "6:1:180:55:0": [-0.035625, -0.031875, -0.033125, -0.030625000000000003], "6:2:180:55:0": [-0.027500000000000004, -0.031249999999999997, -0.034374999999999996, -0.0325], "6:2:270:55:0": [-0.03749999999999999, 0.007231749531458897, -0.031249999999999997, -0.026875], "6:2:0:55:0": [-0.027499999999999997, -0.031875, -0.0225, -0.033749999999999995], "5:2:270:55:0": [-0.033125, 0.1552728271684991, -0.031249999999999997, -0.015], "4:2:270:55:0": [0.0014481222839289043, 0.340663585877924, -0.0175, -0.0225], "3:2:270:55:0": [-0.008794180837130603, 0.36496997751685356, 0.13189678697682955, 0.023256131147349188], "2:1:270:55:0": [-0.03, 0.0008043681538528018, 0.32854091795785645, 0.09304760953890842], "3:0:270:55:0": [-0.053828125, 0.29632228692394724, -0.0303125, -0.033124999999999995], "4:0:270:55:0": [-0.04765625, -0.048074978803122115, -0.0454296875, -0.04453125], "2:0:180:55:0": [-0.0275, -0.0225, 0.2115041073828518, -0.025], "2:1:180:55:0": [-0.0225, -0.026093749441206453, 0.17446077677406258, 0.03847832013138032], "2:1:90:55:0": [-0.014980162503125026, -0.014928740233190184, -0.0005020124288421385, 0.35322217933427424], "3:1:90:55:0": [0.032046206229206294, -0.031875, -0.0225, -0.025], "3:0:0:55:0": [-0.009035479895394917, -0.00915474699299879, 0.28107949766257073, -0.034062499999999996], "3:0:180:55:0": [-0.038125, -0.02875, -0.03909179670037702, 0.15711647007428514], "2:2:0:55:0": [0.40931918856254396, 0.35100293342249983, 0.33104290100915157, 0.3235280148079402], "2:2:90:55:0": [-0.043085937500000004, -0.0010388799489644274, 0.05587124551782548, 0.3816726157881763], "1:2:90:55:0": [-0.03984375, -0.02625, -0.033125, -0.0415625], "1:2:180:55:0": [-0.0225, 0.0004272473097080322, -0.014476012647282913, -0.0371875], "1:2:0:55:0": [0.022222616535359518, -0.035625000000000004, -0.033125, -0.035312500000000004], "1:1:0:55:0": [-0.03381439113138185, -0.036875000000000005, 0.010691535259316081, -0.022743452940521814], "0:0:0:55:0": [-0.0546875, -0.06441533655952722, 0.2693470851821257, -0.06359375], "0:0:90:55:0": [-0.03729840387143265, 0.29643505252355296, -0.04639113462381088, -0.053828125], "0:1:180:55:0": [0.03602323877442778, -0.0325, -0.047109374944120645, -0.04099975532939425], "0:1:270:55:0": [-0.04484374980442225, -0.039999999999999994, -0.0415625, -0.04140625], "0:1:0:55:0": [-0.043750000000000004, -0.051250000000000004, -0.04713134748424636, -0.05232421875], "0:1:90:55:0": [-0.04250244106224273, -0.016459043716095034, -0.04062500000000001, -0.04306640625],