{"4:0:0:55:0": [-0.04766508656462201, -0.050112000000000004, -0.049056008070758404, -0.04902736115641297], "4:0:270:55:0": [-0.038575582281728006, -0.0387244529492808, -0.042999634949948816, -0.03906307795867209], "4:0:180:55:0": [-0.03874091008, -0.03876081210829604, -0.03878899199457167, -0.038802376097791996], "4:0:90:55:0": [-0.039262158769982014, -0.0388016759242752, -0.038867487686656, -0.04236209603323392], "5:0:90:55:0": [-0.03851829248, -0.038622830854144, -0.03809763328, -0.0385400406016], "6:0:90:55:0": [-0.038237429760000004, -0.037492989952, -0.0374047555584, -0.037321424896], "6:0:0:55:0": [-0.038238998036479996, -0.0384032948224, -0.038105530368000004, -0.03842809526747137], "6:1:0:55:0": [-0.03774034018304, -0.037785608192000004, -0.038120292352, -0.03735371776], "6:1:90:55:0": [-0.038514679808, -0.038437888, -0.037642534912, -0.03837251485696], "6:2:0:55:0": [-0.0365924352, -0.0372467712, -0.03608064, -0.03688177664], "6:3:0:55:0": [-0.035451904000000006, -0.035880959999999996, -0.03512319999999999, -0.034293760000000006], "6:1:180:55:0": [-0.0373277212672, -0.036342571008, -0.03696275456, -0.03809775616], "6:1:270:55:0": [-0.036889599999999995, -0.0364582912, -0.036688896, -0.037383004160000004], "6:0:270:55:0": [-0.0374849536, -0.037648343040000004, -0.038319177531392, -0.038341083948646396], "6:0:180:55:0": [-0.0373941649408, -0.0377436307456, -0.0374673653628928, -0.03770351616], "6:2:270:55:0": [-0.037304319999999995, -0.03765141504, -0.03699720192, -0.03569790976], "6:2:180:55:0": [-0.0354834432, -0.0360337408, -0.0361500672, -0.03560448], "6:2:90:55:0": [-0.0364931072, -0.034816, -0.0355328, -0.036583833600000004], "5:1:270:55:0": [-0.0367378432, -0.037012125884604126, -0.03794804996334891, -0.0368345088], "4:1:270:55:0": [-0.03803243016669783, -0.03801779144873045, -0.03781004953920899, -0.03770928817709898], "3:1:270:55:0": [-0.03797708472130201, -0.038290713313196466, -0.03763396329782144, -0.037958999834298436], "3:1:0:55:0": [-0.035882985232658746, -0.0400384, -0.03609317682737536, -0.037903880275303656], "3:0:0:55:0": [-0.04771422814925196, -0.048192, -0.04729814181425278, -0.040684112484413844], "3:2:0:55:0": [-0.035162935597934604, -0.035163766218671996, -0.036716638262136905, -0.03461107964264609], "3:2:270:55:0": [-0.036581376, -0.037683721418650375, -0.03667641465366546, -0.0026193352611258575], "4:2:270:55:0": [-0.037558681600000005, -0.037780677970318075, -0.0371617832076772, -0.03723652979348164], "4:2:180:55:0": [-0.0376131376458022, -0.03586997859841848, -0.036149549214215364, -0.035828409551792], "4:3:180:55:0": [-0.035775128344881224, -0.033264467313317225, -0.03464529475820406, -0.03572867385613839], "4:3:90:55:0": [-0.035416513150934185, -0.035923967999999994, -0.03351965217665566, -0.03560377670174565], "4:3:0:55:0": [-0.03598138479657612, -0.03639499367812646, -0.0358120049422052, -0.03135122711280466], "4:2:0:55:0": [-0.037419975472072695, -0.037703534469859405, -0.03801531494146105, -0.03802784761853017], "4:1:0:55:0": [-0.0386786135816538, -0.038763991243527474, -0.054047211304807524, -0.0388040410013143], "4:2:90:55:0": [-0.03337862079317201, -0.036799692800000006, -0.03725632386488123, -0.03670851584834395], "5:2:90:55:0": [-0.03764551985560237, -0.036440064, -0.0368572416, -0.0368539648], "5:2:0:55:0": [-0.036315136, -0.0375963648, -0.036958304764143364, -0.038144041399188186], "5:2:270:55:0": [-0.037344256, -0.03824919947719094, -0.03783139328, -0.038240755712], "5:3:0:55:0": [-0.03552388631269181, -0.035895296, -0.03512320000000001, -0.03464192], "5:3:90:55:0": [-0.035301533156730125, -0.035736576, -0.03599872, -0.036831180813074], "5:3:270:55:0": [-0.033464320000000006, -0.03461161212019895, -0.033997824, -0.0328448], "6:3:270:55:0": [-0.034816, -0.03548672, -0.03346432, -0.03372544], "6:4:0:55:0": [-0.03315712, -0.03314176, -0.035609600000000005, -0.034910208000000005], "6:4:270:55:0": [-0.034816, -0.03425792, -0.03566592, -0.03356672], "5:4:270:55:0": [-0.03326464, -0.034731719306354096, -0.032896, -0.033884159999999997], "5:4:180:55:0": [-0.032768000000000005, -0.03232316615128125, -0.03479156621305346, -0.03369498997376882], "5:4:90:55:0": [-0.03414564808518375, -0.035303773370441, -0.03296451684878161, -0.035349888032685], "4:4:90:55:0": [-0.033429958489462314, -0.03178845370441, -0.0326656845803335, -0.03285420747812011], "4:4:180:55:0": [-0.03008178880326833, 0.06471717135905608, -0.03316803468923642, -0.030858350876999223], "4:5:180:55:0": [-0.023936000000000002, -0.025932898224156252, 0.09233978482734809, -0.02220543978027344], "4:5:90:55:0": [-0.020525838953517485, -0.022071406565570897, 0.030711962948430645, -0.029819061870558865], "5:5:90:55:0": [-0.023835703282785448, -0.02688, -0.0256, 0.05536537557704663], "6:5:90:55:0": [-0.02283217626163375, -0.032512, -0.030336, -0.031104], "5:5:0:55:0": [-0.031488, -0.031259467408820005, -0.02688, 0.16641680780367296], "5:6:0:55:0": [-0.032512, -0.029696000000000004, -0.0328620851153125, -0.029312], "5:6:90:55:0": [-0.02837606394140625, -0.030464, -0.031744, -0.033084170230625], "6:6:90:55:0": [-0.030208000000000002, -0.032512, -0.029696000000000004, -0.030720000000000004], "6:6:180:55:0": [-0.02944, -0.027520000000000003, -0.027904, -0.030848], "6:5:180:55:0": [-0.03457024, -0.031744, -0.031488, -0.032512], "6:4:180:55:0": [-0.033853440000000005, -0.0335616, -0.033679360000000005, -0.0352512], "6:3:180:55:0": [-0.0364312576, -0.033662976000000004, -0.034846720000000005, -0.032768], "6:3:90:55:0": [-0.036652031999999994, -0.035507199999999996, -0.0339968, -0.03520512], "5:1:90:55:0": [-0.037844027555470026, -0.038479970304, -0.038071181312, -0.0379805696], "5:1:180:55:0": [-0.0367863808, -0.037654519808, -0.0371040256, -0.037951283200000005], "5:1:0:55:0": [-0.03777788824828672, -0.037976064000000004, -0.03798052864, -0.03695800802474457], "5:0:0:55:0": [-0.0374489088, -0.037304319999999995, -0.038238044160000005, -0.037095424], "5:0:270:55:0": [-0.03736321982464, -0.03881484517376, -0.03748622336, -0.03783237632000001], "5:0:180:55:0": [-0.037387264, -0.037807677440000007, -0.037453414399999996, -0.037422402764799995], "5:2:180:55:0": [-0.037567897600000004, -0.037703827456000004, -0.038187524096, -0.03746989781008913], "5:3:180:55:0": [-0.0368861184, -0.035242126213053455, -0.033853440000000005, -0.035484671999999995], "6:4:90:55:0": [-0.035601206120346826, -0.03564544000000001, -0.035584, -0.034657280000000006], "3:3:90:55:0": [-0.032403973903898306, -0.03296058435331131, 0.04120014132041884, -0.03213241845454059], "3:3:180:55:0": [-0.030771200000000002, -0.002703796942802709, -0.0305808511963057, -0.03045996625290487], "3:2:180:55:0": [-0.036222615552, 0.0025363860520602674, -0.03583571144504287, -0.035695544733575425], "3:3:0:55:0": [-0.03754548146173173, -0.03800330407292094, -0.03765026140349168, -0.03745394756416454], "3:4:0:55:0": [0.06167643273114515, -0.03245569675703583, -0.030494042686594242, -0.029497303154370574], "3:3:270:55:0": [-0.03287674712335, -0.03185233168325587, -0.029565424542754164, -0.013969588605899246], "2:3:270:55:0": [-0.01820804491945329, -0.036465168743295105, -0.03523168688682071, -0.03453925175766432], "1:3:270:55:0": [-0.03618026063229523, -0.03677589436100938, -0.03625386546417224, -0.03632851176174832], "1:3:180:55:0": [-0.037098042159325, -0.036043760765671035, -0.036266046756918684, -0.036639663399956675], "1:4:180:55:0": [-0.03540839054470496, -0.034781633937462475, -0.03368312809942948, -0.03426412142617749], "1:4:270:55:0": [-0.033446757549893194, -0.033908526281950006, -0.03352634808841523, -0.033698865062963795], "1:4:0:55:0": [-0.03273932988833738, -0.03478169621233859, -0.03533233424218769, -0.034690912548059574], "1:5:0:55:0": [-0.0314933448147045, -0.034027742787825666, -0.03353356570899259, -0.030560130515755957], "0:4:270:55:0": [-0.03253348203552363, -0.034816, -0.033476058006632, -0.03588012532445372],