{"4:0:0:55:0": [-0.04581198437418148, -0.045722582210000015, -0.04603922910998285, -0.04662366437805996], "4:0:90:55:0": [-0.03288592260648393, -0.03401325618762202, -0.03378569219683316, -0.03504816228402925], "3:0:90:55:0": [-0.02863253746086028, -0.028477705015448853, -0.029112453967447577, -0.0023228608562024383], "2:0:90:55:0": [-0.03580642269816494, -0.034635823107909997, -0.015378800336104819, -0.036583744879168295], "2:0:180:55:0": [-0.029620000000000007, 0.05351942831048026, -0.029006362819585615, -0.028468361905087263], "1:0:90:55:0": [-0.04630661027846983, -0.04637723122075792, -0.04525719032820628, -0.04439953269639802], "1:0:0:55:0": [-0.052351194433300684, -0.05422793678000001, -0.05455181640113548, -0.05262536397555577], "1:0:270:55:0": [-0.045400323826936706, -0.04482551751665703, -0.04595868603931424, -0.04628332145621461], "2:0:270:55:0": [-0.03601449017127607, -0.036196551371028576, -0.027560000178956105, -0.03637435009396663], "2:1:180:55:0": [-0.020453871558231616, 0.14513252877442717, -0.019308351159264003, -0.0245063344050481], "2:1:90:55:0": [-0.025150319366433572, -0.025130340215897023, 0.026587920405843513, -0.02467107441722187], "3:1:90:55:0": [-0.02211508344999821, -0.020413652699466003, -0.020134653684372002, -0.00951077587566944], "2:1:0:55:0": [-0.027443826242637553, -0.027641902311599704, -0.00927630992190155, -0.026895351868973582], "3:1:180:55:0": [-0.01915957046105978, -0.020237310920045798, -0.01931857771088827, -0.020766886728983674], "3:2:180:55:0": [-0.01465951409102, -0.014067991727552133, -0.014712833124433687, -0.013731497704392887], "3:2:90:55:0": [-0.013116590993800002, -0.0110152, -0.012323049580000002, 0.006342666621563598], "3:2:270:55:0": [-0.012737049997999999, -0.0140750246980456, 0.015050084154344497, -0.01394592576778], "3:2:0:55:0": [0.18525991211253226, -0.008271368518450851, -0.011512260098, -0.009494], "3:3:0:55:0": [0.19862353425701781, -0.0011602954697451573, -0.0064498, -0.010324390219926696], "3:3:90:55:0": [-0.0085702, -0.010144453527519897, -0.00985956, -0.008303090062317125], "3:3:270:55:0": [-0.0077064, -0.011228262000000001, 0.017640951943063417, -0.00618], "4:3:270:55:0": [-0.008810956000000002, -0.007600000000000001, -0.008000199981880188, -0.00984367119985323], "4:3:0:55:0": [0.07424454517773903, -0.0097680844, -0.01363061022, -0.00222], "4:2:0:55:0": [0.00784554021372115, -0.014946917037132001, -0.015494096644015834, -0.016097965734000002], "4:1:0:55:0": [-0.0266667000524915, -0.030472355517722836, -0.028064953690570105, -0.02838904928524428], "4:2:270:55:0": [-0.01598698153, -0.014463821598718885, -0.016061548843679684, -0.015441603403983694], "5:2:270:55:0": [-0.017761929352, -0.017685888131259472, -0.019292578582420002, -0.017628475155640002], "6:2:270:55:0": [-0.013574236, -0.01542687741338, -0.013369823380000001, -0.01331759022], "6:2:180:55:0": [-0.015687013042476, -0.016857757398000002, -0.017886296758, -0.01563439654], "5:2:0:55:0": [-0.0189503677382, -0.0182429037238682, -0.018463723198, -0.018642372436200004], "5:2:90:55:0": [-0.015141198003907869, -0.01597912015022, -0.01669690066764, -0.014861403384318003], "5:3:0:55:0": [-0.011958882, -0.013945073697800002, -0.013793247800000002, -0.012039576], "6:2:0:55:0": [-0.01511817202, -0.014095720000000003, -0.0144114064, -0.0146584939218], "6:3:0:55:0": [-0.012572866000000002, -0.011886976, -0.013563744400000001, -0.013836772200000002], "6:4:0:55:0": [-0.0089122, -0.009032680000000001, -0.009796200000000001, -0.00983458], "6:4:90:55:0": [-0.009584000000000002, -0.009796200000000001, -0.0078542, -0.009697560000000001], "5:4:90:55:0": [-0.0074199999999999995, -0.006196200000000001, -0.007657104273424012, -0.007984], "5:4:0:55:0": [-0.007258, -0.006769502, -0.007782, -0.0079638], "6:5:0:55:0": [-0.0058000000000000005, -0.004362, -0.0089122, -0.005980000000000001], "6:5:270:55:0": [-0.0058000000000000005, -0.004653918151131995, -0.00418, -0.004], "6:5:90:55:0": [0.0091209655381088, -0.004, -0.006342, -0.0058200000000000005], "6:6:0:55:0": [-0.0058000000000000005, -0.006, -0.0089322, -0.004], "6:6:90:55:0": [-0.007078, -0.00922, -0.006, -0.007258], "5:6:90:55:0": [-0.006878, -0.005980000000000001, -0.004, -0.004], "4:6:90:55:0": [-0.0058, -0.00542, -0.002, -0.0038000000000000004], "3:6:90:55:0": [-0.00562, -0.00562, -0.00542, -0.005356772393142892], "3:6:180:55:0": [-0.0027684117300974345, -0.004, -0.0038000000000000004, -0.006878], "3:6:270:55:0": [-0.0038000000000000004, -0.00562, -0.001936772393142891, -0.004], "3:6:0:55:0": [-0.00542, 0.0718366905798499, -0.002, -0.00542], "4:6:0:55:0": [0.0013351382421379105, 0.008462620779344385, -0.004, -0.009091179990463256], "5:6:180:55:0": [-0.004200000000000001, -0.004, -0.00418, -0.002], "5:6:270:55:0": [-0.0058000000000000005, -0.0038000000000000004, -0.0058, -0.004], "5:5:180:55:0": [-0.0056, -0.0058, -0.0056, 0.023797038212119266], "5:4:180:55:0": [-0.0086133, -0.006794983276679796, -0.007078, -0.007438], "5:4:270:55:0": [-0.008016200000000001, -0.0067455599783706665, -0.006038000000000001, -0.0076722000000000005], "4:4:90:55:0": [-0.007279839973297119, -0.00418, -0.0038000000000000004, -0.00542], "4:4:0:55:0": [0.19321355819481262, -0.0062490743588835725, 0, -0.006831599976825715], "4:3:90:55:0": [-0.010334600000000001, -0.011317440000000002, -0.010718276720000001, -0.00894375077050804], "3:3:180:55:0": [-0.009078, -0.009931180000000001, -0.008293006890670534, -0.0100898], "3:4:180:55:0": [-0.007078, -0.006878, -0.0038000000000000004, -0.0081902], "3:4:270:55:0": [-0.0058, -0.0038000000000000004, 0.03554826184030342, -0.0076], "4:4:270:55:0": [-0.0038000000000000004, -0.00562, 0.008605948267318113, -0.006878], "3:4:90:55:0": [-0.00542, -0.0038000000000000004, -0.0058, 0.008432439749861638], "4:4:180:55:0": [-0.00542, 0.001317737482178622, -0.005961999999999999, -0.010058979999999999], "3:4:0:55:0": [0.21871705360027124, -0.004553775209363722, -0.002, -0.008371277679423887], "4:3:180:55:0": [-0.011950891174802001, -0.011590655799999999, -0.011857446999983694, -0.010820912995048428], "2:2:90:55:0": [-0.015315621328692002, -0.014667242104392885, 0.04945202922654392, -0.015915417673839027], "4:2:180:55:0": [-0.016985722356270314, -0.01678824781757275, -0.017306013223146132, -0.018018755419837263], "4:1:270:55:0": [-0.023866585272523243, -0.022942022728023526, -0.024533846733445573, -0.023567324657424227], "5:1:270:55:0": [-0.022987416870097182, -0.02119069998698765, -0.02270965362305878, -0.021428241572873107], "5:1:0:55:0": [-0.021977897820118, -0.02203225638715933, -0.0207419105069656, -0.02173303535775144], "5:3:180:55:0": [-0.013725135122151802, -0.0125089236138212, -0.012800118000000001, -0.0134319398], "5:3:90:55:0": [-0.011824016, -0.013676, -0.013344198400000002, -0.012498824138], "5:3:270:55:0": [-0.012363362000000003, -0.010975960000000002, -0.011787902, -0.012521942000000001], "3:5:180:55:0": [-0.00436, -0.007425479998960495, 0.00712000018119812, 0.055294705695476745], "4:6:270:55:0": [-0.0038000000000000004, -0.002, -0.0033901999046325685, 0.004681591285416204], "6:6:270:55:0": [-0.005980000000000001, -0.00542, -0.00562, -0.004], "6:6:180:55:0": [-0.00562, -0.004, -0.005980000000000001, -0.006322000000000001], "6:5:180:55:0": [-0.005640000000000001, -0.00762, -0.0058, -0.006], "4:6:180:55:0": [0.03639771603580516, -0.002, 0, 0], "3:0:0:55:0": [0.10287130566874425, -0.0282431728200428, -0.02747971912326426, -0.026593746176447598], "3:1:0:55:0": [0.15246046946185823, -0.016804438569993745, -0.017467993074, -0.016261134655439997], "3:1:270:55:0": [-0.021593139312632022, -0.020277001300349182, 0.00809393277043461, -0.02033086511953], "3:0:270:55:0": [-0.028997729172673882, -0.02962060425455812, -0.022144999863207074, -0.027598111633106368], "4:0:270:55:0": [-0.034528522286015675, -0.03543419865771486, -0.03493763994903631, -0.03529902734134126], "5:0:270:55:0": [-0.027122453213327704, -0.029311084128031684, -0.028108608246905954, -0.028844393946855475],