{"1:0:0:55:0": [-0.04153405412078382, -0.04742037534713745, -0.046639160793254184, -0.046875663022126784], "1:1:0:55:0": [-0.03678993225097656, -0.03810181856155396, -0.036143650614514, -0.03704578399658203], "1:0:270:55:0": [-0.03810249644165653, -0.038175010681152345, -0.040237526331706644, -0.03836942076683045], "2:0:270:55:0": [-0.03717506408691407, -0.0377737357348926, -0.037729372989645786, -0.03720901489257813], "2:0:0:55:0": [-0.03181667555818421, -0.04218200683593751, -0.0414581298828125, -0.04021709617777102], "3:0:270:55:0": [-0.03761404037475587, -0.03724948713485136, -0.03862005650997162, -0.03772973537445068], "3:0:180:55:0": [-0.036693115234375004, -0.037459450960159305, -0.03723837098824462, -0.03708437442779541], "3:1:180:55:0": [-0.034948120117187495, -0.03435546875000001, -0.0345361328125, -0.034664306640625], "3:0:90:55:0": [-0.03741004943847656, -0.03723029136657715, -0.0372833251953125, -0.03470179304373793], "4:0:270:55:0": [-0.0362103271484375, -0.03704815864562988, -0.03453291287797011, -0.03617935180664063], "5:0:270:55:0": [-0.0340478515625, -0.03589828491210938, -0.0351025390625, -0.03536865234375], "5:0:180:55:0": [-0.03525390625, -0.034169921874999995, -0.0352001953125, -0.035361328125], "5:0:90:55:0": [-0.03523216247558594, -0.03501953125, -0.0353057861328125, -0.034462890625], "5:0:0:55:0": [-0.033251953125, -0.034418945312500004, -0.03460662841796875, -0.0344140625], "6:0:270:55:0": [-0.033686523437500004, -0.03426025390625, -0.032080078125, -0.0332257080078125], "6:0:0:55:0": [-0.033288574218750006, -0.032744140625, -0.03193359375, -0.0328369140625], "6:0:90:55:0": [-0.032998046875, -0.033935546875, -0.034328002929687504, -0.034222412109375], "4:0:90:55:0": [-0.03688022136688232, -0.0363238525390625, -0.035786132812499996, -0.03469652407850138], "6:0:180:55:0": [-0.0340673828125, -0.033189697265625, -0.032685546875, -0.034457397460937504], "6:1:180:55:0": [-0.0320037841796875, -0.0325390625, -0.03119140625, -0.031630859375], "6:1:270:55:0": [-0.0298046875, -0.03267578125, -0.031513671874999996, -0.03175384521484375], "6:1:0:55:0": [-0.0324169921875, -0.03146484375, -0.03181640625, -0.03180664062500001], "6:1:90:55:0": [-0.030566406249999997, -0.03208984375, -0.032333984375, -0.03191406250000001], "5:1:90:55:0": [-0.0318017578125, -0.030175781250000002, -0.0321441650390625, -0.031015624999999998], "5:1:0:55:0": [-0.031044921875, -0.033061523437500004, -0.0319189453125, -0.03306640625], "5:1:180:55:0": [-0.032882080078125, -0.032509765625, -0.031875, -0.032250976562500006], "5:2:180:55:0": [-0.03047119140625, -0.02921875, -0.0284375, -0.02921875], "5:2:270:55:0": [-0.02828125, -0.030000000000000002, -0.029658203125, -0.029140625], "4:2:270:55:0": [-0.028671875000000003, -0.028359375000000003, -0.013069979247875167, -0.02734375], "4:2:0:55:0": [0.028689635897697262, -0.030844935397682766, -0.026451568545453483, -0.02859510940629534], "4:1:0:55:0": [-0.003745620502663016, -0.0322314453125, -0.03198730467527639, -0.029921875], "4:3:0:55:0": [0.11468067181904261, 0.0009286949446841025, -0.02375, -0.02156249985098839], "4:4:0:55:0": [0.17622156606265693, -0.01213029948212364, -0.009834556133464501, -0.011669617442006485], "4:3:270:55:0": [-0.02, -0.02465728752576979, 0.009687500782310957, -0.02125], "4:3:90:55:0": [-0.024921875000000003, -0.02453125, -0.02493152111861289, -0.02125], "3:3:90:55:0": [-0.024218750000000004, -0.023125, -0.023125, -0.02758720391117095], "2:3:90:55:0": [-0.029570312499999998, -0.026562500000000003, -0.02729125970232417, -0.026250000000000002], "4:2:90:55:0": [-0.02710144042095635, -0.027890625000000002, -0.028203125, -0.02054938653085471], "4:2:180:55:0": [-0.032570800781250006, -0.02771796693178146, -0.02890625, -0.02797409057398909], "4:1:180:55:0": [-0.034534912109374996, -0.03291481848699377, -0.0329345703125, -0.03380190016365009], "4:1:270:55:0": [-0.033090820312500005, -0.03218505859375, -0.032236328125, -0.03239409446276568], "4:0:180:55:0": [-0.035894775390625, -0.03539882480312919, -0.03496269226074219, -0.0363546328243959], "3:0:0:55:0": [-0.030176267202186247, -0.047867280989885325, -0.04587151050567627, -0.04640130013227463], "2:0:90:55:0": [-0.03802104949951172, -0.03735309600830078, -0.037246017456054686, -0.037016752047360324], "2:0:180:55:0": [-0.03624633789062501, -0.036166229248046876, -0.0370628396947838, -0.036728515625], "1:0:90:55:0": [-0.038992304205894474, -0.039484340959287, -0.038890917897224424, -0.040477974005029865], "1:0:180:55:0": [-0.03831754684448242, -0.03811797916889191, -0.038047691345988024, -0.03825028419494629], "0:0:270:55:0": [-0.03852725405531578, -0.038754210472106934, -0.03959932804107666, -0.038650379180908204], "0:0:180:55:0": [-0.038400974273681644, -0.03816268920898438, -0.03823245534816112, -0.03808334350585938], "0:0:90:55:0": [-0.03872077941894531, -0.03901275664567948, -0.03868031740188599, -0.03992519617080689], "0:0:0:55:0": [-0.043873023986816403, -0.024999999888241288, -0.04570323944091797, -0.04480025291442871], "0:1:0:55:0": [-0.036695985489327176, -0.036745910644531254, -0.036908950805664066, -0.036265869140625004], "0:1:90:55:0": [-0.036547546386718754, -0.03642166137695312, -0.03696937561035156, -0.0371271800994873], "0:1:180:55:0": [-0.037588272094726566, -0.036885795593261717, -0.03692373275756836, -0.03724592208862305], "0:2:180:55:0": [-0.03542953491210938, -0.03506946615726975, -0.03486572265625, -0.035107421875], "0:3:180:55:0": [-0.031757812499999996, -0.0325754557520395, -0.032421875, -0.032509765625], "0:4:180:55:0": [-0.027265625, -0.027479581533796954, -0.02921875, -0.028253726929669938], "0:5:180:55:0": [-0.024218750000000004, -0.02375, -0.005412619574986644, -0.0225], "0:6:180:55:0": [-0.0225, -0.021249999999999998, -0.0221875, -0.0246874999627471], "0:5:90:55:0": [-0.023125, -0.02140624998137355, -0.0175, -0.024375], "1:5:90:55:0": [-0.0175, -0.0175, -0.014472782408621187, -0.015], "1:5:0:55:0": [-0.02, -0.018750000000000003, -0.0175, 0.12162804564449037], "1:4:0:55:0": [0.010569811672545917, -0.03021484375, -0.025625000000000002, -0.0225], "1:4:270:55:0": [0.0033773550083928145, -0.0275, -0.02734375, -0.01], "1:4:180:55:0": [-0.022031250000000002, -0.01737770719844164, -0.021874999925494194, -0.021097959724683285], "1:3:180:55:0": [-0.03319192654176692, -0.029809875460887272, -0.030908203125000002, -0.0305859375], "1:2:180:55:0": [-0.03543310165405274, -0.0341668701171875, -0.03434036143314524, -0.03357967952933839], "1:1:180:55:0": [-0.037687093317508705, -0.036636152267456056, -0.036671142578124996, -0.03660540428944074], "0:1:270:55:0": [-0.03678161621093751, -0.0362042236328125, -0.036212158203125004, -0.036678009033203125], "3:1:90:55:0": [-0.033442382812500004, -0.03356689453125, -0.034658203125, -0.033350830078125004], "3:1:0:55:0": [-0.007413335542502102, -0.033087768554687494, -0.034102783203125, -0.033338623046875], "3:2:0:55:0": [0.027281300202648913, -0.0275, -0.029111328125000002, -0.028789062500000004], "3:2:90:55:0": [-0.031433871286033206, -0.029238281249999998, -0.02890625, -0.03056440349066179], "3:3:0:55:0": [0.088195976650562, -0.028913345232649594, -0.026953125, -0.029389038024819458], "5:2:90:55:0": [-0.026455590652765298, -0.028789062500000004, -0.023125, -0.023125], "5:2:0:55:0": [-0.027343750000000003, -0.03083984375, -0.0300390625, -0.02734375], "5:3:180:55:0": [-0.02609375, -0.023125, -0.02375, -0.0265625], "5:3:90:55:0": [-0.02625, -0.025, -0.02375, -0.0267724609375], "4:3:180:55:0": [-0.025937500000000002, -0.019632106222625914, -0.02210937486961484, -0.02375], "5:1:270:55:0": [-0.030839843750000005, -0.0328271484375, -0.032890625, -0.032695312500000004], "6:2:90:55:0": [-0.0290625, -0.02734375, -0.023593750000000004, -0.031113281250000003], "6:2:180:55:0": [-0.0303125, -0.028398437500000002, -0.030976562500000002, -0.02859375], "5:3:0:55:0": [-0.02450927725294605, -0.026943359375, -0.02375, -0.0275], "5:4:0:55:0": [-0.018750000000000003, -0.015, -0.0175, -0.018247226181678115],