{"1:0:0:55:0": [-0.087520751953125, -0.08778549194335938, -0.0947970199584961, 0.21297338642125357], "1:0:90:55:0": [-0.0878271484375, -0.08139459585576334, -0.08176055908203125, -0.08447547912597655], "1:0:180:55:0": [-0.08023437500000002, -0.07564208984375001, -0.07852905273437501, -0.08658691406249999], "1:1:180:55:0": [-0.07611938476562499, -0.06125, -0.0611328125, -0.06802734375], "1:1:90:55:0": [-0.06125, 0.18218398799591673, -0.06648437500000001, -0.062255859375], "0:0:90:55:0": [-0.08750000000000002, -0.08774497985839844, -0.08300527572631836, -0.0881700897216797], "0:0:0:55:0": [0.17622697150849986, -0.09199218749999999, -0.08784423828125, -0.08673683166503907], "0:0:270:55:0": [0.08737696561250322, -0.08523406982421877, -0.08758079528808593, -0.08665282249450684], "0:1:0:55:0": [-0.0705059814453125, -0.068740234375, -0.07189453125, 0.20703073703838482], "0:1:270:55:0": [0.2351915688074664, -0.06218750000000001, -0.0624444580078125, -0.058476562499999996], "0:2:0:55:0": [-0.056894531250000005, -0.058994140625000004, -0.062031249999999996, -0.05943359375], "0:3:0:55:0": [-0.04625, -0.05412109375, -0.04546875, -0.0428125], "0:4:0:55:0": [-0.0375, -0.03375, -0.04015625, -0.034999999999999996], "0:4:90:55:0": [-0.039999999999999994, 0.004160157276783139, -0.031875, -0.03375], "0:4:180:55:0": [-0.03, -0.02625, -0.033125, -0.036875], "0:3:180:55:0": [-0.05296875, -0.038125, -0.025413216663565663, -0.039531250000000004], "0:3:90:55:0": [-0.036875, -0.034531250000000006, -0.0328125, -0.0325], "0:4:270:55:0": [-0.034374999999999996, -0.029999999999999995, -0.034687499999999996, -0.03375], "0:5:180:55:0": [-0.0225, -0.02375, -0.031249999999999997, -0.02875], "0:5:270:55:0": [-0.02875, -0.02625, -0.03671875, -0.0225], "0:5:0:55:0": [-0.040625, -0.034375, -0.030937500000000003, -0.03375], "1:5:270:55:0": [0.2528419591362325, -0.02875, -0.043125, -0.015], "1:5:0:55:0": [-0.028124999999999997, -0.03890625, -0.035937500000000004, -0.026250000000000002], "1:6:0:55:0": [-0.029999999999999995, -0.034375, -0.0225, -0.024999999999999998], "1:6:270:55:0": [-0.019999999999999997, -0.018750000000000003, -0.024999999999999994, -0.019999999999999997], "2:6:270:55:0": [-0.015, -0.01, -0.01, -0.019999999999999997], "1:6:180:55:0": [0.029460489784058123, -0.0175, -0.01, -0.018750000000000003], "1:5:180:55:0": [-0.026875000000000003, -0.015, 0.16963146935217438, -0.0175], "1:4:180:55:0": [-0.039140625, -0.02875, 0.014031253467492392, -0.024999999999999998], "1:3:180:55:0": [-0.036718749999999994, -0.03546874999999999, -0.0355859375, -0.037958984375000004], "1:3:90:55:0": [-0.044062500000000004, -0.02484374970197678, -0.044804687499999996, -0.038320312499999995], "1:3:0:55:0": [-0.04046875, -0.041874999999999996, -0.03968750000000001, -0.03359375], "1:4:0:55:0": [-0.036875000000000005, -0.033593750000000006, 0.0033789072767831455, -0.031875], "1:4:270:55:0": [0.13449173915833906, -0.028749999999999998, -0.033125, -0.033125], "1:3:270:55:0": [0.08496363027981033, -0.03625, -0.0409375, -0.046103515624999994], "0:2:270:55:0": [-0.051171875, -0.05570312499999999, -0.059863281250000004, -0.057919921875], "1:1:270:55:0": [0.23795950396702287, -0.0559443917222979, -0.06375, -0.053203125000000004], "0:1:180:55:0": [-0.07827144622802734, -0.063115234375, -0.021936746201156807, -0.0628125], "0:0:180:55:0": [-0.08492179870605468, -0.079285888671875, -0.08091785430908204, -0.078095703125], "0:2:180:55:0": [-0.062333984375, -0.05199218750000001, -0.0540625, -0.0593359375], "1:2:270:55:0": [0.18519862764922018, -0.060263671875, -0.045, -0.045312500000000006], "1:2:180:55:0": [-0.04687500000000001, -0.045253906249999996, 0.045003204126803094, -0.048125], "1:2:90:55:0": [-0.047968750000000004, -0.0475, -0.027949064903932598, -0.055078125], "1:2:0:55:0": [-0.048203125, -0.0545703125, -0.049062499999999995, -0.03710754337000252], "1:1:0:55:0": [-0.06708984375, -0.06964096069335937, -0.0671435546875, 0.012901960652551787], "1:0:270:55:0": [0.19949861981565964, -0.0774560546875, -0.07726806640625, -0.07711181640625], "1:4:90:55:0": [-0.0225, 0.07095703364582732, -0.031875, -0.03375], "2:5:270:55:0": [0.20770114106627569, 0.12282823611497097, 0.20781793197112464, 0.03125000119209289], "2:5:0:55:0": [-0.01, 0.21740235222417592, -0.01, 0.3776712788512756], "2:5:180:55:0": [-0.015, -0.024999999999999998, 0.21177656364547157, 0.14054967416915323], "2:6:0:55:0": [-0.01, -0.01, -0.024999999999999998, -0.015], "2:6:90:55:0": [-0.019375000000000003, 0.05289062699303031, -0.024375, -0.018750000000000003], "1:6:90:55:0": [-0.0175, 0.004218750894069662, -0.0175, -0.019999999999999997], "2:6:180:55:0": [-0.019999999999999997, -0.019999999999999997, -0.015, -0.0315625], "0:5:90:55:0": [-0.029375000000000005, -0.03125, -0.031875, -0.033749999999999995], "1:5:90:55:0": [-0.0325, 0.1248995640718593, -0.02375, -0.030625], "0:6:0:55:0": [-0.029999999999999995, -0.035, -0.02625, -0.035], "0:6:270:55:0": [-0.018750000000000003, -0.030625000000000003, -0.0275, -0.029375], "0:6:90:55:0": [-0.019999999999999997, -0.025, -0.029999999999999995, -0.024999999999999994], "3:6:90:55:0": [0.006406250894069661, -0.033125, -0.02625, 0.11191597339357942], "4:6:90:55:0": [-0.015, -0.01, -0.0073046871554106494, 0], "5:6:90:55:0": [-0.01, 0, -0.02625, 0], "5:6:180:55:0": [0.006232911197876088, -0.019999999999999997, -0.015, -0.01], "5:5:180:55:0": [-0.0225, -0.0225, 0.10771282511159604, -0.015], "5:4:180:55:0": [-0.01, -0.015, -0.015, 0.00578125074505806], "5:3:180:55:0": [-0.019999999999999997, -0.0225, -0.016647023172538414, -0.0225], "5:3:270:55:0": [-0.035625, 0.038644655993196, -0.02375, -0.024999999999999998], "5:3:0:55:0": [0.026501538410744836, -0.0225, -0.02375, -0.0334375], "5:3:90:55:0": [0.11248921959747454, -0.011892828556769756, -0.019999999999999997, -0.03119628871325404], "4:3:90:55:0": [-0.0275, 0.06780024909807547, 0.05532446128908111, 0.189083428408712], "4:3:180:55:0": [-0.0013858013214485343, 0.10585961071447271, -0.015312499627470975, 0.11505657273397923], "4:3:270:55:0": [-0.02757079990347848, -0.026250000000000002, 0.004062501117587081, 0.09362648538525806], "4:3:0:55:0": [0.23249447919588606, 0.12988340284385733, 0.1093437023204598, 0.044838130680041915], "4:4:180:55:0": [0.012820436734182285, 0.20866219697914876, 0.16908871396921915, 0.09184037185220148], "3:3:90:55:0": [-0.015, -0.016015624469146134, 0.23590803764569637, -0.016874999701976777], "3:3:0:55:0": [0.2723009916855521, 0.027809911447432403, -0.02875, -0.028749999999999998], "3:4:0:55:0": [0.3601372119866692, 0.008046876126900315, -0.019999999999999997, 0.13104435320311947], "3:4:270:55:0": [0.18065619163651814, 0.17012939911481229, 0.33207559107536455, 0.1924930005239654], "3:3:180:55:0": [-0.03, 0.36195189850786513, 0.025761719958391036, 0.09995615590946666], "2:3:90:55:0": [-0.03804687500000001, 0.06695808674617185, -0.031249999999999997, -0.0275], "2:3:0:55:0": [0.3406258263660947, 0.04531250163912774, -0.026875000000000003, 0.07561577301681666], "2:4:0:55:0": [0.32287802952540745, 0.20625590645101555, -0.01, 0.09378285591226573], "2:4:270:55:0": [0.2697122424240469, -0.015, -0.015, 0.021949464121862557], "2:5:90:55:0": [-0.015, 0.22895172621496346, 0.13089684941610505, -0.015], "0:3:270:55:0": [0.019498407414298525, -0.037500000000000006, -0.0421875, -0.044161176387855224], "0:2:90:55:0": [-0.059375, -0.05565914122598315, -0.056523437499999996, -0.057421875], "2:1:270:55:0": [0.00011016760563139355, -0.058984375000000006, 0.20527105534129375, -0.070615234375], "2:1:180:55:0": [-0.0617236328125, -0.061909179687499996, -0.06203125, -0.05914062500000001], "2:1:90:55:0": [-0.0533203125, -0.0503515625, -0.058515625, 0.18597410551938354], "2:2:270:55:0": [-0.04310775699839724, -0.04906250000000001, 0.2891517248621199, -0.043437500000000004], "3:2:270:55:0": [0.01940703982669549, -0.0390625, -0.0415625, -0.029375000000000002], "3:2:180:55:0": [-0.0384375, 0.18962023204230363, -0.0391275019733439, -0.028437500000000004],