{"3:0:0:56:0": [0.0943276321787762, -0.008902708428574614, -0.008047629188122176, -0.0078308437207342], "3:0:270:55:0": [-0.024549977069563456, -0.025013566614731437, 0.05474008139075706, -0.024756544256141613], "4:0:270:55:0": [-0.025692482316134864, -0.018212499337113976, -0.025276641397823704, -0.026566207138268638], "5:0:270:55:0": [-0.022156455377331, -0.024033638508430436, -0.022122650604225018, -0.02258032969578], "5:0:180:55:0": [-0.02041953582, -0.018991563837400003, -0.019700528080880002, -0.020712511837200402], "5:1:180:55:0": [-0.0167050008658, -0.0170601344, -0.01768979533368, -0.017764342981538003], "5:2:180:55:0": [-0.014561541270660002, -0.012277740000000002, -0.013137178400000001, -0.013052967620000001], "5:3:180:55:0": [-0.009990240000000001, -0.011121360000000002, -0.0115820576, -0.009627322], "5:4:180:55:0": [-0.0096505284, -0.0081902, -0.008732199999999999, -0.010195298000000002], "5:4:90:55:0": [-0.0103495457122033, -0.01079718, -0.009547800000000002, -0.009685322000000003], "5:4:270:55:0": [-0.006054, -0.009690719738477934, -0.005980000000000001, -0.0085072], "4:4:270:55:0": [-0.007078, 0.016219388605448387, -0.0089322, -0.00562], "4:4:180:55:0": [-0.007638000000000001, -0.007080011992016792, -0.0077519999990463264, -0.007895999999046327], "4:4:90:55:0": [0.0031011093679768715, -0.010216219999904633, -0.00742, -0.005640000000000001], "6:4:90:55:0": [-0.009898666632489794, -0.007980000000000001, -0.0091322, -0.0080698], "6:4:0:55:0": [-0.007078, -0.0060202, -0.007603800000000001, -0.007478200000000001], "6:3:0:55:0": [-0.010694200000000001, -0.0118969644, -0.011687102, -0.01040098], "6:3:90:55:0": [-0.011474872180000002, -0.011078, -0.0096342, -0.012432556], "6:2:0:55:0": [-0.013427036000000002, -0.014880124718000001, -0.015943383842000003, -0.012806421800000002], "6:2:90:55:0": [-0.013839828710298664, -0.0137624882, -0.014946124220000002, -0.013488564000000001], "6:2:180:55:0": [-0.01371150335862, -0.012270482000000001, -0.012914522, -0.014199985220000003], "6:2:270:55:0": [-0.012973590220000001, -0.012093245760000001, -0.013499182, -0.011786156], "5:2:270:55:0": [-0.01269998, -0.011616738000000001, -0.012451202400000002, -0.01345703554], "6:1:0:55:0": [-0.01697897442, -0.015737502360000002, -0.016097217524, -0.0185003772622], "6:1:270:55:0": [-0.016620213300200002, -0.016323557680000003, -0.017128321538, -0.01647779102], "6:1:180:55:0": [-0.01632498314738, -0.016130535600000002, -0.017224812286, -0.0162284308678], "6:1:90:55:0": [-0.018483003194196, -0.018190200000000004, -0.016889908778000003, -0.01654803176], "5:1:90:55:0": [-0.01687347441138, -0.01792031824002, -0.018656826597142, -0.01879909580286], "5:1:0:55:0": [-0.01791047582994, -0.0189179796783422, -0.018141031417782, -0.017374223849340002], "5:1:270:55:0": [-0.0170264437374, -0.0170293479038, -0.018456463077438, -0.017500653404], "4:1:270:55:0": [-0.017950144334000002, -0.016561589090087023, -0.01809338145296, -0.018305356638000002], "4:1:180:55:0": [-0.01738378727038, -0.0181555047982, -0.017362408032820003, -0.018946529852577082], "4:0:180:55:0": [-0.021861997379999998, -0.0228503490267598, -0.023663438952542675, -0.022378825486033288], "4:0:0:55:0": [-0.032639078540981074, -0.0338696, -0.032098292797851896, -0.033082216926861266], "4:1:0:55:0": [-0.021918641921748735, -0.02305558264184827, -0.020858441433820003, -0.021110292835018002], "4:0:90:55:0": [-0.021560688722524098, -0.02574343583657174, -0.026373803964990023, -0.025337124604508605], "4:1:90:55:0": [-0.012194847477324754, -0.016761110472, -0.01723916039376, -0.019028347688075955], "4:2:180:55:0": [-0.013407029180000002, -0.0131770358, -0.012589820000000002, -0.012281689660843064], "4:2:270:55:0": [-0.010141102, -0.003311998499498799, -0.011749537000000003, -0.012145740200000001], "4:2:0:55:0": [-0.011609018263327471, -0.013007991482, -0.012467872413853135, -0.012951313243041771], "3:0:90:55:0": [-0.025734030852294587, -0.02559903343195067, -0.025170407478161592, 0.1018720823016865], "2:0:90:55:0": [-0.03621162559093844, 0.017721493676519432, -0.037301563041331524, -0.03835423116057889], "1:0:90:55:0": [-0.045388067814012154, -0.03688648519120557, -0.04350430121831758, -0.0443851554851842], "2:0:0:55:0": [-0.0444700520531449, -0.04465054802344272, -0.04105375947948078, -0.04451213523778688], "2:1:0:55:0": [-0.03110509850078229, -0.030620634597321488, -0.029832343130574115, -0.03008794958320484], "2:1:90:55:0": [-0.024495402964371044, -0.0002471775348309047, -0.020514891398017352, -0.020660921240420762], "1:1:90:55:0": [-0.030835080581558094, -0.02926715615775896, -0.031216541131810258, -0.02994664164228437], "1:1:0:55:0": [-0.03495354372156682, -0.03565862742885432, -0.034951448983005756, -0.034627117777138575], "1:0:0:55:0": [-0.05022486620987478, -0.05189551965062602, -0.05029353773344619, -0.049932033528221065], "1:2:0:55:0": [-0.023892542545660485, -0.023033567767295624, -0.023753641824926668, -0.024234070399454705], "1:1:270:55:0": [-0.03157259163742002, -0.03234356576520617, -0.030789544095656495, -0.03147897021810618], "0:1:270:55:0": [-0.03581267094873094, -0.03594821939940303, -0.038107047156483415, -0.03581963240288737], "0:1:0:55:0": [-0.04137847672517263, -0.04272101436154929, -0.041646350208305864, -0.04101294018504174], "0:0:0:55:0": [-0.05381472104622057, -0.05300860467443517, -0.05405020072626567, -0.05317761155357065], "0:0:90:55:0": [-0.04943284633291231, -0.049279803977113824, -0.04801243656963362, -0.048193272258506795], "0:1:90:55:0": [-0.03771160000000001, -0.03645320749075151, -0.03672972216209102, -0.038785562451051345], "0:1:180:55:0": [-0.03706853479181988, -0.036715508574251356, -0.03742195169862335, -0.03765220900103193], "1:1:180:55:0": [-0.03160740248480868, -0.031543630914398685, -0.031577037272836166, -0.030483673905668026], "1:0:180:55:0": [-0.039780000000000024, -0.038848195676740374, -0.0409074034425361, -0.03936955445510954], "1:0:270:55:0": [-0.04369311190634012, -0.04499994578195606, -0.0446458056990323, -0.04377001493158299], "0:0:270:55:0": [-0.04835268001118676, -0.047577840000000024, -0.047801110403233434, -0.04780318664521365], "0:0:180:55:0": [-0.044556013667073596, -0.043952097325871374, -0.04343091870481911, -0.04364671829723335], "2:1:270:55:0": [-0.024479859391783904, -0.02481656215852291, -0.026769293717321667, -0.02497493400274154], "2:0:180:55:0": [-0.030886142415630008, -0.030128314223913537, -0.030627590706346606, -0.032556490816782274], "5:0:90:55:0": [-0.020504564716640007, -0.0220168865209862, -0.021097958601736005, -0.022049875062577398], "3:0:180:55:0": [-0.023513457469109704, -0.02346767066479881, -0.023159452727192203, -0.023364422367223595], "3:1:180:55:0": [-0.016916126112167737, -0.01668705285181997, -0.017162176813991417, -0.016905559787364695], "3:1:270:55:0": [-0.01625811791662, -0.0160314226590202, 0.011634648150440479, -0.015604839679922752], "2:1:180:55:0": [-0.020471104962773604, -0.013177104447150577, -0.019915031746109948, -0.02080029471771445], "2:0:270:55:0": [-0.01772753270965844, -0.03693219827813933, -0.03662526106911969, -0.03698177707621095], "1:2:180:55:0": [-0.022892916606731095, -0.022092472524249646, -0.02244572974330415, -0.023106570286177325], "1:2:270:55:0": [-0.02126055516656239, -0.0250685136123818, -0.022179760792893254, -0.02170552727052765], "2:2:270:55:0": [0.0027882252081301104, -0.0122584382, -0.013996043869449401, -0.012284909816870334], "2:2:180:55:0": [-0.010046638000000002, 0.03513441923351235, -0.0079638, -0.01521516802], "2:2:0:55:0": [-0.016616503225044606, -0.018829239149703525, -0.00802234826172914, -0.017303052107849663], "2:3:0:55:0": [-0.010010009996720314, -0.0107822078, -0.009990285277443367, -0.009205843763438217], "2:3:90:55:0": [-0.0080130682, -0.009074200000000001, 0.013627859317486304, -0.0081902], "2:3:180:55:0": [-0.009883246162068895, 0.14515529537904737, -0.007148694732209474, -0.007782000000000001],