{"2:0:0:55:0": [-0.033688877196845796, -0.044505080580615225, -0.0433146371091319, -0.04319056034085065], "2:1:270:55:0": [-0.03281263112477504, -0.031069335937499998, -0.026815884914390957, -0.03423217773288343], "3:1:270:55:0": [-0.034554443359375, -0.033240444849036314, -0.03303981303080008, -0.026849546135511056], "1:1:270:55:0": [-0.03298791957094874, -0.034945068359375, -0.03546558380126953, -0.034250488281250005], "1:1:180:55:0": [-0.03661447048187256, -0.03575142860412598, -0.035751190185492304, -0.03630111694335937], "1:0:180:55:0": [-0.03908671587705612, -0.03903932051733, -0.03915184480564147, -0.03902354541115967], "1:0:90:55:0": [-0.03922058400698006, -0.03904159835703345, -0.03914345566183329, -0.040681902263311726], "1:0:0:55:0": [-0.05005921840667725, -0.0483929443359375, -0.0506106991390616, -0.04043461849010212], "2:0:90:55:0": [-0.03868861249880337, -0.03770963332083216, -0.03831294719880243, -0.0383545317551996], "3:0:90:55:0": [-0.03803733110414413, -0.03777560255805703, -0.03379694570571714, -0.039473631380373], "1:1:0:55:0": [-0.03556954383850097, -0.03697698593139649, -0.035806694030761727, -0.03605727318456659], "1:2:0:55:0": [-0.032128906250000006, -0.03366106033325195, -0.03323945934967536, -0.03176278551466749], "1:1:90:55:0": [-0.03596099853515625, -0.03481331143771402, -0.03536455154418945, -0.0356768798828125], "1:2:180:55:0": [-0.03541397094726562, -0.032744140625, -0.0332332707481629, -0.03323486328125], "1:2:270:55:0": [-0.027270902929991268, -0.031640625000000006, -0.031406250000000004, -0.029687500000000002], "1:2:90:55:0": [-0.034111328125, -0.028626059213635216, -0.033076171875000004, -0.031953125], "0:2:270:55:0": [-0.03297854504448565, -0.032880859375, -0.03466064453125001, -0.0348809814453125], "0:1:90:55:0": [-0.037163467407226564, -0.03697896876641285, -0.03640598297119141, -0.03713272094726563], "0:1:0:55:0": [-0.03706462860107422, -0.03896979197859764, -0.03794795989990234, -0.037380075454701685], "0:1:270:55:0": [-0.03624033252552609, -0.03699661254882813, -0.03654953002929688, -0.0374406361579895], "1:3:0:55:0": [-0.026606560361971482, -0.027812500000000004, -0.026979364376981806, -0.027721577819237193], "1:3:270:55:0": [-0.011090836775583705, -0.026875, -0.028565338300686388, -0.025625000000000002], "1:3:180:55:0": [-0.031254882812499996, -0.02706293099819959, -0.029166294892090806, -0.02734375], "1:3:90:55:0": [-0.024531250000000004, -0.02056199320521175, -0.025196323389955068, -0.024375], "2:3:90:55:0": [-0.0175, -0.025625000000000002, -0.018750000000000003, -0.018521413760087604], "2:3:0:55:0": [-0.021402458425256017, -0.01765502605790948, -0.01852495852483766, -0.0207323047141765], "2:3:270:55:0": [-0.02875, -0.026953125, 0.03678564332334862, -0.024375], "2:3:180:55:0": [-0.0225, -0.022984924164775294, -0.02125, -0.023125], "0:3:270:55:0": [-0.027875130695457405, -0.030156250000000002, -0.031328125, -0.031376953124999996], "0:3:180:55:0": [-0.03255859375, -0.032279052734375, -0.0318212890625, -0.031594238278921695], "0:3:90:55:0": [-0.028046875, -0.02828587495971959, -0.028789062499999997, -0.03072265625], "0:3:0:55:0": [-0.029296875, -0.030000000000000002, -0.029375000000000002, -0.03160155817460289], "0:2:0:55:0": [-0.034084777832031246, -0.035306091308593746, -0.0347210693359375, -0.03486328125], "0:4:0:55:0": [-0.024375, -0.028046875, -0.021875000000000002, -0.023125], "0:2:90:55:0": [-0.03466064453125, -0.03465698242176586, -0.03591293334960938, -0.0348321533203125], "0:2:180:55:0": [-0.03672507762908935, -0.03536045074462891, -0.0350048828125, -0.0359686279296875], "0:1:180:55:0": [-0.03814484434667975, -0.037413678169250494, -0.037649688720699716, -0.03737773895263672], "0:0:0:55:0": [-0.04552581787109375, -0.024999999888241288, -0.04686101035495712, -0.04532365426421166], "0:0:90:55:0": [-0.03894412159919739, -0.03918974581638217, -0.03901925419457257, -0.040614613325434576], "0:0:270:55:0": [-0.03898949325084415, -0.0391037299670279, -0.03886753450081007, -0.03904048992553726], "0:0:180:55:0": [-0.03854523420333862, -0.038571644597685126, -0.03961385726928711, -0.0387211138010025], "1:0:270:55:0": [-0.03819632067603235, -0.038858921192585064, -0.04063037929847023, -0.038850983395241206], "2:2:90:55:0": [-0.03390625, -0.029941406250000004, -0.030209960936626888, -0.00979729079466878], "2:2:0:55:0": [-0.01810622487121233, -0.0271875, -0.030878906249563444, -0.023297847451145232], "2:2:270:55:0": [-0.029986692794179464, -0.025390625, -0.010891426716533101, -0.0265625], "2:2:180:55:0": [-0.032117614743256126, -0.028305664020590485, -0.02741510567209509, -0.0318896484375], "3:2:270:55:0": [-0.029484651050013043, -0.026940652203853326, -0.02858747000630368, -0.0297265625], "4:2:270:55:0": [-0.031730263667070685, -0.032022958762918885, -0.03233184814136621, -0.030371220212348598], "2:4:180:55:0": [-0.02375, -0.015, -0.01799316387157887, -0.011207401382104874], "2:5:180:55:0": [-0.016953124925494195, -0.022468447034623, 0.0014857731261418011, 0.008228259393476333], "2:5:270:55:0": [-0.010723046592747391, -0.012244348871411534, -0.004587980935630532, -0.019298061632534814], "2:5:0:55:0": [-0.015, -0.007285063759616227, -0.00963255785440482, 0.04674644063314172], "2:5:90:55:0": [-0.002835567485107871, 0.0035874444328296094, -0.002893711919844036, -0.004165712281518078], "3:5:270:55:0": [-0.000503551685519011, -0.009002948721686246, 0.007163045864614456, -0.004499121457144116], "2:0:270:55:0": [-0.035530037489949325, -0.037791221141815184, -0.03758906173290912, -0.038371967076998886], "1:4:0:55:0": [-0.0234375, -0.02, -0.01771402106252961, -0.024374999925494197], "1:4:270:55:0": [0.009612124435995321, -0.0175, -0.0175, -0.0175], "0:4:270:55:0": [-0.018494825146540283, -0.0259375, -0.026562500000000003, -0.026328125], "0:5:0:55:0": [-0.02671875, -0.0175, -0.021875, -0.02012725822714856], "0:5:270:55:0": [0.04886596828349866, -0.0175, -0.0175, -0.0175], "2:4:270:55:0": [-0.0175, -0.015, -0.018959142975126807, -0.021367187388241293], "0:4:90:55:0": [-0.021249999999999998, -0.017501065947687557, -0.02, -0.024375], "0:4:180:55:0": [-0.0301953125, -0.028125, -0.02796875, -0.026410293559820275], "1:4:180:55:0": [-0.02890625, -0.0175, -0.020781249888241295, -0.016681136873157813], "1:5:180:55:0": [-0.0175, -0.021249999999999998, -0.021875000000000002, -0.021249999999999998], "1:6:180:55:0": [-0.02, -0.019375000000000003, -0.015, -0.029453125], "1:6:90:55:0": [-0.02484375, -0.02407493584607437, -0.022968750000000003, -0.025937500000000002], "1:6:270:55:0": [-0.0175, -0.019375000000000003, -0.0175, -0.020625], "2:6:270:55:0": [-0.019211425705070725, -0.02125, -0.015, -0.0175], "2:6:0:55:0": [-0.015, 0, -0.02344993584607437, -0.0175], "0:6:270:55:0": [-0.02125, -0.023125, -0.02578125, -0.02125], "0:6:180:55:0": [-0.023125, -0.021249999999999998, -0.02, -0.0225], "0:5:180:55:0": [-0.021249999999999998, -0.0225, -0.023125, -0.017631187365368915], "0:6:90:55:0": [-0.024531250000000004, -0.0265625, -0.025625000000000002, -0.024531249999999998], "1:5:270:55:0": [-0.012737424239027609, -0.018750000000000003, -0.02, -0.015], "0:5:90:55:0": [-0.023125, 0.06885025173061726, -0.0175, -0.020625], "1:5:90:55:0": [-0.015, -0.00427057776764285, -0.018750000000000003, -0.021249999999999998], "1:5:0:55:0": [-0.018750000000000003, -0.0175, -0.0225, -0.0225], "2:4:0:55:0": [-0.017991139625229968, -0.016449196581326514, -0.016956478151933845, -0.018380906533596815], "1:4:90:55:0": [-0.01, 0.011465927591833167, -0.019222793559820275, -0.0175], "3:4:270:55:0": [-0.0225, 0.010715485435648585, 0.041496764488719584, -0.018218994101771385], "4:4:270:55:0": [-0.021875, -0.015109818365910261, -0.02125, -0.0175], "2:4:90:55:0": [-0.009453124925494195, -0.0005006784604199791, -0.015, -0.009555725721424595], "3:4:90:55:0": [-0.015, -0.016551437302614432, 0.11082645715098163, -0.010393066176329738], "3:4:180:55:0": [0.00048175859643492976, 0.2158863784664962, -0.010473327340114339, -0.015],