{"4:0:0:56:0": [-0.024, 0.03377566279031377, -0.039360000000000006, 0], "4:1:0:55:0": [0.10693870156097363, 0.05269332612781785, 0.10260557641487544, -0.05549056000000001], "4:0:0:55:0": [-0.016401413407253596, 0.023259762339862725, -0.05426176, 0.2625984080702075], "4:1:90:55:0": [-0.058823729152, -0.03904, 0.09846680345268877, 0.10595245952666159], "5:1:90:55:0": [-0.03843072, -0.04812390400000001, 0.1933281293358507, -0.04925440000000001], "5:1:180:55:0": [-0.060608512, 0.2480625946923707, -0.052736000000000005, -0.039552000000000004], "5:1:270:55:0": [-0.0525824, -0.05515161600000001, -0.050176, -0.039045119999999996], "5:1:0:55:0": [-0.0389376, -0.0409856, -0.0352, -0.0511744], "5:2:0:55:0": [0.009325414272000017, -0.035199999999999995, -0.035712, -0.032768000000000005], "5:0:0:55:0": [-0.05360128, -0.06118399999999999, -0.05389312, -0.07192780800000001], "5:0:90:55:0": [-0.068365312, -0.06558982144, -0.054201344000000005, -0.043212799999999996], "4:0:90:55:0": [-0.06573240320000001, -0.0558923776, -0.0546766848, 0.1790466025773509], "4:0:180:55:0": [-0.0545024, 0.27489542375509646, -0.057404211200000006, -0.05462937600000001], "3:0:90:55:0": [-0.079021211648, -0.0597453881344, -0.059511023206400004, -0.08608702758912001], "3:0:0:55:0": [-0.083036695134208, -0.082152108032, -0.076370075648, 0.19462497928482228], "3:0:270:55:0": [0.32550920419016877, -0.059028439040000005, -0.05528878549788921, -0.0594352128], "4:0:270:55:0": [-0.06544384, -0.05805957120000001, -0.055704821759999995, 0.24733545909675594], "3:1:90:55:0": [-0.0543859195904, 0.2342382688115833, -0.039801856000000004, -0.051969024], "3:1:0:55:0": [-0.06671872, -0.0777699311616, -0.0551167557632, 0.10027873655583326], "3:1:270:55:0": [0.21182463023407302, -0.06926848, -0.0397312, -0.057605734400000004], "3:2:0:55:0": [-0.043008000000000005, -0.052188160000000004, -0.051665920000000004, -0.057583616], "4:1:270:55:0": [-0.058580172800000004, -0.052862976000000006, 0.10394366992130379, -0.039659520000000004], "4:1:180:55:0": [0.07895525941234323, 0.35492546140921033, 0.09288161930010022, 0.09992575929955758], "2:0:270:55:0": [0.2619467159185313, -0.08718735245312001, -0.08160072499200001, -0.08835620431462402], "2:0:0:55:0": [-0.07678185472, -0.07519999999999999, -0.08131073605632, 0.2099275587562123], "2:0:180:55:0": [-0.08691899564032, -0.07404084812185599, -0.08668236677120002, -0.09064021806284801], "2:0:90:55:0": [-0.07636553891839999, -0.078579859521536, -0.08404697251840001, -0.088605892608], "3:0:180:55:0": [-0.05565542400000001, -0.0399968354304, -0.040378943793548984, -0.0703143182336], "3:1:180:55:0": [-0.05830389760000001, -0.047660544, -0.048159744000000004, 0.19199219882327573], "1:0:270:55:0": [-0.08861565288448002, -0.1008193946386432, -0.072122810368, -0.07728851584286721], "0:0:270:55:0": [-0.08928522043392001, -0.10188369920000001, -0.10266205880320002, 0.037640136194352566], "1:0:0:55:0": [0.1214639611307697, -0.0947939328, -0.09655322542080001, -0.08825830981632], "1:0:90:55:0": [-0.09198563786752001, -0.08271604285440001, -0.07209537129676802, -0.09433236930560002], "3:3:0:55:0": [-0.03965952, -0.057932800000000007, -0.053120000000000014, 0.12389039704139121], "3:3:270:55:0": [0.13502873159462475, 0.11523359059237784, 0.12138048777530769, 0.2720272796860085], "2:3:270:55:0": [0.39305766421288096, 0.12211047720601814, -0.05842432, 0.10731815038452938], "2:3:180:55:0": [-0.04840960000000001, -0.032, 0.10649384809113008, -0.039148544], "2:4:180:55:0": [-0.028800000000000006, 0.38003200762939454, -0.019200000000000002, -0.016], "2:5:180:55:0": [-0.01984, -0.019200000000000002, 0.3288950675137634, -0.019200000000000002], "2:5:90:55:0": [-0.019200000000000002, 0.18656314504322707, 0.08026162272400003, -0.016], "2:5:0:55:0": [-0.01984, -0.028800000000000006, 0.3720185940125, -0.019200000000000002], "1:5:90:55:0": [-0.019200000000000002, -0.019200000000000002, -0.016, -0.016], "0:5:90:55:0": [0, -0.016, -0.019200000000000002, -0.03264], "0:5:0:55:0": [-0.03264, -0.016, -0.016, -0.01984], "0:4:0:55:0": [-0.032, -0.047360000000000006, -0.01984, -0.032], "0:4:90:55:0": [-0.016, -0.03264, 0, -0.035072000000000006], "1:4:90:55:0": [-0.016, -0.01984, -0.0507904, -0.019200000000000002], "1:4:180:55:0": [-0.045056000000000006, -0.0384256, -0.0486656, -0.035328000000000005], "1:4:270:55:0": [-0.032, -0.03264, -0.038272, -0.04989952], "0:4:270:55:0": [-0.032, -0.032, -0.032, -0.019200000000000002], "1:5:180:55:0": [-0.03264, -0.04288000000000001, -0.0224, -0.01984], "1:4:0:55:0": [0.01370873921690995, -0.048613376000000014, -0.032, -0.0384256], "1:6:180:55:0": [-0.037632, -0.0353536, -0.035199999999999995, -0.035328000000000005], "1:6:90:55:0": [-0.03593728, 0.125569147320523, -0.035199999999999995, -0.016], "0:6:90:55:0": [-0.035199999999999995, -0.032768000000000005, -0.03587072, -0.04560486400000001], "1:6:0:55:0": [0.042735924021137434, -0.016, -0.016, 0.13566563617033223], "0:6:180:55:0": [-0.035328000000000005, -0.03264, -0.032, -0.049868800000000005], "0:6:270:55:0": [0.0743223050264218, -0.048668159999942784, -0.032, -0.03456], "2:6:270:55:0": [0.1726124691448606, -0.03456000000000001, -0.032, -0.019200000000000002], "3:6:270:55:0": [0.16199067283468635, 0.1820071920382106, 0.13589486829307487, 0.16262695518947062], "3:6:180:55:0": [0.16154256638081177, 0.16924160468750005, 0.16609528224917422, 0.17472901071441113], "4:6:270:55:0": [0.13212165777920679, -0.016, -0.019968, 0.13880070502509312], "4:6:180:55:0": [0.14921375824227434, 0.15222920486797012, 0.13055480634296182, 0.14992963319692673], "3:0:0:56:0": [-0.07518720000000001, 0.08711535085959551, -0.07677906944000001, -0.07894582067200001], "2:1:90:55:0": [-0.0669390848, -0.056663841177600004, 0.0529112685799476, -0.065700864], "0:1:90:55:0": [-0.0703744, -0.06374420480000001, 0.054282721681004925, -0.07121630003200001], "1:1:180:55:0": [-0.05549768703999999, 0.3152169147905384, -0.061569024000000014, -0.05196800000000001], "1:0:180:55:0": [-0.075012180803584, 0.11894499209653295, -0.08284254208000001, -0.07298478080000001], "0:0:90:55:0": [-0.09159864320000001, -0.08754609874534401, -0.08818467504128, -0.1106424880796468], "0:0:180:55:0": [-0.0872460288, 0.024824947565650055, -0.08645573836800001, -0.09104547840000002], "0:0:0:55:0": [0.04406309627363317, -0.11812654923776, -0.10332980177141762, -0.10216196915200002], "0:1:0:55:0": [-0.08307994624000001, -0.089038184448, -0.007970957134176712, 0.011685942118602133], "0:2:0:55:0": [-0.0692543488, -0.073399304192, -0.06898475008, -0.072293384192], "0:2:270:55:0": [-0.06481920000000001, -0.0574210048, -0.055226941439999996, 0.20065128989091394], "0:2:90:55:0": [-0.054936576, -0.062305280000000005, 0.03694838487447436, -0.06964002816], "0:2:180:55:0": [0.034256700174381836, 0.252128417646116, -0.06516146176000001, 0.03765951186643315], "0:1:180:55:0": [0.02843174079992262, 0.14443197820710896, -0.06984902921804813, -0.057887539200000004], "1:1:270:55:0": [-0.07223808, -0.08445014507520002, -0.054963200000000004, 0.19244720300100568], "0:1:270:55:0": [-0.015080250812096803, -0.06796288, -0.07241420800000001, 0.01777691687457781], "2:1:270:55:0": [-0.055934976000000004, -0.07127240704000001, -0.068757504, -0.06584832000000002], "2:1:0:55:0": [-0.0674572795904, -0.07346192384000001, -0.0680957952, -0.06545920000000001], "0:3:180:55:0": [-0.03456000000000001, -0.032, 0.32843377279328645, 0.0337425579895432], "0:3:90:55:0": [-0.03965952, -0.05440512, -0.032793600000000006, 0.1674645688815376], "0:3:0:55:0": [-0.035328, -0.052397056, -0.0384256, 0.24848112439542572], "0:3:270:55:0": [0.35394140165777116, 0.07951608378028203, -0.035199999999999995, -0.03456000000000001], "1:3:270:55:0": [0.36055210534490895, 0.08287199732624606, 0.10034395734098162, 0.09699541144964872], "2:3:90:55:0": [-0.05809254400000001, -0.05580718080000001, -0.048512000000000007, -0.0353536], "1:3:90:55:0": [-0.03987968, -0.051450880000000004, 0.02957676258928072, 0.08666385468904089],