{"0:0:0:56:0": [-0.009999999776482582, -0.009999999776482582, 0, 0], "0:0:0:55:0": [-0.11, -0.08671006864102089, 0, 0], "0:2:0:55:0": [-0.11, 0, 0, 0], "0:3:0:55:0": [-0.11, 0, 0, 0], "0:4:0:55:0": [-0.11, 0, 0, 0], "0:5:0:55:0": [-0.11, 0, 0, 0], "0:6:0:55:0": [-0.06968940355048617, 0, 0, 0], "0:6:90:55:0": [-0.06959266947306461, 0, -0.11, 0], "0:6:180:55:0": [0, 0, -0.11, 0], "0:5:180:55:0": [-0.11, 0, 0, 0], "0:4:180:55:0": [-0.11, 0, 0, 0], "0:3:180:55:0": [-0.11, 0, 0, 0], "0:2:180:55:0": [-0.11, 0, 0, 0], "0:1:180:55:0": [-0.11, -0.10999999996250649, 0, 0], "0:0:180:55:0": [-0.06785181664400453, 0, 0, 0], "1:0:0:55:0": [-0.13, -0.07233675053971085, 0, 0], "1:2:0:55:0": [-0.09166666666666667, 0, 0, 0], "1:4:0:55:0": [-0.11, 0, 0, 0], "1:5:0:55:0": [-0.11, 0, 0, 0], "1:6:0:55:0": [-0.08447528795505864, 0, 0, 0], "2:0:0:55:0": [-0.009999999776482582, 0, 0, 0], "2:1:0:55:0": [-0.11, 0, 0, 0], "2:2:0:55:0": [-0.11, 0, 0, 0], "2:3:0:55:0": [-0.11, 0, 0, 0], "2:4:0:55:0": [-0.11, 0, 0, 0], "2:5:0:55:0": [-0.11, 0, 0, 0], "2:6:0:55:0": [-0.08447528795505864, 0, 0, 0], "3:0:0:56:0": [-0.009999999776482582, 0, 0, 0], "3:1:0:55:0": [-0.12, 0, 0, 0], "3:2:0:55:0": [-0.11, 0, 0, 0], "3:3:0:55:0": [-0.11, 0, 0, 0], "3:4:0:55:0": [-0.11, 0, 0, 0], "3:5:0:55:0": [-0.11, 0, 0, 0], "3:6:0:55:0": [-0.08447528795505864, 0, 0, 0], "3:0:0:55:0": [-0.009999999776482582, -0.07233675053971085, 0, 0], "4:0:0:56:0": [-0.009999999776482582, 0, 0, 0], "4:1:0:55:0": [-0.11, 0, 0, 0], "4:2:0:55:0": [-0.11, 0, 0, 0], "4:3:0:55:0": [-0.11, 0, 0, 0], "4:4:0:55:0": [-0.11, 0, 0, 0], "4:5:0:55:0": [-0.11, 0, 0, 0], "4:6:0:55:0": [-0.08447528795505864, 0, 0, 0], "4:0:0:55:0": [-0.11, -0.07233675053971085, 0, 0], "2:0:0:56:0": [-0.009999999776482582, 0, 0, 0], "1:0:0:56:0": [-0.009999999776482582, 0, 0, 0], "1:1:0:55:0": [-0.11, 0, 0, 0], "1:3:0:55:0": [-0.11, 0, 0, 0]}