{"2:0:0:55:0": [0.04900000095367432, 0, 0, 0], "2:1:0:55:0": [-0.10998407320891153, 0, 0, 0], "2:2:0:55:0": [-0.10998230356545725, 0, -0.08458134171671002, 0], "2:3:0:55:0": [-0.06837360749968813, -0.10980033218889845, -0.10983826907300775, -0.06097057076387423], "2:3:90:55:0": [0, 0, -0.05448737194614033, -0.07125795110000001], "2:4:0:55:0": [-0.08240340644486456, 0, -0.02, 0], "2:4:90:55:0": [-0.10996300115149656, 0, -0.10997003093271222, 0], "3:4:90:55:0": [0, -0.08247112034325148, 0, 0], "4:4:90:55:0": [0, -0.10995432240925498, 0, 0], "4:4:180:55:0": [0, 0, -0.10994924712139442, 0], "4:3:180:55:0": [-0.10994360791266046, 0, 0, 0], "4:3:270:55:0": [0, 0, -0.10993734212517828, 0], "3:3:270:55:0": [0, -0.10993038013908697, 0, -0.10989388833880041], "3:3:0:55:0": [0, -0.10990449950492037, -0.10992264459898551, 0], "3:4:0:55:0": [-0.10991404955442834, 0, 0, 0], "2:3:270:55:0": [0, -0.10988209815422267, -0.10985444216570699, -0.10977814687655384], "2:3:180:55:0": [-0.044390000000000006, 0, -0.04721098899750001, -0.1098689979491363], "1:3:270:55:0": [-0.077203308763588, -0.10975349652950425, -0.10969567472778301, -0.10353891811077337], "1:3:180:55:0": [0, 0, 0, -0.10972610725500472], "1:3:0:55:0": [0, 0, -0.07311078362799611, 0], "1:3:90:55:0": [0, 0, -0.1096242897873864, 0], "0:3:90:55:0": [-0.08216371616772239, 0, 0, -0.10912720364319127], "0:3:180:55:0": [-0.10921448327887215, -0.08128828693886594, -0.08188626875492326, -0.1057608841724784], "0:4:180:55:0": [-0.10929303495098494, -0.1094273583102978, 0, 0], "0:5:180:55:0": [0, -0.10936373145588645, 0, 0], "0:2:180:55:0": [-0.07627630422646306, 0, -0.1074968444950068, -0.10835767967317397], "0:2:270:55:0": [0, 0, -0.10852191170585658, 0], "0:2:90:55:0": [0, 0, 0, -0.08054614806415808], "0:2:0:55:0": [0, 0, 0, -0.10690968456173677], "0:3:0:55:0": [-0.10656631617970752, 0, 0, 0], "0:3:270:55:0": [0, -0.10282102012308152, -0.10528987130275379, -0.10618479575523057], "1:2:0:55:0": [0, -0.10015229097816392, 0, -0.0978423345409431], "1:2:90:55:0": [0, 0, -0.09905810108684879, 0], "1:2:270:55:0": [0, 0, 0, -0.09649148282327011], "2:2:270:55:0": [-0.09499053647030012, -0.08712320754503902, -0.0914697981114816, 0], "2:2:180:55:0": [0, 0, 0, -0.09332281830033345], "3:2:270:55:0": [-0.08941088679053512, 0, 0, 0], "2:4:180:55:0": [0, -0.03128775, 0, 0], "2:4:270:55:0": [0, 0, -0.029000000000000005, 0]}