{"0:0:0:227:0": [0.12406249999999998, 0.10722656249999997, 0.13980468749999997, 0.26812499999999995], "0:0:90:227:0": [0.09703124999999997, 0.011249999999999996, 0.19414062499999996, 0.20914062499999994], "-1:0:90:227:0": [-0.00875, 0, 0, 0], "-2:0:90:227:0": [-0.005, -0.005, 0, -0.0075], "-3:0:90:227:0": [0, 0, -0.005, -0.005], "-3:0:0:227:0": [0, -0.005, -0.005, 0], "-3:0:180:227:0": [0, -0.005, -0.005, 0], "-3:0:270:227:0": [-0.005, -0.005, 0, 0], "-4:0:270:227:0": [0, -0.005, 0, 0], "-5:0:270:227:0": [0, -0.005, 0, -0.005], "-5:0:180:227:0": [0, -0.005, 0, 0], "-5:1:180:227:0": [0, 0, -0.005, 0], "-5:1:270:227:0": [0, -0.005, 0, 0], "-6:1:270:227:0": [0, 0, -0.005, 0], "-6:1:0:227:0": [0, -0.005, 0, 0], "-6:0:0:227:0": [0, 0, 0, -0.005], "-6:0:270:227:0": [-0.005, -0.005, 0, 0], "-7:0:270:227:0": [0, 0, -0.005, -0.005], "-7:0:180:227:0": [0, 0, -0.005, 0], "-7:0:0:227:0": [-0.005, -0.0075, -0.005, 0], "-7:0:90:227:0": [0.245, 0, 0, 0], "-8:0:90:227:0": [-0.005, 0, 0, 0], "-9:0:90:227:0": [-0.005, 0, 0, 0], "-10:0:90:227:0": [-0.005, 0, 0, -0.005], "-10:0:0:227:0": [-0.005, 0, -0.005, 0], "-11:0:90:227:0": [-0.005, 0, -0.005, 0], "-11:0:180:227:0": [0, 0, 0, -0.005], "-12:0:90:227:0": [0, 0, -0.00875, 0], "-12:0:180:227:0": [0, -0.005, 0, -0.0075], "-12:1:180:227:0": [0, 0, -0.005, 0], "-12:1:270:227:0": [0, -0.005, 0, 0], "-13:1:270:227:0": [0, -0.005, 0, 0], "-14:1:270:227:0": [0, 0, -0.005, -0.005], "-14:1:0:227:0": [0, 0, 0, -0.005], "-14:1:180:227:0": [-0.005, 0, 0, 0], "-14:0:180:227:0": [-0.005, 0, 0, -0.005], "-14:0:90:227:0": [0, -0.005, 0, 0], "-13:0:90:227:0": [0, 0, 0, -0.00875], "-13:0:0:227:0": [-0.005, 0, -0.0075, -0.005], "-13:1:0:227:0": [0, -0.005, 0, 0], "-13:0:270:227:0": [0, -0.005, 0, 0], "-14:0:270:227:0": [0, 0, 0, -0.005], "-14:0:180:226:0": [-0.0075, -0.005, -0.005, 0], "-14:0:270:226:0": [0, 0, -0.5049999952316284, 0], "0:0:270:227:0": [0.3359375, 0, 0.20476562499999995, 0.1646875], "1:0:270:227:0": [0.17875, 0.23562499999999997, 0.051250000000000004, 0], "2:0:270:227:0": [-0.005, 0, 0, -0.00875], "2:0:180:227:0": [0.11624999999999999, 0, 0, -0.0075], "2:0:90:227:0": [-0.005, 0, -0.005, 0], "2:-1:180:227:0": [0, 0, -0.00875, 0], "2:-1:270:227:0": [-0.005, 0, -0.0075, -0.005], "2:-1:0:227:0": [-0.005, -0.0075, -0.005, 0], "2:0:0:227:0": [0, -0.005, 0, 0], "2:-2:0:227:0": [-0.005, -0.005, 0, 0], "2:-1:90:227:0": [-0.005, 0, 0, 0], "1:-1:90:227:0": [-0.005, 0, 0, 0], "0:-1:90:227:0": [-0.0075, 0, -0.0075, -0.00875], "0:-1:0:227:0": [0, -0.005, -0.009375000000000001, 0], "0:-2:0:227:0": [-0.005, 0, 0, 0], "-1:-1:90:227:0": [0, 0, 0, -0.005], "-1:-1:0:227:0": [0, -0.005, 0, 0], "-1:-2:0:227:0": [0, 0, -0.005, 0], "-1:-2:90:227:0": [-0.005, 0, 0, 0], "-2:-2:90:227:0": [-0.005, 0, -0.005, 0], "-3:-2:90:227:0": [0, 0, -0.005, 0], "-3:-2:180:227:0": [-0.005, 0, -0.005, 0], "-3:-2:270:227:0": [-0.005, 0, 0, -0.005], "-2:-2:270:227:0": [0, -0.005, 0, -0.0075], "-2:-2:180:227:0": [0, 0, -0.0075, -0.005], "-3:-3:180:227:0": [0, 0, 0, -0.005], "-3:-3:90:227:0": [0, 0, 0, -0.005], "-3:-3:0:227:0": [0, 0, 0, -0.005], "-3:-3:270:227:0": [0, -0.005, 0, 0], "-4:-3:270:227:0": [0, -0.005, -0.005, -0.0075], "-5:-3:270:227:0": [-0.005, 0, 0, 0], "-4:-3:180:227:0": [0, -0.005, -0.005, 0], "-4:-2:180:227:0": [0, 0, -0.005, 0], "-4:-2:270:227:0": [0, 0, -0.005, 0], "-4:-2:0:227:0": [0, -0.005, 0, 0], "-4:-3:0:227:0": [0, -0.0075, 0, -0.005], "-4:-4:0:227:0": [-0.005, 0, -0.005, 0], "-4:-4:90:227:0": [-0.005, 0, -0.005, 0], "-5:-4:90:227:0": [0, -0.005, 0, 0], "-4:-4:180:227:0": [-0.005, 0, 0, 0], "-4:-5:180:227:0": [0, 0, -0.005, 0], "-4:-5:270:227:0": [-0.5049999952316284, 0, 0, 0], "1:0:0:227:0": [0, 0, -0.005, 0.1175], "1:0:90:227:0": [-0.0075, 0, 0, 0], "0:0:180:227:0": [0.05749999999999999, -0.0075, 0.27499999999999997, 0.07507812499999997], "0:1:180:227:0": [0, -0.0075, -0.005, 0], "0:2:180:227:0": [-0.005, -0.005, 0, 0], "0:3:180:227:0": [0, 0, 0, -0.005], "0:3:90:227:0": [0, -0.005, 0, 0], "1:3:90:227:0": [0, 0, -0.005, 0], "1:3:180:227:0": [0, -0.005, 0, 0], "1:4:180:227:0": [0, -0.005, 0, 0], "1:5:180:227:0": [0, 0, 0, -0.005], "1:5:90:227:0": [-0.005, 0, 0, -0.005], "0:5:90:227:0": [0, -0.005, 0, -0.005], "0:5:0:227:0": [-0.005, 0, 0, -0.005], "0:5:270:227:0": [0, -0.005, -0.005, -0.005], "0:5:180:227:0": [0, 0, 0, -0.005], "1:5:0:227:0": [0, -0.005, 0, -0.005], "1:4:0:227:0": [-0.005, 0, 0, 0], "1:5:270:227:0": [0, -0.005, 0, 0], "0:6:0:227:0": [-0.005, 0, 0, -0.005], "0:6:270:227:0": [0, -0.005, 0, -0.0075], "0:6:180:227:0": [0, 0, -0.005, -0.005], "-1:6:270:227:0": [-0.005, 0, 0, 0], "0:6:90:227:0": [0, 0, 0, -0.005], "0:7:0:227:0": [0, 0, -0.0075, 0], "0:7:90:227:0": [-0.009375000000000001, 0, 0, -0.005], "-1:7:90:227:0": [-0.005, -0.00875, 0, -0.005], "-2:7:90:227:0": [0, -0.005, 0, 0], "-1:7:0:227:0": [0, 0, 0, -0.005], "-1:7:270:227:0": [-0.005, 0, 0, 0], "0:7:270:227:0": [-0.005, 0, 0, 0], "0:7:270:226:0": [0, 0, -0.005, 0], "0:7:0:226:0": [0, 0, -0.005, 0], "0:7:90:226:0": [0, 0.24, -0.5049999952316284, 0], "3:0:270:227:0": [0, -0.005, 0, 0], "0:1:0:227:0": [-0.005, 0, -0.005, 0], "0:1:90:227:0": [-0.005, -0.005, -0.005, -0.005], "0:1:270:227:0": [-0.005, -0.005, 0, 0], "1:1:270:227:0": [-0.005, 0, 0, 0], "2:1:270:227:0": [0, 0, -0.005, -0.005], "2:1:180:227:0": [0, 0, -0.005, 0], "2:1:0:227:0": [0, 0, -0.005, 0], "2:1:90:227:0": [-0.005, 0, 0, 0], "1:1:90:227:0": [-0.005, 0, 0, 0], "0:2:0:227:0": [0, 0, -0.0075, 0], "0:2:90:227:0": [-0.0075, 0, 0, -0.005], "-1:2:90:227:0": [-0.005, 0, 0, 0], "-2:2:90:227:0": [0, 0, -0.005, -0.005], "-2:2:180:227:0": [-0.005, 0, 0, -0.005], "-2:1:180:227:0": [-0.005, -0.005, 0, -0.005], "-2:2:0:227:0": [-0.005, 0, 0, 0], "-2:3:0:227:0": [-0.005, 0, 0, 0], "-2:4:0:227:0": [0, 0, 0, -0.005], "-2:4:270:227:0": [0, 0, 0, -0.005], "-2:4:180:227:0": [0, 0, 0, -0.005], "-2:4:90:227:0": [0.245, 0, 0, 0], "-3:4:90:227:0": [-0.005, 0, 0, 0], "-4:4:90:227:0": [-0.005, 0, 0, 0], "-5:4:90:227:0": [0, 0, 0, -0.005], "-5:4:0:227:0": [-0.005, 0, 0, 0], "-5:5:0:227:0": [0, 0, 0, -0.005], "-5:5:270:227:0": [0, -0.005, 0, 0], "-6:5:270:227:0": [0, 0, 0, -0.005], "-6:5:180:227:0": [0, -0.0075, 0, -0.005], "-6:5:90:227:0": [0, 0, -0.005, 0], "-6:6:180:227:0": [-0.005, -0.005, 0, 0], "-6:7:180:227:0": [0, 0, 0, -0.005], "-2:0:0:227:0": [-0.005, 0, -0.005, 0], "-2:1:0:227:0": [0, 0, 0, -0.005], "-2:1:270:227:0": [-0.005, 0, 0, 0], "-1:1:270:227:0": [-0.005, 0, -0.005, 0], "-1:1:0:227:0": [0, -0.005, 0, 0], "-1:0:0:227:0": [0, 0, 0, -0.0075], "-1:0:270:227:0": [0.15468749999999998, -0.00875, -0.005, -0.0075], "-2:0:270:227:0": [-0.00875, -0.005, 0, -0.0075], "-2:0:180:227:0": [0, -0.005, -0.0075, 0], "-2:1:90:227:0": [0, 0, -0.005, 0], "-1:0:180:227:0": [-0.00875, -0.005, -0.0075, 0], "-1:-1:180:227:0": [0, -0.0075, 0, 0], "2:-3:0:227:0": [0, -0.005, 0, 0], "2:-4:0:227:0": [0, 0, 0, 0.0], "0:-1:180:227:0": [-0.005, 0.13249999999999998, -0.005, -0.005], "0:-1:270:227:0": [-0.005, 0, 0, 0], "1:-1:270:227:0": [-0.005, 0, 0, 0], "3:-1:270:227:0": [-0.005, 0, 0, 0], "4:-1:270:227:0": [0, 0, -0.005, 0], "4:-1:0:227:0": [-0.005, -0.005, 0, 0], "4:0:0:227:0": [0, -0.005, 0, 0], "4:-2:0:227:0": [0, -0.005, 0, 0], "4:-3:0:227:0": [0, -0.005, 0, 0], "4:-4:0:227:0": [0, -0.0075, 0, 0], "4:-5:0:227:0": [-0.005, -0.009375000000000001, 0, -0.00875], "4:-5:270:227:0": [0, 0, -0.00875, 0], "4:-6:0:227:0": [-0.0075, -0.005, -0.0075, -0.005], "4:-6:270:227:0": [0, 0, -0.005, 0], "4:-6:90:227:0": [0, 0, -0.0075, -0.005], "4:-6:180:227:0": [0, -0.005, 0, -0.005], "4:-5:180:227:0": [0, 0, 0, -0.005], "4:-5:90:227:0": [0, 0, 0, -0.005], "4:-7:0:227:0": [0, 0, 0, -0.005], "4:-7:270:227:0": [-0.0075, 0, 0, 0], "5:-7:270:227:0": [0, -0.005, -0.005, 0], "5:-7:0:227:0": [-0.005, 0, 0, 0], "5:-6:0:227:0": [-0.005, 0, 0, 0], "5:-5:0:227:0": [-0.005, 0, -0.005, 0], "5:-5:90:227:0": [0, 0, 0, -0.005], "5:-4:0:227:0": [0, 0, -0.005, -0.005], "5:-4:270:227:0": [0, 0, -0.005, 0], "5:-4:90:227:0": [-0.0075, 0, 0, 0],