{"3:0:0:55:0": [0.0, -0.0001, -0.00039501, -0.00029699999999999996], "4:0:270:55:0": [0.0, -0.0001, 0.0, 0], "4:0:0:55:0": [-0.00039303, -0.0003, -0.00019999000000000001, -0.00019801], "5:1:0:55:0": [0, -0.0004, 0.0, -0.00039602990000000003], "5:2:270:55:0": [-0.0004980000000000001, -0.000199, -0.0007542682549019551, -0.000686149301], "4:2:180:55:0": [0, 0.0, 0.0, 0.0], "4:2:90:55:0": [0, 0, -0.00039602, -0.0001], "5:2:0:55:0": [0.0, -0.000399, -0.0003, -0.0001], "6:2:90:55:0": [0.0, -0.0006900897, 0.0, -0.00029602000000000003], "5:2:90:55:0": [-0.0004930399, 0, 0, 0.0], "5:5:270:55:0": [0, 0.0, 0, 0], "3:1:90:55:0": [-0.00039502, 0, -0.0001, -0.00019800000000000002], "1:0:270:55:0": [0.0, -0.00029699999999999996, -9.900000000000001e-05, -0.0007930200000000001], "1:0:90:55:0": [-0.0001, -0.0002, -0.000487178803, 0.0], "0:0:180:55:0": [-0.000299, -9.900000000000001e-05, -0.0001, 0], "1:2:180:55:0": [-0.000785188803, 0.0, 0, 0], "4:2:270:55:0": [0.0, -0.000199, -0.000199, 0], "4:2:0:55:0": [0, -0.0001, -0.000199, -0.000199], "5:1:270:55:0": [-0.0005802878079900001, 0, 0, 0.0], "5:0:180:55:0": [0, -0.00039008969999999995, 0.0, -0.0005851593009999999], "5:1:180:55:0": [-0.0003, 0.0, -0.00019800000000000002, -0.0002], "5:1:90:55:0": [-0.0002, -0.0001, 0, -0.00019800000000000002], "6:0:0:55:0": [-0.000491109401, -0.00030000000000000003, -0.00048517900199999996, -0.0005881783089800001], "6:2:0:55:0": [-0.0001, -0.000301, -0.0001, 0], "6:3:180:55:0": [-0.00029403, -0.000199, -0.0005803759249201, -0.0001], "6:2:180:55:0": [-0.000399, 0.0, -0.0001, -0.0006930200000000001], "5:3:270:55:0": [0, 0, 0, -0.0004980000000000001], "5:3:180:55:0": [-0.00039406969999999995, -0.0001, -0.00039999999999999996, -0.00019801], "3:3:90:55:0": [0, -0.000199, -0.0001, 0.0], "4:3:90:55:0": [0, 0, -0.000199, 0], "6:1:180:55:0": [-9.900000000000001e-05, -0.0001, -0.00049104, 0.0], "6:1:0:55:0": [-0.0002, -0.00019701, -0.00029602, -0.00038916860599000005], "6:1:270:55:0": [-0.0003, -0.00049303, -0.0001, -0.0004930299000000001], "6:1:90:55:0": [0, -0.0001019701, -0.0001, -0.000199], "4:1:270:55:0": [-0.0001, 0, 0.0, 0.0], "4:1:0:55:0": [-0.0003, -0.000199, 0, -9.9e-07], "5:0:90:55:0": [0, 0, -0.000199, -0.0001], "6:0:270:55:0": [-0.0001, -0.000199, -0.0003, -0.0003], "6:0:180:55:0": [-0.0002, -0.0007706226508103, -0.00049501, -0.0001], "4:1:180:55:0": [0, 0, 0, -0.0003], "5:4:180:55:0": [0, -0.0001, 0, 0], "5:6:180:55:0": [0, -0.000399, -0.000298, -9.801e-05], "5:6:270:55:0": [0, 0, 0, -0.0001], "6:6:90:55:0": [-9.900000000000001e-05, 0, -0.0002, 0], "6:6:0:55:0": [-0.0002, 0.0, -0.0001, 0], "6:5:90:55:0": [0.0, -0.0005969999999999999, 0.0, 0], "6:5:180:55:0": [-0.00019800000000000002, -0.00029699999999999996, -0.0003, 0], "6:4:180:55:0": [-0.0001, -0.0001, 0, 0], "6:5:270:55:0": [0, -0.0001, -0.0003, 0], "6:4:0:55:0": [0.0, -0.0001, -0.00029403, -0.0001], "6:3:270:55:0": [-0.0001, 0, 0, -0.0003], "6:3:0:55:0": [-0.00039999999999999996, -0.0005890798, -0.00059301, -0.0003], "6:4:270:55:0": [-0.00049701, -0.0006920299999999999, -0.00019800000000000002, 0.0], "5:4:270:55:0": [0.0, -0.00019602, -0.00029699999999999996, 0.0], "5:3:0:55:0": [-0.0001, -0.000298, 0, 0.0], "5:3:90:55:0": [0, -0.00020098999999999998, 0.0, 0], "6:3:90:55:0": [-0.00019899010000000002, -0.00039701, -0.00039798009999999996, -9.900000000000001e-05], "5:0:0:55:0": [0, -0.0001, -0.000399, -0.0001], "6:0:90:55:0": [0, -0.00029999000000000003, -0.0001, -0.00057934711198], "6:2:270:55:0": [-0.0001989901, 0, -0.00019800000000000002, 0], "6:6:180:55:0": [-0.0002970299, -1.0000000000000002e-06, 0, 0], "6:4:90:55:0": [-0.0001, 0.0, 0, -0.00019800000000000002], "4:0:90:55:0": [-0.0003, 0, 0, 0], "5:0:270:55:0": [-0.00039899, 0, -0.000201, -0.0001], "6:5:0:55:0": [0, -0.00029602000000000003, -0.0001, -0.0001], "4:4:270:55:0": [0.0, 0, 0, 0], "4:4:0:55:0": [0, 0, 0, 0]}