
{"4:1:0:46:45": [-0.1615999984741211, -0.8079999923706055, -0.016383999938964843, 0, -0.011151359999999999, -0.8079999923706055, -0.009600000000000001], "4:1:0:46:90": [-0.8079999923706055, -0.8079999923706055, -0.009600000000000001, -0.009600000000000001, -0.00992, -0.009600000000000001, -0.008], "4:1:90:46:90": [0, 0.0, -0.008, -0.01536, 0, -0.8095999923706055, -0.009600000000000001], "4:1:90:46:45": [-0.008, -0.8079999923706055, 0, 0, -0.009600000000000001, 0, -0.008], "4:1:270:46:90": [0, -0.008, -0.013760000000000001, 0, 0, -0.008, 0], "4:1:270:46:45": [0, 0, -0.008, -0.008, 0, 0, 0], "4:1:180:46:45": [0, 0, 0, 0, 0, -0.008, 0], "4:1:180:46:0": [-0.8079999923706055, 0, 0, 0, 0, 0, 0], "3:1:270:46:90": [0, -0.008, 0, 0, 0, 0, 0], "2:1:270:46:90": [0, 0, 0, 0, 0, -0.008, 0], "2:1:270:46:45": [-0.008, 0, 0, 0, 0, 0, 0], "3:1:270:46:45": [-0.008, 0, 0, 0, 0, 0, 0], "4:1:180:46:90": [0, 0, -0.008, 0, 0, 0, 0], "3:1:90:46:45": [0, -0.008, 0, 0, 0, 0, 0]}
