{"4:0:0:55:0": [-0.042971822718976, 0.1169858282982684, -0.0351332299046912, -0.030143930400768], "4:0:180:55:0": [-0.022707535747000004, -0.0034065174739210217, -0.016396800000000003, -0.026019758080000004], "5:1:270:55:0": [0.017205611864007684, 0.03514118384256002, 0.03576256781154171, 0.014153281740481338], "5:0:270:55:0": [-0.030427037695999998, 0.05413414386127657, -0.02598719488, -0.025955758080000002], "6:0:90:55:0": [-0.006925979290369602, -0.017568477686720572, -0.011535832488345596, 0.001979769458612446], "6:0:270:55:0": [0.03143420720268812, 0.05466240927578196, -0.027535769599999996, -0.02592], "6:0:180:55:0": [-0.016396800000000003, 0.05146756036681324, -0.0112768, 0.05109559134989116], "6:1:0:55:0": [-0.014336, 0.0028159585312223217, 0.033252908053846016, 0.03801570820670955], "6:0:0:55:0": [0.03380023352095047, -0.0008043139880359838, -0.0023209920924225193, -0.0277037056], "5:0:0:55:0": [0.06060415667480798, -0.027673595904000002, 0.1137638531962742, -0.0212136517632], "4:0:270:55:0": [-0.0017576203866614543, -0.027660697600000006, -0.0302306050048, -0.030427505553504], "6:1:90:55:0": [0.02580499706350305, 0.04133233542353662, -0.019200000000000002, 0.03554021092698229], "6:1:180:55:0": [0.08073170817446382, -0.0006309065239796102, 0.05617913069928722, 0.07361562389420954], "6:2:270:55:0": [0.06253947688666162, 0.12791529960906783, 0.03099573056284569, 0.13826989307039442], "6:2:0:55:0": [0.06691624347029763, 0.08950303442246274, 0.031073377405499814, 0.04539656793599999], "6:3:0:55:0": [0.14097656981771978, 0.051154984006911985, 0.18932842226886995, 0.11139994360310922], "6:3:270:55:0": [0.16481038368958478, 0.019776000781249976, -0.017587200000000004, 0.21495413069562525], "6:4:0:55:0": [0.11194789162277717, 0.1178107458154813, 0.15813639502034932, -0.01119744], "6:4:270:55:0": [0.2267545531548418, 0.24454083163976076, 0.17399761084816326, 0.24616109738687883], "5:4:270:55:0": [0.2511770548345898, 0, 0.1913828617014066, 0.2596971740597031], "4:4:270:55:0": [0.22549760508789063, 0.32348764851806644, 0, 0.31249664678710937], "4:4:0:55:0": [0, 0.07212810445507808, 0.26809920084765626, 0.19810839011603515], "2:0:0:55:0": [-0.037179875328, 0.07866217406261687, -0.003702921226661493, -0.029490135040000004], "3:0:180:55:0": [0.154358808777858, 0.18527711709358835, 0.05760728451501135, 0.19995882282781785], "4:2:90:55:0": [-0.0115042325010176, -0.019200000000000002, 0.10797555587309016, -0.024064000000000002], "5:2:270:55:0": [0.1477137038968526, 0.2299903397782329, 0.030898396594687995, 0.11860901496273327], "5:2:180:55:0": [0.10196386948095791, 0.05951993783795467, 0.1427382900749097, 0.1285155151141496], "3:3:180:55:0": [-0.019251200000000003, 0.016175872368147104, 0.14057652982080174, 0.024945071768749986], "3:4:180:55:0": [0.045783761501749974, -0.011584, 0.02676480082031249, 0.0033126406249999914], "3:4:270:55:0": [-0.008, 0.0012676950649999907, 0.0037231823593749935, -0.024399872], "3:3:90:55:0": [-0.032256, 0.043173623336705, -0.027506688, -0.03372544], "3:3:0:55:0": [-0.02450176, 0.18402108343573875, -0.011208191374999989, -0.010048], "2:3:90:55:0": [-0.019159552000000003, -0.025984, -0.0263808, -0.0123490304], "2:3:180:55:0": [-0.025280000000000004, 0.43557514751616505, 0.06368000152587888, -0.019136], "2:2:180:55:0": [0.19568188813444456, 0.25827842369598425, 0.19641154897126947, 0.1437472042393227], "3:2:90:55:0": [-0.011519999999999999, 0.038329551601712336, -0.0035281913749999885, -0.023936000000000002], "3:2:180:55:0": [0.016312109546994608, 0.03959449478558181, 0.12921361010406562, 0.009010793521396141], "3:1:180:55:0": [0.19103984334390484, 0.021414155732621454, -0.01936311462002688, 0.08908864808325252], "3:0:270:55:0": [0.118140276554181, 0.03031074255553254, 0.11629729403264806, -0.05705152372408321], "4:1:180:55:0": [0.063213564206742, 0.012271800628533787, -0.016, 0.08763579359050026], "4:1:270:55:0": [0.08377759636459983, -0.01921024, 0.024822310775946252, 0.04034554605180707], "4:1:0:55:0": [0.23459262699908368, -0.028598494330880003, 0.04311348769246943, -0.026209787904], "4:1:90:55:0": [-0.0112, -0.022592, 0.020028441521312515, -0.02103329118392676], "3:1:270:55:0": [-0.01746176, -0.008, -0.0026940393732715895, 0.017140578467029714], "4:2:270:55:0": [0.12490652726529443, -0.018624, 0.022053434639590398, 0.1567914251764374], "4:2:0:55:0": [0.10901454868673245, 0.2856897824282161, -0.025599999999999998, 0.16864528016044042], "4:3:0:55:0": [0.279219205859375, 0.21898240498291016, 0.031171278007109365, 0.23557120532226564], "5:3:90:55:0": [0.18441604400941158, 0.17254381822420498, 0.29320705025037497, 0.17253196277613309], "4:3:90:55:0": [0.09369203333828124, 0.17646080390625002, 0.20828275588523748, 0.031963649220703105], "1:0:0:55:0": [-0.03619539294067977, -0.027966464000000003, -0.032694894592, -0.023426430926332432], "1:1:270:55:0": [-0.020641587200000002, -0.025466368000000003, -0.036236759040000004, -0.02502176768], "0:1:270:55:0": [-0.046033745394112924, -0.04988645553602561, -0.04263148415411973, -0.0450649221449646], "0:1:180:55:0": [-0.043283384074240004, -0.0435612229632, -0.04882779104582671, -0.04179043483648], "0:2:90:55:0": [-0.027517931520000004, -0.026355200000000002, -0.03606817640579858, -0.022938193920000002], "0:3:0:55:0": [-0.011136, 0.16116019575, -0.00992, -0.00992], "0:3:90:55:0": [-0.016, -0.00992, -0.009600000000000001, -0.024258560000000002], "0:3:180:55:0": [-0.0192, -0.0102272, -0.017599999999999998, -0.02553393152], "0:3:270:55:0": [-0.017664000000000003, 0.015627879149999996, -0.008, -0.008], "0:4:180:55:0": [-0.01152, -0.011136, -0.014400000000000003, -0.017599999999999998], "0:2:180:55:0": [-0.0208, -0.0199174144, -0.03701953069056, -0.0217754877952], "0:2:270:55:0": [-0.03276236250336461, -0.028963840000000005, -0.022400000000000003, -0.025023999999999998], "1:2:270:55:0": [-0.024591360000000003, -0.021440000000000004, -0.026947072, -0.025088000000000003], "1:2:180:55:0": [-0.027012608, -0.03436544, -0.04066844672, -0.027269939200000003], "1:2:90:55:0": [-0.022757908480000005, -0.018176, 0.16521033001891564, -0.0267403264], "2:2:90:55:0": [-0.019507200000000002, -0.0112512, 0.24293856946151632, -0.0218112], "2:2:0:55:0": [-0.022055971979264, -0.036469760000000004, -0.0352, -0.024731791917056], "2:3:0:55:0": [0.22895667688281252, -0.01792, -0.019136, -0.017280000000000004], "2:3:270:55:0": [0.22231859700195314, -0.016, -0.016719360000000003, -0.0176], "3:3:270:55:0": [0.24603065710936464, 0.14414508395000003, 0.012400006224999996, -0.0192], "3:4:0:55:0": [0.17569280390625006, -0.016, -0.009600000000000001, -0.0176], "4:3:270:55:0": [0.16928000390625003, 0.26430696020506517, 0.24014080512695313, 0.20466574082365263], "4:3:180:55:0": [-0.009600000000000001, 0.10956180800258906, 0.22263587718937497, 0.28246575851562294], "5:3:270:55:0": [-0.016, 0.2869084114783541, 0.18219308626765937, 0.13680951606817815], "5:3:0:55:0": [0.2599278629351158, 0.19674229034809265, 0.06529603646914212, 0.1683434954898842], "5:3:180:55:0": [0.13753603520752927, 0.13639086209898638, 0.17466046588625342, 0.15682776675834292], "4:4:180:55:0": [-0.0034687998046875057, 0.013746791124999987, 0.03793059939697263, 0], "4:4:90:55:0": [0.03114162859783811, 0.03364483180273435, -0.0070297599609375015, -0.01632], "3:4:90:55:0": [0.0383232009765625, -0.009548799804687504, 0.1592788193257033, 0.08942701042210308], "1:3:90:55:0": [-0.016829849600000002, -0.024128000000000004, -0.016357908480000002, -0.022400000000000003], "1:3:0:55:0": [-0.0144, -0.01856, -0.019703398400000002, -0.017984000000000003], "1:2:0:55:0": [-0.04, -0.0274432, -0.0350937243648, -0.030976], "1:1:0:55:0": [-0.033295036416000005, -0.028028743680000003, -0.03433959424, -0.0335731712], "2:1:270:55:0": [-0.00747853645861727, 0.14963126772278626, -0.025176289280000003, -0.025123450880000002], "2:1:0:55:0": [-0.017064684496209886, -0.0229715419136, -0.025733775360000002, -0.030048565395456],