{"4:0:0:55:0": [-0.042971822718976, -0.043014171701731566, -0.0431332299046912, 0.02862376739127955], "4:0:180:55:0": [-0.022707535747000004, 0.055471356033927055, -0.016396800000000003, -0.026019758080000004], "5:1:270:55:0": [0.0035683901743592122, 0.004684635232301783, 0.04500728597494531, 0.004069274761393798], "5:0:270:55:0": [-0.030427037695999998, -0.030223852358704062, -0.02598719488, -0.0024790981782664458], "6:0:90:55:0": [-0.01796387660269725, -0.009929879970454157, -0.013546586804537335, -0.01778272685290084], "6:0:270:55:0": [0.010016768861163192, 0.02266240927578196, 0.02887117965441168, 0.07075883539560444], "6:0:180:55:0": [-0.016396800000000003, -0.003665172236676846, -0.0112768, -0.015191402720982291], "6:1:0:55:0": [-0.014336, 0.0028159585312223217, 0.009168116086057738, -0.013736583318257962], "6:0:0:55:0": [0.025995391598880355, -0.0008043139880359838, -0.0023209920924225193, -0.0277037056], "5:0:0:55:0": [0.014906560583890387, -0.027673595904000002, 0.04314952087336865, -0.0212136517632], "4:0:270:55:0": [-0.03347603994424119, 0.07279276484663383, -0.0302306050048, -0.030427505553504], "6:1:90:55:0": [0.03616727812900701, 0.006027939322110404, -0.019200000000000002, 0.010761945114091866], "6:1:180:55:0": [0.002836230373333082, -0.0006309065239796102, 0.001895382652531908, 0.008576457452994225], "6:2:270:55:0": [0.06253947688666162, 0.07788436014078248, 0.03099573056284569, 0.07574065745250406], "6:2:0:55:0": [0.09944608120877674, 0.056621525524792785, 0.031073377405499814, 0.04539656793599999], "6:3:0:55:0": [0.07280941347187585, 0.051154984006911985, 0.028615118864493402, 0.07579326085022413], "6:3:270:55:0": [0.06824855904344218, 0.019776000781249976, -0.017587200000000004, 0.10048929013916108], "6:4:0:55:0": [0.026240106419298442, 0.07339978904582958, 0.07806223799413672, -0.01119744], "6:4:270:55:0": [0.08054422500760311, 0.08542105823790447, 0.07777674681471594, 0.08101748672405291], "5:4:270:55:0": [0.08485524588216674, 0, 0.08756916801872847, 0.09482705917403599], "4:4:270:55:0": [0.04883746380777987, 0.02862929076497213, 0, 0.08142852125780341], "4:4:0:55:0": [0, 0.07212810445507808, 0.10406945105524212, 0.06144681633294574], "2:0:0:55:0": [-0.037179875328, -0.03333782593738313, -0.03229420445115036, 0.18150940465512166], "3:0:180:55:0": [0.154358808777858, 0.13672794638865626, 0.05760728451501135, 0.15034172396582765], "4:2:90:55:0": [-0.0115042325010176, -0.019200000000000002, 0.14296485543460016, -0.024064000000000002], "5:2:270:55:0": [0.08344698695049188, 0.07294733299288002, 0.030898396594687995, 0.07690537494259655], "5:2:180:55:0": [0.014427902399254858, 0.05951993783795467, 0.08182563094579881, 0.03793559478434781], "3:3:180:55:0": [0.21859549786911264, 0.016175872368147104, 0.06474231516556032, 0.024945071768749986], "3:4:180:55:0": [-0.003864701812150012, -0.011584, 0.02676480082031249, 0.0033126406249999914], "3:4:270:55:0": [-0.008, 0.0012676950649999907, -0.007592326190233593, -0.024399872], "3:3:90:55:0": [-0.032256, 0.28220940477610246, -0.027506688, -0.03372544], "3:3:0:55:0": [-0.02450176, 0.11785400984772468, -0.011208191374999989, -0.010048], "2:3:90:55:0": [-0.019159552000000003, -0.025984, -0.0263808, -0.0123490304], "2:3:180:55:0": [-0.025280000000000004, 0.03541433053946452, 0.18259087790673828, -0.019136], "2:2:180:55:0": [0.08572526490317989, 0.06809976180455105, 0.08884108554489639, 0.08630530967744021], "3:2:90:55:0": [-0.011519999999999999, 0.1630266359861039, -0.0035281913749999885, -0.023936000000000002], "3:2:180:55:0": [0.016312109546994608, 0.03959449478558181, 0.1767779562745248, 0.009010793521396141], "3:1:180:55:0": [0.043920431442404734, 0.021414155732621454, -0.01936311462002688, 0.17019716978055416], "3:0:270:55:0": [0.05035231138343059, 0.03031074255553254, 0.08965435831333755, -0.05705152372408321], "4:1:180:55:0": [0.01876632293693231, 0.0021873850204845724, -0.016, 0.010996783534657578], "4:1:270:55:0": [0.020655468511645424, -0.01921024, 0.003261774972360621, 0.021560234892075515], "4:1:0:55:0": [0.017897533468677108, -0.028598494330880003, 0.02223606203980149, -0.026209787904], "4:1:90:55:0": [-0.0112, -0.022592, 0.08830444604912091, -0.02103329118392676], "3:1:270:55:0": [-0.01746176, -0.0022875372263762295, -0.0026940393732715895, 0.08264603164867387], "4:2:270:55:0": [0.08319351677928996, -0.018624, 0.022053434639590398, 0.12000687019750399], "4:2:0:55:0": [0.1089235647013, 0.08078524634322956, -0.025599999999999998, 0.08886136458069649], "4:3:0:55:0": [0.11362136707331458, 0.10942056195276181, 0.10522703457614518, 0.10477974892804169], "5:3:90:55:0": [0.09897586844166142, 0.10040771124885971, 0.10449545537446603, 0.10468721949502004], "4:3:90:55:0": [0.09369203333828124, 0.10220895509653255, 0.08472603194185643, 0.031963649220703105], "1:0:0:55:0": [0.03313197090210098, -0.043966464000000004, -0.04768012365946595, -0.04465845738526649], "1:1:270:55:0": [0.23418454682410877, -0.025466368000000003, -0.036236759040000004, -0.02502176768], "0:1:270:55:0": [-0.046033745394112924, -0.04988645553602561, -0.04263148415411973, -0.0450649221449646], "0:1:180:55:0": [-0.043283384074240004, -0.0435612229632, -0.04882779104582671, -0.04179043483648], "0:2:90:55:0": [-0.027517931520000004, -0.026355200000000002, -0.03606817640579858, -0.022938193920000002], "0:3:0:55:0": [-0.011136, 0.16116019575, -0.00992, -0.00992], "0:3:90:55:0": [-0.016, -0.00992, -0.009600000000000001, -0.024258560000000002], "0:3:180:55:0": [-0.0192, -0.0102272, -0.017599999999999998, -0.02553393152], "0:3:270:55:0": [-0.017664000000000003, 0.015627879149999996, -0.008, -0.008], "0:4:180:55:0": [-0.01152, -0.011136, -0.014400000000000003, -0.017599999999999998], "0:2:180:55:0": [-0.0208, -0.0199174144, -0.03701953069056, -0.0217754877952], "0:2:270:55:0": [-0.03276236250336461, -0.028963840000000005, -0.022400000000000003, -0.025023999999999998], "1:2:270:55:0": [-0.024591360000000003, -0.029932777583411202, -0.0305414144, -0.025088000000000003], "1:2:180:55:0": [-0.027012608, -0.03436544, -0.04066844672, -0.027269939200000003], "1:2:90:55:0": [-0.022757908480000005, -0.018176, 0.16521033001891564, -0.0267403264], "2:2:90:55:0": [-0.019507200000000002, -0.0112512, 0.08472823424509353, -0.0218112], "2:2:0:55:0": [0.10613248480643589, -0.036469760000000004, -0.0352, -0.024731791917056], "2:3:0:55:0": [0.021740981782305907, 0.02165706830125, -0.019136, -0.017280000000000004], "2:3:270:55:0": [0.21765220845781227, -0.016, -0.016719360000000003, -0.0176], "3:3:270:55:0": [0.15221586717788863, 0.14414508395000003, 0.012400006224999996, -0.0192], "3:4:0:55:0": [-0.008989142393034225, -0.016, -0.009600000000000001, -0.0176], "4:3:270:55:0": [0.10299808529664436, 0.05920587155859111, 0.014344185023490871, 0.10771646856174016], "4:3:180:55:0": [-0.009600000000000001, 0.10395181214463373, 0.10853419745633018, 0.10934292468288305], "5:3:270:55:0": [0.09836660572614192, 0.11346772655428351, 0.10503177557317735, 0.10620176609756807], "5:3:0:55:0": [0.102660419928776, 0.09905456802872213, 0.06529603646914212, 0.10168644564542174], "5:3:180:55:0": [0.01950720722031979, 0.09832580087804998, 0.10016496642343664, 0.10689471644656817], "4:4:180:55:0": [-0.0034687998046875057, 0.01964829648886056, 0.006790733208231384, 0], "4:4:90:55:0": [0.03114162859783811, 0.1105752094218471, -0.0070297599609375015, -0.01632], "3:4:90:55:0": [0.09392308456376264, -0.009548799804687504, 0.1592788193257033, 0.08942701042210308], "1:3:90:55:0": [-0.016829849600000002, -0.024128000000000004, -0.016357908480000002, -0.022400000000000003], "1:3:0:55:0": [-0.028032, -0.01856, -0.019703398400000002, -0.0231168], "1:2:0:55:0": [-0.04, -0.04034717696, -0.0350937243648, -0.030976], "1:1:0:55:0": [-0.036613567283200005, -0.03419932627784357, -0.03433959424, 0.08880842976284227], "2:1:270:55:0": [0.05120524741865656, 0.08243488841695745, -0.025176289280000003, 0.08237345516822331],