{"0:0:0:55:0": [-0.04769637033229582, -0.05000725820565218, -0.028182842745288664, -0.046301621587835934], "0:0:270:55:0": [-0.026783344820091436, -0.029570216430986184, -0.02856908070044657, -0.014784729816765159], "0:1:180:55:0": [-0.028564480000000003, -0.02635301499945077, -0.025758489001744822, -0.02407936], "0:1:90:55:0": [-0.03576818727160805, -0.03319427533724458, -0.03309406265613345, -0.03204419596340767], "0:1:0:55:0": [-0.03378982451601009, -0.03158363099364766, -0.03192281922035088, -0.0280448], "0:2:0:55:0": [-0.02461120588336088, -0.021177279197865786, -0.020487582564981358, -0.018432094248430134], "0:2:270:55:0": [-0.01740951251297683, -0.011512062269002067, -0.026284454154086354, -0.015062383417645094], "0:4:0:55:0": [-0.0037572628160519213, -0.002027384882977202, -0.004536938186780064, 0.04348137190330134], "0:4:90:55:0": [-0.008, -0.008, -0.007702242820706716, -0.005334377170220987], "0:4:180:55:0": [-0.025664000000000006, -0.01310210799244741, 0.12081360221489518, -0.0259968], "0:3:180:55:0": [-0.025010344560495796, -0.015715007356972906, -0.01037270725348108, -0.011407380244217207], "0:5:180:55:0": [-0.018246730582219685, -0.027199999999999995, -0.031821153167194, -0.021905915964614404], "0:6:180:55:0": [0.03314462891608396, -0.01792, -0.022400000000000003, -0.016], "0:5:90:55:0": [-0.024, -0.027468799999999995, -0.032623497458457607, 0.01819260037435296], "0:5:0:55:0": [-0.02301336663162894, 0.0017874662141615372, -0.0263552, -0.009984], "0:5:270:55:0": [-0.03443496419217657, -0.03659242402235307, -0.03572128691496971, -0.01772550214154222], "0:4:270:55:0": [0.04005458470758591, -0.006061462322458255, -0.003982928221426908, -0.013723209903653756], "1:4:270:55:0": [0.006897925659818049, 0.006972191712428981, -0.0036128944277122044, 0.000638544404318684], "2:4:180:55:0": [0.006763929580648014, 0.008109861914601287, 0.006250353913101617, 0.34566389575776363], "2:4:270:55:0": [0.006919072075009045, 0.002416077851802534, 0.002499361992811826, 0.006644454749140265], "4:4:270:55:0": [-0.005648043458204452, 0.18551670901676293, -0.0021268084544787745, -0.007149161574045923], "3:4:270:55:0": [-0.001184441591885417, 0.01060197913762674, 0.0073371242067990766, 0.06549006388609618], "4:4:0:55:0": [-0.007979939225973749, -0.005898270986674104, -0.01728, 0.039661847618372076], "2:4:90:55:0": [0.009976808977212561, 0.13590301033258007, 0.00912931944162158, 0.007701185413775376], "3:4:0:55:0": [0.0018847823427808122, 0.001561877307145139, 0.008154133760500358, 0.20052671665202929], "3:5:0:55:0": [-0.008, -0.008, -0.008, -0.0015432525196947544], "3:6:0:55:0": [0.10286059351025414, -0.009600000000000001, 0.097469791202372, 0], "3:5:90:55:0": [0.002952530470264723, -0.0011639888657709527, 0.15279931362078497, 0.004675676564006571], "3:4:90:55:0": [0.006005993910927267, 0.00029547842045068995, 0.005779469930940549, 0.0065029097366788614], "3:4:180:55:0": [0.0006669083000717287, 0.005410898320000003, 0.004040595393984447, 0.0037354609243365963], "3:5:180:55:0": [0.04019550737108365, 0.0010838861763169515, 0.0014518118490455794, 0.00652581179939038], "3:5:270:55:0": [-0.004827224267657401, 0.0011320064989894865, 0.0022186251516079815, 0.023172452125374336], "4:5:90:55:0": [-0.00992, -0.009600000000000001, -0.008, -0.008627810378587522], "2:0:0:56:0": [-0.025236479977111814, -0.03184226867940057, -0.030079999999999996, 0.012825116386854532], "2:0:270:55:0": [-0.027399346808750145, -0.03983974860428668, -0.031328909477595465, -0.02811571921634761], "1:0:180:55:0": [-0.029766866129939423, -0.03248268875844044, -0.0333700640149974, -0.031440562512459885], "1:1:180:55:0": [-0.03145387880624235, -0.030802436170118727, -0.007303545647758151, -0.026334515550140505], "1:1:270:55:0": [-0.031222241145228286, -0.020189425979557255, -0.022195363500595852, -0.020219169573314322], "0:1:270:55:0": [-0.02063635170157547, -0.036028343111257556, -0.022607696096915507, -0.020515661991985935], "0:2:180:55:0": [-0.02361307880721443, -0.01911079101947558, -0.018052909672467136, -0.01875827500027141], "2:1:270:55:0": [-0.010021813960188707, -0.012661353345223352, -0.020210501344692475, -0.018173434553387234], "2:1:0:55:0": [-0.01898700331851017, -0.022317886865481418, -0.017292246869146047, -0.020407127282302526], "2:2:0:55:0": [-0.01330420323407367, -0.01868741470683333, 0.11246090255986449, -0.014839889821760148], "2:2:180:55:0": [-0.0030976704288270315, -0.0003644807569100801, -0.0038515692124776787, -0.005980901548172108], "2:2:270:55:0": [-0.007660730553297975, -0.015303088248575722, -0.008967852144357604, 0.13324674908465367], "2:3:0:55:0": [-0.003890913715713526, -0.0053949249442184185, -0.006199745817354222, -0.004135230749904061], "2:3:90:55:0": [-0.01232553931400947, 0.020397991982406063, -0.0031034855672036846, -0.01008590029921046], "2:3:180:55:0": [0.0010512316544476763, -0.00020644376656493886, 0.02207586591325595, -0.0006792188793818196], "1:3:90:55:0": [-0.0075599906034384285, 0.0656172998246745, -0.009426066379276567, -0.016552684164966764], "1:2:0:55:0": [-0.028141411796389376, -0.034879999999999994, -0.018712771406691912, -0.029075485551156743], "1:3:0:55:0": [-0.011220033482519296, -0.017664000000000003, -0.021366789543334985, -0.025280000000000004], "1:2:90:55:0": [-0.024673142686561546, -0.019104198907375504, -0.02022611232955185, -0.01989056019754707], "1:2:270:55:0": [-0.014010889916215186, -0.008067769164811115, -0.02145694743763226, -0.018143343293928305], "2:3:270:55:0": [0.0009221660158047077, 0.0019381135329900713, 0.0031805181352592415, 0.05556100905466872], "3:3:270:55:0": [-0.0077430650868682135, -0.0029665382961348696, 0.1438423627461771, -0.008795150147157812], "3:3:0:55:0": [0.0004438292778242148, -0.001691129030171292, 0.0035759118706467034, 0.007305513379856781], "3:2:0:55:0": [-0.012769786455665488, -0.007957715345713703, -0.0016925932953358496, -0.005874212714742604], "3:1:0:55:0": [-0.027919477146566087, -0.02605212683283456, -0.017514614854515095, -0.016010559407574607], "3:2:270:55:0": [-0.007107638288616899, -0.007824101564408938, -0.005944381793463099, 0.021384027551005397], "3:2:180:55:0": [-0.008553881673984607, 0.34349374769081287, -0.006337370473926345, -0.0016033078246216912], "3:3:180:55:0": [-0.0003713940815253322, 0.11482024082401422, 0.004662657322093221, -0.01632], "3:1:180:55:0": [-0.024015400271316364, -0.02368536480711938, -0.03269410466750332, -0.021958482430246055], "3:3:90:55:0": [0.004181327233071609, 0.004153037931300894, 0.12116330625186185, 0.0017879042362848405], "1:3:270:55:0": [-0.005553232139665905, -0.009600000000000001, -0.014205349633964297, 0.012942233059538597], "2:2:90:55:0": [-0.009252483973993406, -0.014652542456193516, 0.04689359381837557, -0.010365684592350367], "3:2:90:55:0": [-0.0155416061882017, -0.014148538311808678, 0.20242108197472042, -0.016339383976016916], "3:0:180:55:0": [-0.026541641100087776, -0.020424576985974604, -0.027398751293983815, -0.02664091044986532], "3:0:90:55:0": [-0.03421194913086021, -0.03645011374540171, -0.0370552457314011, -0.008767421432142038], "3:1:270:55:0": [-0.011988756425086285, -0.024372141680000004, -0.02121287676262432, -0.012884629270561979], "1:1:0:55:0": [-0.032689876427495594, -0.024346499773559793, -0.024308773719530368, -0.028781394338388718], "1:0:0:55:0": [-0.047631383406163186, -0.058334066500383364, -0.05383088553342461, -0.0427428458068987], "2:0:0:55:0": [-0.02494801928761803, -0.04156106196917668, -0.03526801442416318, -0.034477344523986944], "2:0:90:55:0": [-0.026437307855765466, -0.033938722999631264, -0.037121832085928244, -0.029083505966369723], "2:1:90:55:0": [-0.03470610273954488, -0.024223964195293615, -0.025045592691240036, -0.02353141797577487], "1:1:90:55:0": [-0.035728723437112385, -0.03493448733782044, -0.030737044764890142, -0.031592502219449974], "0:0:180:55:0": [-0.043901952, -0.025917203540715923, -0.019518105530007112, -0.042047836160000004],