{"4:0:0:55:0": [-0.024523550720000002, -0.027004311403233283, -0.023567817801728, -0.028080581921157942], "4:0:270:55:0": [-0.0262133710848, -0.028201493889024, -0.026953857627586564, -0.020324080353280004], "4:0:180:55:0": [-0.019900383232000003, -0.0139703656448, -0.027151384291573766, -0.021582860288], "3:0:270:55:0": [-0.026238258741248008, -0.020878393344, -0.026317893632, -0.025641499798274053], "2:0:270:55:0": [-0.028126519689216006, -0.02212049600512, -0.023954595840000002, -0.015828340736], "2:0:0:55:0": [-0.018980786176, -0.025572651008000005, -0.027723202290778116, -0.031467497553920004], "2:0:90:55:0": [-0.023187456000000002, -0.023771816951808, -0.0203525513216, -0.0263308353536], "1:0:90:55:0": [-0.023429447680000003, -0.0240211906265088, -0.031002733615513603, -0.020244332544], "1:0:180:55:0": [-0.0192897279587539, -0.020301963264, -0.022398892670976, -0.022217216000000005], "1:0:270:55:0": [-0.022683418624, -0.010294272, -0.020156497920000002, -0.025633441926142808], "2:0:180:55:0": [-0.016113913856, -0.012564094976, -0.02347781849088, -0.02349443072], "0:0:270:55:0": [-0.021660608102400003, -0.0187392, -0.023591608320000006, -0.027018559488], "0:0:0:55:0": [-0.019891200000000005, -0.025387499520000006, -0.025103339618304004, -0.02678528], "0:0:90:55:0": [-0.024879112683520003, -0.0271305875456, -0.024608563200000006, -0.016825344000000002], "1:0:0:55:0": [-0.025566966284288, -0.01689856, -0.022222233600000002, -0.02163579584512], "3:0:90:55:0": [-0.0282373365170176, -0.024378818494464004, -0.021911319904256002, -0.025043927039999997], "4:0:90:55:0": [-0.0236095488, -0.0235916050432, -0.014687792332800001, -0.023853598572544005], "4:1:0:55:0": [-0.023491584, -0.01869210305691648, -0.0198893454229504, -0.0185170771968], "4:1:180:55:0": [-0.020437459271680003, -0.0019998719999999998, -0.01973772288, -0.007262064640000001], "4:2:180:55:0": [-0.017162747904000002, -0.0173185024, -0.0232378368, -0.0109831168], "4:3:180:55:0": [-0.01986762358784, -0.01861376, -0.017172479999999997, -0.01545281536], "4:3:270:55:0": [-0.0171392, -0.0210763776, -0.016384000000000003, -0.022704907059200002], "5:3:270:55:0": [-0.0210432, -0.018122240000000005, -0.0171392, -0.01602048], "5:3:0:55:0": [-0.016643993600000004, -0.01536, -0.022702080000000003, -0.018337280000000004], "5:3:90:55:0": [-0.019853338214400003, -0.0224256, -0.01568, -0.01721856], "4:3:90:55:0": [-0.016383488, -0.022991872000000003, -0.014973440000000001, -0.023563804672], "3:3:270:55:0": [-0.023518515200000003, -0.01303808, -0.011670376448000001, -0.015744], "5:3:180:55:0": [-0.01848264704, -0.01824512, -0.008, -0.023467520000000002], "5:4:0:55:0": [-0.011314176, -0.01721856, -0.018933125119999998, -0.01720064], "5:4:270:55:0": [-0.022317588480000004, -0.00992, -0.009600000000000001, -0.0207616], "4:4:270:55:0": [-0.01536, -0.0169088, -0.009600000000000001, -0.017062400000000002], "3:4:270:55:0": [-0.009984, -0.009984, -0.01536, -0.008], "2:4:270:55:0": [-0.0099968, -0.0015999999999999999, -0.018506240000000004, -0.008], "1:4:270:55:0": [-0.0094464, -0.016512, 0, -0.016896], "1:4:180:55:0": [-0.0179072, -0.01568, -0.009600000000000001, -0.008], "1:5:180:55:0": [-0.016832, -0.008, -0.016832000000000003, -0.008], "1:5:90:55:0": [-0.00992, -0.016512, -0.013760000000000001, -0.01568], "0:5:90:55:0": [-0.01536, -0.0077568, -0.008384, -0.02130776064], "0:5:0:55:0": [-0.024082563072, -0.016512, -0.015026176000000002, -0.017977024512000006], "0:6:0:55:0": [-0.02166157312, -0.015176720384000001, -0.016832000000000003, -0.018280960000000002], "0:6:270:55:0": [-0.009600000000000001, -0.015424, -0.0176, -0.009984], "0:5:270:55:0": [-0.018570240000000005, -0.0342575489024, -0.021780254720000003, -0.018214400000000006], "1:5:270:55:0": [-0.0019199999999999998, -0.01717248, -0.009600000000000001, -0.016896], "1:5:0:55:0": [-0.009600000000000001, -0.01536, -0.014912000000000003, -0.015744], "1:6:0:55:0": [-0.00992, -0.011584, -0.009600000000000001, -0.0015999999999999999], "1:6:90:55:0": [-0.018140057600000002, -0.008, -0.008, -0.010752000000000001], "0:6:90:55:0": [-0.018293760000000003, -0.01536, -0.00992, -0.01689856], "0:6:180:55:0": [-0.018862592, -0.0171264, -0.016895999992847445, -0.008], "0:5:180:55:0": [-0.011868159999999999, -0.01568, -0.00992, -0.018598944768000003], "0:4:180:55:0": [-0.020799367577599998, -0.01575936, -0.009600000000000001, -0.0170624], "0:4:270:55:0": [-0.0015999999999999999, -0.008, -0.013760000000000001, -0.017218560000000004], "0:4:90:55:0": [-0.01250048, -0.0019839999999999997, -0.011855359999999999, -0.013760000000000001], "1:4:90:55:0": [-0.009428480000000001, -0.00992, -0.016, -0.01568], "1:6:180:55:0": [0, -0.008, -0.008, -0.01536], "1:3:180:55:0": [-0.011413094399999999, -0.016896, -0.022051328, -0.025658878525440004], "1:3:90:55:0": [-0.022211198976, -0.018180608, -0.01805056, -0.02303744], "0:3:90:55:0": [-0.033374720000000004, -0.0235957215232, -0.020753495654399996, -0.018945536], "0:4:0:55:0": [-0.022065336320000004, -0.018214400000000002, -0.017062400000000002, -0.008], "1:6:270:55:0": [0.0, -0.008, -0.010624000000000001, -0.008], "1:4:0:55:0": [-0.008, -0.016832000000000003, -0.009600000000000001, -0.009984], "1:3:0:55:0": [-0.0169088, -0.028190077747200004, -0.02578354176, -0.0208896], "1:2:0:55:0": [-0.024760217600000002, -0.024124465152, -0.0242249908224, -0.024969279897600005], "1:1:0:55:0": [-0.029386772479999997, -0.0233490432, -0.030147694592, -0.024982198190080004], "1:1:90:55:0": [-0.023255040000000005, -0.02239488, -0.020617990144000002, -0.019520716800000004], "1:2:270:55:0": [-0.018614374400000005, -0.01718847488, -0.0254829420544, -0.0178199552], "1:2:180:55:0": [-0.021267083264, -0.01797588992, -0.024378695680000003, -0.021851648], "1:2:90:55:0": [-0.01753915392, -0.020656640000000004, -0.024445939712, -0.026672746496000006], "2:2:90:55:0": [-0.016512000000000006, -0.017894400000000005, -0.018831360000000002, -0.016512000000000006], "0:2:90:55:0": [-0.01838936064, -0.017188352, -0.023642107904000002, -0.00967936], "0:2:180:55:0": [-0.023230537728, -0.02037526528, -0.0171392, -0.01737129984], "0:2:0:55:0": [-0.01849088, -0.009984, -0.018295455744, -0.013760000000000001], "0:1:0:55:0": [-0.00992, -0.025038008320000006, -0.024715264, -0.009664], "0:1:270:55:0": [-0.01730957099008, -0.022131200000000004, -0.01612544, -0.02780837888], "1:1:270:55:0": [-0.020741632, -0.018957823999999998, -0.02189931937792, -0.019826802688], "0:0:180:55:0": [-0.025118924800000005, -0.0246995345408, -0.018927226880000002, -0.023781502976000003], "0:1:180:55:0": [-0.02304, -0.02341873664, -0.022828032, -0.018079830016000005], "0:3:180:55:0": [-0.020879863808, -0.012012748799999999, -0.02408005632, -0.02662600015872], "2:4:90:55:0": [-0.008, -0.016896, 0, -0.018017280000000004], "2:4:0:55:0": [-0.018570752000000003, -0.00992, -0.009600000000000001, -0.01142784], "2:5:0:55:0": [-0.0169088, -0.018214400000000002, -0.01568, -0.00999936], "2:5:90:55:0": [-0.016512000000000006, -0.009600000000000001, -0.009600000000000001, -0.026444800000000004], "3:5:90:55:0": [0, -0.008, -0.008, -0.010752000000000001], "2:1:180:55:0": [-0.020660463206399998, -0.017180160000000003, -0.019585126271253972, -0.02293248], "3:0:0:55:0": [-0.0193117184, -0.023232552960000003, -0.028566115131064322, -0.026062677606400003], "3:1:0:55:0": [-0.010457600000000001, -0.024708096000000002, -0.023640709988352004, -0.018289561600000004], "3:1:90:55:0": [-0.02356680704, -0.02272221855744, -0.024518143866516115, -0.019317985279999998], "3:2:0:55:0": [-0.011072, -0.013824, -0.009600000000000001, -0.00992], "3:2:270:55:0": [-0.0182784, -0.018508800000000002, -0.017062400000000005, -0.01375999987125397], "3:2:180:55:0": [-0.022251008000000003, -0.016831999992847443, -0.017984000000000003, -0.016896], "3:1:180:55:0": [-0.020566528, -0.017187839839324953, -0.018203217920000004, -0.023708805988352004], "3:1:270:55:0": [-0.01783914496, -0.01729945587125397, -0.010966528, -0.01584648688780343],