{"0:0:0:56:0": [-0.008, 0, 0, 0], "0:1:0:55:0": [-0.01718784, -0.018911232, -0.00992, -0.018048], "0:1:90:55:0": [-0.008, -0.009600000000000001, -0.01568, -0.0186752], "1:1:90:55:0": [-0.016832, -0.015744, -0.013760000000000001, -0.01536], "2:1:90:55:0": [-0.009600000000000001, -0.0099968, -0.008, -0.008], "2:1:0:55:0": [0, -0.008, -0.009600000000000001, -0.009600000000000001], "2:0:0:55:0": [0, 0, 0, -0.008], "2:0:270:55:0": [0, -0.01568, 0, -0.016832000000000003], "2:0:180:55:0": [-0.01536, -0.00992, -0.009600000000000001, -0.00992], "2:0:90:55:0": [-0.009600000000000001, -0.016832, -0.009600000000000001, 0], "2:1:180:55:0": [-0.01568, -0.008, -0.00992, 0], "2:1:270:55:0": [-0.009600000000000001, -0.015744, 0, -0.009600000000000001], "1:1:270:55:0": [-0.009600000000000001, -0.016512000000000006, -0.01536, -0.00992], "1:1:180:55:0": [-0.008, -0.01536, -0.009600000000000001, -0.009600000000000001], "1:2:180:55:0": [-0.008, -0.0187876352, -0.00992, -0.017197056], "1:2:90:55:0": [-0.018521600000000003, -0.0099968, -0.009984, -0.008], "0:2:90:55:0": [-0.016832000000000003, -0.0170624, -0.018847232000000002, -0.0182144], "0:2:180:55:0": [-0.015744, -0.009984, -0.015744, -0.018508800000000002], "0:3:180:55:0": [-0.01568, -0.009600000000000001, -0.008, -0.008], "0:1:180:55:0": [-0.018576896, -0.015744, -0.0169088, -0.01536], "0:0:180:55:0": [-0.018910515200000002, -0.01718784, -0.0099999744, -0.018867634176], "0:0:90:55:0": [-0.018991300608, -0.01575936, -0.0189946044416, -0.014912000000000003], "0:0:270:55:0": [0, -0.0099968, -0.01829376, -0.018999816683519997], "1:0:90:55:0": [-0.00992, -0.00992, -0.00992, -0.008], "1:0:180:55:0": [0.0, -0.009600000000000001, -0.0170624, -0.009600000000000001], "0:0:0:55:0": [-0.0169088, -0.0182784, -0.015744, -0.0099999744], "0:2:0:55:0": [-0.009984, -0.0182784, -0.022425600000000004, -0.016832], "0:2:270:55:0": [-0.015744, -0.016832, -0.01678848, -0.01817088], "0:1:270:55:0": [-0.01536, -0.018570752000000003, -0.018855936, -0.01568], "0:3:0:55:0": [-0.01536, -0.01883136, 0, -0.009600000000000001], "0:4:0:55:0": [-0.00992, -0.009600000000000001, -0.008, -0.008], "0:5:0:55:0": [-0.008, -0.00992, 0, 0], "0:4:270:55:0": [-0.00992, 0, 0, -0.008], "1:4:270:55:0": [-0.009600000000000001, -0.009600000000000001, -0.01714176, -0.008], "2:4:270:55:0": [-0.008, -0.016832, 0, 0], "3:4:270:55:0": [-0.008, -0.009600000000000001, 0, -0.009600000000000001], "3:4:180:55:0": [-0.008, -0.008, -0.009600000000000001, 0], "3:3:180:55:0": [-0.008, -0.008, -0.008, -0.00992], "3:3:90:55:0": [-0.009984, -0.016512000000000006, -0.009600000000000001, 0], "2:3:90:55:0": [-0.00992, -0.009600000000000001, -0.009600000000000001, -0.008], "2:3:180:55:0": [-0.008, -0.008, -0.009984, -0.015744], "2:3:270:55:0": [-0.00992, -0.0185088, 0, -0.015744], "1:3:270:55:0": [-0.009984, -0.00992, -0.0157568, -0.0183496704], "1:3:180:55:0": [-0.0171264, -0.015744, -0.018570240000000005, -0.0099968], "1:4:180:55:0": [-0.009600000000000001, -0.00992, -0.01568, -0.009600000000000001], "1:5:180:55:0": [-0.016512000000000006, -0.009600000000000001, 0, -0.00992], "1:5:90:55:0": [-0.008, 0, -0.009600000000000001, 0], "1:6:180:55:0": [-0.009600000000000001, -0.008, -0.01536, -0.008], "1:6:270:55:0": [-0.009600000000000001, -0.008, -0.009600000000000001, -0.008], "2:6:270:55:0": [-0.008, -0.008, 0, -0.008], "2:6:180:55:0": [-0.008, -0.008, 0, 0], "2:5:180:55:0": [-0.008, 0, 0, -0.008], "2:5:90:55:0": [0, 0, -0.008, 0], "2:4:180:55:0": [-0.008, 0, 0, -0.008], "2:2:180:55:0": [-0.008, -0.01568, -0.008, 0], "2:2:270:55:0": [-0.00992, -0.008, -0.0099968, -0.008], "3:2:270:55:0": [-0.01536, -0.00992, -0.016896, -0.008], "3:2:0:55:0": [-0.00992, -0.01536, -0.008, -0.00992], "3:2:90:55:0": [-0.008, -0.008, 0, -0.013760000000000001], "4:2:90:55:0": [-0.009600000000000001, -0.016512, -0.01568, -0.009600000000000001], "4:2:0:55:0": [-0.009600000000000001, -0.01568, -0.01536, -0.008], "4:1:0:55:0": [-0.00992, -0.0248400896, -0.008, -0.0169088], "4:0:0:55:0": [-0.01718784, -0.0253919232, -0.018278400000000004, -0.018628362240000005], "4:0:270:55:0": [-0.018060800000000002, -0.00992, -0.025035468800000002, -0.024917504], "4:0:180:55:0": [-0.024816128, -0.0171264, -0.018521600000000003, -0.018570240000000002], "4:1:180:55:0": [-0.0171264, -0.00992, -0.018954752, -0.016512], "5:0:270:55:0": [-0.018554879993820193, -0.016832, -0.00992, -0.017119539200000002], "3:0:270:55:0": [-0.016512, -0.008, -0.016832, 0], "1:0:270:55:0": [-0.009600000000000001, -0.008, -0.009984, -0.00992], "3:1:270:55:0": [-0.01281024, -0.008, -0.018337280000000004, 0], "4:1:270:55:0": [-0.0171976704, -0.0099968, -0.016512, -0.015539200000000001], "5:1:270:55:0": [-0.008, -0.0175281152, -0.0099968, -0.0171392], "5:1:0:55:0": [-0.018060800000000002, 0, -0.018214400000000006, -0.016832], "5:2:0:55:0": [-0.00992, -0.009600000000000001, -0.013760000000000001, -0.0171264], "5:3:0:55:0": [-0.008, -0.008, 0, -0.009600000000000001], "5:2:270:55:0": [-0.01536, -0.01568, -0.009600000000000001, -0.02248448], "5:4:0:55:0": [0, 0, -0.008, -0.008], "5:4:270:55:0": [-0.009600000000000001, -0.008, 0, -0.008], "6:4:270:55:0": [-0.008, -0.009600000000000001, 0, -0.008], "6:4:180:55:0": [-0.009600000000000001, 0, 0, -0.0182144], "6:3:180:55:0": [-0.008, -0.008, 0, -0.008], "6:2:180:55:0": [0, 0, -0.009600000000000001, -0.0182912], "6:2:90:55:0": [-0.00992, -0.01536, -0.00992, -0.016896], "6:2:270:55:0": [-0.008, -0.016512, -0.008, -0.009600000000000001], "6:2:0:55:0": [-0.01536, -0.009600000000000001, -0.016832000000000003, -0.013760000000000001], "5:2:90:55:0": [-0.00992, -0.016512000000000006, -0.0208896, -0.009600000000000001], "2:2:90:55:0": [-0.013760000000000001, 0, -0.009600000000000001, -0.00992], "2:2:0:55:0": [-0.008, -0.009984, 0, -0.00992], "3:1:90:55:0": [-0.01568, -0.018294272000000004, 0, -0.016512000000000006], "4:1:90:55:0": [-0.009600000000000001, -0.0157568, -0.017062400000000002, -0.016832], "5:1:90:55:0": [-0.00992, -0.009600000000000001, -0.016512, -0.009984], "6:1:90:55:0": [-0.016512000000000006, -0.009984, -0.0099968, -0.009600000000000001], "6:1:180:55:0": [-0.01536, -0.008, 0, -0.00992], "6:0:180:55:0": [-0.009600000000000001, -0.008, -0.016896, -0.01536], "6:0:270:55:0": [-0.018567680000000003, -0.016512, -0.015759359999942782, -0.009600000000000001], "0:3:270:55:0": [-0.0182912, -0.009984, 0, -0.008], "1:4:0:55:0": [-0.00992, -0.016896, -0.008, -0.016512], "1:4:90:55:0": [-0.009600000000000001, -0.008, -0.01568, -0.008], "0:5:90:55:0": [0, 0, 0, -0.008], "0:4:180:55:0": [-0.009600000000000001, -0.008, -0.008, -0.009600000000000001], "1:3:90:55:0": [-0.008, 0, -0.018579456, -0.009984], "0:3:90:55:0": [0, 0, 0, -0.009600000000000001], "0:4:90:55:0": [0, -0.009600000000000001, -0.008, -0.01536], "1:3:0:55:0": [-0.01536, -0.018524160000000005, -0.00992, -0.0169088], "1:2:0:55:0": [-0.01568, -0.01568, -0.0169088, -0.015744], "1:2:270:55:0": [-0.00992, -0.008, -0.018291200000000004, -0.016832], "1:1:0:55:0": [-0.011688959821186066, -0.008, -0.015744, -0.008], "5:1:180:55:0": [-0.0185787392, -0.0171392, -0.015744, -0.008], "5:0:180:55:0": [-0.00999936, -0.01718528, -0.018831360000000002, -0.016832], "5:2:180:55:0": [-0.016832, -0.0169088, -0.01568, -0.016832], "5:3:180:55:0": [-0.020659200000000003, -0.009600000000000001, -0.00992, -0.009600000000000001], "5:4:180:55:0": [-0.008, 0, -0.008, -0.009600000000000001], "5:4:90:55:0": [-0.00992, -0.0185708544, -0.008, -0.008], "4:4:90:55:0": [-0.008, -0.01568, 0, -0.008], "4:4:0:55:0": [-0.008, -0.009600000000000001, -0.008, 0], "6:4:90:55:0": [-0.016911872, -0.0189043712, -0.00992, -0.017188352], "6:4:0:55:0": [-0.0099968, -0.009600000000000001, -0.0189222912, -0.008], "6:5:0:55:0": [-0.009600000000000001, -0.01536, 0, -0.009984], "6:6:0:55:0": [0, -0.009600000000000001, 0, 0], "6:5:270:55:0": [-0.008, -0.00992, -0.008, 0], "5:5:270:55:0": [0, -0.009600000000000001, -0.008, -0.008], "5:5:180:55:0": [0, 0, 0, -0.008], "5:5:90:55:0": [-0.009600000000000001, 0, 0, 0],