{"1:0:0:56:0": [-0.01, 0, 0, -0.01375], "1:1:0:55:0": [-0.02158203125, -0.0165625, -0.01375, -0.013437500000000002], "1:2:0:55:0": [-0.024619140625, -0.0187109375, -0.0173797607421875, -0.0169921875], "1:2:270:55:0": [0, -0.00875, -0.020527343750000003, -0.017968750000000002], "0:2:270:55:0": [-0.00875, -0.014374999999999999, -0.009999999999999998, -0.01125], "1:2:180:55:0": [-0.014765625, -0.013125000000000001, -0.009687500000000002, -0.009687500000000002], "1:1:180:55:0": [-0.0148046875, -0.018242187500000003, -0.009375000000000001, -0.013125], "1:1:270:55:0": [-0.009375000000000001, -0.0075, -0.018437500000000002, -0.013125], "1:0:180:55:0": [-0.0146484375, -0.018183593750000004, -0.013125000000000001, -0.018789062500000002], "0:2:180:55:0": [-0.0125, -0.0170703125, -0.01125, -0.0075], "0:3:180:55:0": [-0.013125000000000001, -0.00875, -0.01671875, -0.0121875], "0:3:90:55:0": [-0.0075, -0.01125, -0.016875, -0.013437500000000002], "0:2:90:55:0": [-0.0075, -0.005, -0.013125000000000001, -0.009999999999999998], "0:2:0:55:0": [-0.009999999999999998, -0.01125, -0.01375, -0.01375], "1:2:90:55:0": [-0.0075, -0.016796875000000003, -0.016875, -0.013125000000000001], "2:2:90:55:0": [-0.009375000000000001, -0.013125000000000001, -0.009687500000000002, -0.00875], "2:2:180:55:0": [-0.005, 0, -0.00875, -0.0171875], "3:2:90:55:0": [-0.0125, -0.0075, -0.00875, -0.00875], "4:2:90:55:0": [-0.0075, -0.00875, -0.05000000074505806, -0.005], "5:2:90:55:0": [-0.005, 0, -0.012499999999999999, -0.005], "5:2:180:55:0": [-0.01125, -0.014531249999999999, -0.00875, -0.005], "5:3:180:55:0": [-0.009375000000000001, -0.018593750000000003, -0.0075, -0.0075], "5:4:180:55:0": [-0.015, -0.013125, -0.009687500000000002, -0.009375000000000001], "5:4:270:55:0": [-0.009375000000000001, -0.005, -0.0075, -0.014374999999999999], "5:4:0:55:0": [-0.009999999999999998, -0.005, -0.0075, -0.005], "5:4:90:55:0": [-0.012499999999999999, -0.005, -0.0075, -0.00875], "6:4:90:55:0": [0, -0.005, -0.014375, -0.0075], "6:4:180:55:0": [-0.009999999999999998, -0.0134375, -0.01125, -0.0075], "6:5:180:55:0": [-0.014687500000000001, -0.0075, -0.00875, -0.009999999999999998], "6:5:270:55:0": [-0.009843750000000002, -0.0075, 0, -0.0075], "5:5:270:55:0": [-0.005, 0.245, -0.013125, -0.012499999999999999], "6:5:90:55:0": [-0.0075, -0.0146875, -0.00875, -0.0075], "6:5:0:55:0": [-0.005, 0, -0.0075, 0], "6:6:0:55:0": [0, 0, -0.00875, -0.005], "6:6:270:55:0": [-0.005, -0.005, -0.053750000745058056, -0.005], "5:6:270:55:0": [-0.005, 0, -0.005, -0.01125], "5:6:180:55:0": [-0.01375, -0.005, -0.00875, -0.009687500000000002], "5:5:180:55:0": [-0.01125, -0.009999999999999998, 0.113125, -0.0075], "5:6:90:55:0": [-0.005, -0.005, -0.0146875, 0], "4:6:90:55:0": [-0.005, 0, -0.0075, 0], "4:6:180:55:0": [0.245, -0.005, 0, -0.0075], "4:5:180:55:0": [-0.005, 0, 0, -0.0075], "4:5:90:55:0": [0, -0.005, -0.005, 0], "5:5:90:55:0": [0, -0.014375, -0.0075, -0.0075], "6:4:270:55:0": [-0.009999999999999998, -0.009687500000000002, -0.0075, -0.005], "5:5:0:55:0": [-0.01125, -0.005, -0.0075, -0.00875], "6:4:0:55:0": [0, -0.009999999999999998, -0.00875, -0.005], "6:3:0:55:0": [-0.0075, -0.005, -0.009375000000000001, -0.00875], "6:3:90:55:0": [-0.005, -0.009687500000000002, -0.009375000000000001, -0.0075], "6:3:180:55:0": [-0.0075, -0.0125, -0.00875, -0.005], "6:3:270:55:0": [0, -0.005, -0.0134375, -0.005], "6:2:0:55:0": [-0.036250000372529026, -0.005, -0.009687500000000002, -0.0075], "6:2:270:55:0": [-0.0137109375, -0.00875, -0.0146875, -0.005], "6:1:0:55:0": [-0.0075, 0, 0, 0], "5:3:90:55:0": [0, -0.005, -0.009999999999999998, -0.005], "5:3:0:55:0": [0, -0.0075, -0.005, 0], "5:6:0:55:0": [-0.005, -0.0075, -0.0075, -0.005], "6:2:180:55:0": [-0.005, -0.005, -0.013125, 0], "6:1:180:55:0": [-0.005, 0, -0.005, -0.0075], "6:0:180:55:0": [0, -0.0075, 0, 0], "6:1:270:55:0": [0, 0, 0, -0.005], "6:1:90:55:0": [-0.0075, -0.009375000000000001, 0, -0.005], "5:1:90:55:0": [0, -0.005, -0.005, -0.009999999999999998], "5:1:0:55:0": [-0.0075, -0.01125, -0.005, -0.005], "5:0:0:55:0": [-0.0075, -0.00875, -0.0075, -0.00875], "5:0:90:55:0": [-0.0075, -0.005, 0, -0.00875], "6:0:90:55:0": [0, 0, -0.005, 0], "6:2:90:55:0": [0, -0.009375000000000001, -0.009375000000000001, -0.012499999999999999], "1:0:0:55:0": [-0.018437500000000002, -0.0159375, -0.020537109375, -0.013125000000000001], "1:0:270:55:0": [-0.017109375000000003, -0.013125000000000001, -0.01125, -0.016875], "1:3:180:55:0": [-0.014375, -0.015625, -0.0125, -0.00875], "3:2:0:55:0": [0, -0.01125, -0.009999999999999998, -0.012499999999999999], "3:2:180:55:0": [-0.0075, -0.0075, -0.011875, -0.014062499999999999], "3:2:270:55:0": [-0.0075, -0.005, -0.0075, -0.0121875], "2:2:270:55:0": [-0.009999999999999998, 0, -0.005, -0.005], "2:2:0:55:0": [-0.0075, -0.00875, -0.0075, 0], "2:3:0:55:0": [0, -0.005, -0.00875, 0], "2:3:90:55:0": [-0.01125, -0.0075, -0.009375000000000001, 0], "2:3:180:55:0": [-0.005, -0.009375000000000001, -0.0075, -0.005], "2:4:180:55:0": [-0.005, -0.00875, 0, -0.01125], "2:5:180:55:0": [-0.005, 0, -0.01125, -0.005], "2:5:90:55:0": [-0.005, -0.0075, -0.005, 0], "3:5:90:55:0": [0, 0, -0.0075, 0], "3:5:180:55:0": [-0.005, -0.005, -0.005, 0], "3:5:270:55:0": [0, -0.00875, -0.0075, -0.005], "2:5:270:55:0": [-0.0075, -0.00875, -0.0075, -0.005], "3:6:180:55:0": [0, 0, -0.005, 0], "3:6:270:55:0": [-0.005, -0.009999999999999998, 0, 0], "4:6:270:55:0": [0, 0, 0, 0.1175], "3:6:90:55:0": [-0.009999999999999998, 0, 0, -0.0075], "2:6:90:55:0": [-0.009999999999999998, -0.009999999999999998, -0.009687500000000002, -0.00875], "2:6:0:55:0": [-0.009375000000000001, 0, -0.01734375, -0.009999999999999998], "2:6:270:55:0": [-0.005, -0.01125, -0.00875, -0.005], "2:6:180:55:0": [0, -0.05500000074505806, -0.0075, -0.014375], "1:6:270:55:0": [-0.0075, -0.01125, -0.0121875, -0.00875], "1:6:180:55:0": [-0.005, -0.0075, -0.01125, -0.00875], "1:6:90:55:0": [-0.005, -0.0075, -0.012499999999999999, -0.014375], "1:6:0:55:0": [-0.014374999999999999, -0.014218749999999999, -0.00875, -0.014062499999999999], "1:5:0:55:0": [-0.01609375, -0.0125, -0.009375000000000001, -0.005], "0:6:270:55:0": [-0.0125, -0.012499999999999999, -0.0075, -0.0075], "1:4:0:55:0": [-0.01125, -0.014375, -0.01234375, -0.00875], "1:4:90:55:0": [-0.0075, -0.0075, -0.0159375, -0.014218750000000002], "1:4:180:55:0": [-0.014375, -0.0075, -0.0075, -0.014843750000000001], "1:4:270:55:0": [-0.005, -0.0075, -0.011875, -0.01125], "0:4:90:55:0": [-0.0075, -0.005, 0, -0.0075], "0:4:0:55:0": [-0.0075, -0.012421875, 0, -0.0075], "0:3:0:55:0": [-0.014062500000000002, -0.01125, -0.009999999999999998, -0.017617187500000003], "0:3:270:55:0": [-0.014843750000000001, -0.0075, -0.009843750000000002, -0.014375], "1:3:270:55:0": [-0.009375000000000001, -0.009999999999999998, -0.015000000000000001, -0.009999999999999998], "1:3:0:55:0": [-0.00875, -0.01703125, -0.011875, -0.011875], "0:4:270:55:0": [-0.005, -0.005, -0.009375000000000001, 0], "2:3:270:55:0": [-0.0075, -0.005, -0.005, -0.00875], "1:5:270:55:0": [-0.009999999999999998, 0, -0.01125, -0.009999999999999998], "1:3:90:55:0": [-0.0125, -0.0075, -0.0125, -0.014374999999999999], "1:1:90:55:0": [-0.01828125, -0.005, -0.0171875, -0.014687500000000001], "0:1:90:55:0": [-0.0194921875, -0.009999999999999998, -0.017109375000000003, -0.017031249999999998], "0:1:0:55:0": [-0.018124999999999995, -0.014374999999999999, -0.01625, -0.0146875], "0:1:180:55:0": [-0.0125, -0.01640625, -0.011875, -0.017890625], "0:1:270:55:0": [-0.01125, -0.009999999999999998, -0.01875, -0.01125], "0:4:180:55:0": [-0.0075, -0.005, -0.005, -0.005], "0:0:180:55:0": [-0.0075, -0.0165625, -0.0159375, -0.0075], "0:0:90:55:0": [0, -0.018388671875000002, -0.013125, -0.017812500000000002], "1:0:90:55:0": [-0.010019531250000002, -0.019023437500000004, -0.019375, -0.01703125], "2:0:90:55:0": [-0.019335937500000004, -0.014062499999999999, -0.0228515625, -0.018125000000000002], "2:0:180:55:0": [-0.0217559814453125, -0.0146875, -0.016015625, -0.018920898437500003],