{"4:1:0:46:45": [-0.8658270708708609, -0.8737241530333896, -0.0829064470187491, -0.9723127033684159], "4:1:90:46:45": [-0.6705941199348667, -0.8489573948300144, -0.8203301553944717, -0.8291370908978836], "4:1:270:46:45": [-0.8212588850261477, -0.2047132664154364, -0.8198064346338056, -0.8199750927381421], "3:1:270:46:45": [-0.06565999671993408, -0.05709626474496002, -0.055729495951749954, -0.05526560459980801], "3:1:90:46:45": [-0.06478071501041728, -0.06845492849984275, -0.06411676194448343, -0.06302785180639012], "3:1:0:46:45": [-0.0560318031628268, -0.9695999908447266, -0.06700726451015802, -0.053793824768], "3:2:0:46:45": [-0.05374420718610023, -0.05940287385757286, -0.05070620262400001, -0.050388856832000006], "3:3:0:46:45": [-0.04677790601052161, -0.050124126662164495, -0.0467728384, -0.04932456792064001], "3:4:0:46:45": [-0.03919255142400001, -0.04540588032000001, -0.04165806080000001, -0.044470886400000006], "3:3:270:46:45": [-0.8079999923706055, -0.046958960640000005, -0.049059323871232005, -0.04943705702400001], "3:1:180:46:45": [-0.9695999908447266, -0.8137790592506056, -0.05668625071865857, -0.06393085120160086], "4:1:180:46:45": [-0.9695999908447266, -0.8460631332928988, -0.9720679310093513, -0.8237407337478448], "2:1:270:46:45": [-0.057527408488202154, -0.051997415178240004, -0.05289582510080001, -0.053945725878272004], "2:1:90:46:45": [-0.058858997009937866, -0.06181701229703332, -0.056165322673356805, -0.056465388208128006], "2:1:180:46:45": [-0.9695999908447266, -0.052920795830681606, -0.05228332564480001, -0.05235002629155718], "3:2:180:46:45": [-0.05545007815065601, -0.04666435993600001, -0.046124814336000006, -0.05239401208872961], "3:3:180:46:45": [-0.04225032192000001, -0.044324966400000006, -0.044409671680000005, -0.041542758400000004], "3:3:90:46:45": [-0.0434625536, -0.8079999923706055, -0.04202416128000001, -0.050869120362086406], "2:3:90:46:45": [-0.04913423974400001, -0.049733394432000005, -0.0414154752, -0.04505856000000001], "1:3:90:46:45": [-0.9695999908447266, -0.04870195200000001, -0.04296192000000001, -0.04415767347200001], "1:3:0:46:45": [-0.037426588876800004, -0.03789209600000001, -0.04536422400000001, -0.039147520000000005], "1:4:0:46:45": [-0.03853109248000001, -0.04181515550720001, -0.037888000000000005, -0.03778611200000001], "1:4:270:46:45": [-0.034111999999999996, -0.8079999923706055, -0.04289994752000001, -0.032583680000000004], "1:1:270:46:45": [-0.05276266741760001, -0.8079999923706055, -0.05065842688000001, -0.04860755968], "2:1:0:46:45": [-0.05041613684736001, -0.9695999908447266, -0.05676142283980801, -0.05648852484096001], "2:2:0:46:45": [-0.0437249073152, -0.048355996467200006, -0.048704925696000004, -0.042438963200000006], "2:2:270:46:45": [-0.043303936, -0.048278384640000005, -0.04681586606080001, -0.05027237888000001], "3:2:270:46:45": [-0.8079999923706055, -0.04725886976000001, -0.04892366438400001, -0.05240608358400001], "1:2:270:46:45": [-0.04606740480000001, -0.8079999923706055, -0.04243720192000001, -0.04721045504], "1:2:180:46:45": [-0.0409882624, -0.04266149888000001, -0.0450757632, -0.04485836800000001], "1:1:180:46:45": [-0.8079999923706055, -0.04710285312, -0.05048494080000001, -0.050599950414396785], "1:1:90:46:45": [-1.0083839904785157, -0.0511528987843992, -0.8150625203706056, -0.0524423569408], "2:2:180:46:45": [-0.0460019089408, -0.04572817899520001, -0.04905392128000001, -0.044456448], "2:3:180:46:45": [-0.04762091520000001, -0.0396095488, -0.04404162560000001, -0.047852544000000004], "2:3:270:46:45": [-0.05272996249600001, -0.03947468800000001, -0.04287948800000001, -0.04646144000000001], "1:3:270:46:45": [-0.035409920000000004, -0.8079999923706055, -0.0366372864, -0.041529856000000004], "2:3:0:46:45": [-0.038938624000000005, -0.043046993920000005, -0.048309080064000004, -0.040971776], "2:4:0:46:45": [-0.03538575360000001, -0.03969988608000001, -0.04022528, -0.03404236800000001], "2:4:270:46:45": [-0.038184960000000004, -0.03493376, -0.0408585216, -0.034447359999999996], "3:4:270:46:45": [-0.8079999923706055, -0.04098109440000001, -0.03625984000000001, -0.04119889920000001], "3:2:90:46:45": [-0.04546918400000001, -0.8079999923706055, -0.04825446400000001, -0.05350366081843201], "2:2:90:46:45": [-0.047087104000000005, -0.04824608768000001, -0.04274765824000001, -0.042006114304], "1:2:90:46:45": [-0.9695999908447266, -0.04477388800000001, -0.04805783552000001, -0.04132300800000001], "3:5:0:46:45": [-0.03377154048, -0.04523366400000001, -0.04015360000000001, -0.032204800000000006], "3:5:270:46:45": [-0.8079999923706055, -0.0331392, -0.034314649600000004, -0.041187328], "1:1:0:46:45": [-0.046976737280000014, -0.8079999923706055, -0.04735141888000001, -0.05049460817920001], "1:2:0:46:45": [-0.04344258969600001, -0.041679360000000006, -0.039997952, -0.0405095424], "1:3:180:46:45": [-0.03712000000000001, -0.037938872320000004, -0.04234291200000001, -0.04069017600000001], "2:4:180:46:45": [-0.037365760000000005, -0.034289152, -0.036026880000000004, -0.0331392], "2:5:180:46:45": [-0.038084608000000006, -0.03334656, -0.03299328000000001, -0.030822400000000007], "2:4:90:46:45": [-0.0326272, -0.034399232, -0.03272704, -0.033589248], "1:4:90:46:45": [-0.8079999923706055, -0.033036800000000005, -0.030822400000000007, -0.0382590976], "3:4:180:46:45": [-0.04183859200000001, -0.041192841216000003, -0.04035276800000001, -0.039636992], "1:4:180:46:45": [-0.029107200000000007, -0.03373303808, -0.03294976000000001, -0.0328832], "3:4:90:46:45": [-0.03655475200000001, -0.8079999923706055, -0.04089835520000001, -0.039147520000000005], "3:5:180:46:45": [-0.045170212864000005, -0.03883018240000001, -0.03810560000000001, -0.03839232000000001], "3:6:180:46:45": [-0.04380712960000001, -0.03028531200000001, -0.029644800000000006, -0.0354816], "2:5:0:46:45": [-0.028577382400000004, -0.038745600000000005, -0.028672000000000003, -0.03500032], "2:6:0:46:45": [-0.026035712000000003, -0.0312192, -0.0324608, -0.032204800000000006], "2:7:0:46:45": [-0.02464256, -0.024704, -0.024256000000000003, -0.029376000000000006], "2:8:0:46:45": [-0.0243328, -0.026250240000000005, -0.022720000000000004, -0.01888], "2:9:0:46:45": [-0.01632, -0.022400000000000003, -0.022720000000000004, -0.016], "2:10:0:46:45": [-0.009600000000000001, -0.014400000000000003, -0.016, -0.008], "2:11:0:46:45": [-0.008, -0.014400000000000003, 0, -0.008], "2:11:270:46:45": [-0.008, -0.008, -0.008, -0.008], "3:11:270:46:45": [-0.8079999923706055, -0.008, 0, 0], "1:5:0:46:45": [-0.0338386944, -0.03849984000000001, -0.032194560000000004, -0.03656960000000001], "1:6:0:46:45": [-0.028380160000000005, -0.027084288000000005, -0.03169280000000001, -0.03339264], "1:7:0:46:45": [-0.025472, -0.023680000000000003, -0.024, -0.025023999999999998], "1:8:0:46:45": [-0.016384000000000003, -0.029568000000000007, -0.024, -0.016], "1:9:0:46:45": [-0.00992, -0.014400000000000003, -0.016, -0.021440000000000004], "1:10:0:46:45": [-0.009600000000000001, -0.014400000000000003, -0.008, -0.008], "1:11:0:46:45": [-0.008, 0, 0, -0.008], "1:11:270:46:45": [-0.008, -0.8079999923706055, 0, 0], "3:6:0:46:45": [-0.027236352000000002, -0.0314752, -0.026048000000000005, -0.03265536], "2:5:270:46:45": [-0.04014950400000001, -0.034097152, -0.03436800000000001, -0.0328192], "3:5:90:46:45": [-0.03539200000000001, -0.8079999923706055, -0.0428798976, -0.038502400000000006], "2:5:90:46:45": [-0.0276096, -0.040912998400000004, -0.03198720000000001, -0.028362240000000004], "1:5:90:46:45": [-0.9695999908447266, -0.030707200000000004, -0.0344395776, -0.03462144], "2:6:180:46:45": [-0.033495040000000004, -0.025612799999999998, -0.029952000000000006, -0.03794944], "1:5:270:46:45": [-0.03933644800000001, -0.8079999923706055, -0.031346688000000004, -0.030912000000000002], "1:5:180:46:45": [-0.033071001600000004, -0.0305618944, -0.027904, -0.032204800000000006], "1:6:180:46:45": [-0.027084288000000005, -0.032189952, -0.031744, -0.031232000000000003],