{"1:0:0:55:0": [-0.009984, -0.0171423744, -0.025126400000000004, -0.018524160000000005], "1:1:0:55:0": [-0.01717248, -0.018853376, -0.02481180672, -0.02532040704], "1:1:270:55:0": [-0.0210432, -0.018911232, -0.025179832320000005, -0.023956582400000002], "2:1:270:55:0": [-0.01536, -0.0189130752, -0.02325504, -0.0247990272], "2:1:0:55:0": [0.2203994468515185, -0.02240768, 0.09273770799982717, -0.01536], "2:2:0:55:0": [0.32243034284933125, 0.1475516017330933, -0.00992, -0.01879808], "2:3:0:55:0": [0.40997376817382813, 0.22049097197151848, 0.23352491718543755, 0.2768402646697], "2:4:0:55:0": [0.47040000915527347, 0.2742927416953125, 0.28540539471679693, 0.36150604680407816], "2:2:90:55:0": [-0.008, -0.0169088, -0.009600000000000001, 0.18410035698536104], "3:2:90:55:0": [-0.0171392, -0.00999936, -0.00992, -0.016512000000000006], "4:2:90:55:0": [-0.0171264, 0, -0.0171976704, -0.016832000000000003], "4:2:180:55:0": [-0.00992, -0.018524672, 0.04518974685350502, -0.009984], "4:3:180:55:0": [-0.0171264, -0.00992, -0.0099968, -0.0182144], "4:3:270:55:0": [-0.016896, -0.008, -0.00992, -0.01568], "4:4:180:55:0": [-0.0182144, 0.2532801500438039, -0.008, 0.11594042978270794], "4:5:180:55:0": [0.2299379698063747, 0, -0.008, -0.008], "4:5:90:55:0": [-0.008, -0.008, -0.008, -0.008], "5:5:90:55:0": [0.39040000762939453, -0.008, 0, -0.008], "6:5:90:55:0": [-0.009600000000000001, -0.008, 0, -0.008], "6:5:0:55:0": [0, -0.009600000000000001, -0.008, 0], "6:4:0:55:0": [-0.009600000000000001, -0.017142272, -0.009600000000000001, 0], "6:3:0:55:0": [-0.0099968, -0.009600000000000001, -0.009984, -0.016911872], "5:5:0:55:0": [0, -0.008, -0.008, 0], "3:5:90:55:0": [0.4860800094604492, 0, 0, 0], "2:0:0:55:0": [-0.0224256, -0.01861376, -0.015744, -0.022945280000000002], "2:0:90:55:0": [-0.0171392, -0.0157568, -0.0234785792, -0.02271488], "2:2:270:55:0": [0.021400617734523612, -0.023854080000000003, -0.009984, -0.00992], "2:3:270:55:0": [0.12421525553485005, 0.03706941680923123, 0.33225401003437505, 0.21703320870477302], "3:2:270:55:0": [0.04518974685350502, -0.018048, 0.005211964768857004, -0.016896], "2:2:180:55:0": [-0.009600000000000001, -0.009984, -0.008, 0.09697413419121662], "2:3:180:55:0": [-0.016512, 0.10232136361731042, 0.2767481046697, 0.19447453710131254], "3:3:270:55:0": [-0.01536, 0.18629896602062504, -0.013760000000000001, -0.008], "4:3:0:55:0": [-0.016896, 0.07922931507431251, -0.008, 0.1858713639550781], "4:3:90:55:0": [0.129807266712945, -0.009984, -0.016512, -0.01536], "3:3:90:55:0": [0.28684250321311755, -0.016512, -0.009600000000000001, -0.00992], "3:3:0:55:0": [-0.009600000000000001, -0.016512000000000006, 0.183871246380028, -0.008], "3:4:0:55:0": [0.1878528039550782, -0.008, -0.008, -0.008], "3:4:270:55:0": [0.08142569677031253, 0.18670080395507815, -0.009600000000000001, -0.008], "3:5:0:55:0": [-0.008, 0, 0.3855360076904297, -0.008], "3:5:270:55:0": [0, 0, -0.008, 0], "1:0:270:55:0": [-0.024772607999999998, -0.01718784, -0.01884416, -0.023710208], "1:0:90:55:0": [-0.00992, -0.018855935999999997, -0.0182784, -0.015188479999999999], "1:0:180:55:0": [-0.023927808000000002, -0.018844160000000002, -0.025316352, -0.0171264], "1:1:180:55:0": [-0.024045056000000002, -0.018293760000000003, -0.025315635200000002, -0.023788781568000003], "1:1:90:55:0": [-0.0169119744, -0.0185659392, -0.018968023039999997, -0.024781209600000003], "0:1:90:55:0": [-0.01568, -0.015759872, -0.018324479999999997, -0.015744], "2:1:90:55:0": [-0.024826345881600004, -0.024741888, -0.025442496512, 0.1462613617330933], "0:1:180:55:0": [-0.022361600000000002, -0.017185279999999997, -0.018869452800000002, -0.0186752], "0:1:270:55:0": [-0.0189246464, -0.018508800000000002, -0.009984, -0.018856550399999998], "1:2:180:55:0": [-0.023887872, 0.1387295257037085, -0.023998976, -0.009600000000000001], "1:2:270:55:0": [-0.01879808, -0.018048, -0.018856448, -0.018048], "1:2:0:55:0": [0.07770129468205203, -0.00992, -0.0099968, -0.022726656], "1:3:0:55:0": [0.19690270963642506, -0.01878528, 0.2230081832056108, 0.14376415293013858], "1:4:0:55:0": [0.08008802903887502, 0.1533181414840505, 0.24315374994000005, 0.15277189461718751], "1:4:270:55:0": [0.3521515797003907, 0.1311049780792, 0.16508669995680006, 0.09956360028437505], "1:4:180:55:0": [0.1530470233446585, 0.060989088204750054, 0.1527078946171875, 0.1268060188476563], "1:5:0:55:0": [-0.008, 0.12456670699843753, 0, -0.008], "1:6:0:55:0": [0, 0, -0.008, 0], "1:6:90:55:0": [-0.00992, 0, -0.008, 0], "1:6:180:55:0": [0.049224240170625044, 0, 0, -0.008], "0:6:90:55:0": [-0.01536, -0.009600000000000001, -0.009600000000000001, -0.009600000000000001], "0:6:180:55:0": [0.03506509372207603, 0, -0.009600000000000001, -0.013760000000000001], "0:6:270:55:0": [-0.008, -0.00992, 0, -0.009600000000000001], "1:6:270:55:0": [0, 0, 0, -0.008], "1:5:180:55:0": [0.09964040028437506, -0.008, 0, -0.008], "1:4:90:55:0": [0.18842805276337504, 0.28540539471679693, 0.12187776418125001, 0.20699155382145004], "1:3:180:55:0": [-0.018613760000000003, 0.08330033357031255, 0.11559660054827095, 0.2230081832056108], "0:2:270:55:0": [-0.018214400000000002, -0.01536, -0.009600000000000001, -0.01872128], "0:2:0:55:0": [-0.009600000000000001, -0.009600000000000001, -0.008, -0.014912000000000003], "0:1:0:55:0": [-0.008, -0.014912000000000003, -0.022656000000000003, -0.018911232], "0:2:180:55:0": [-0.018324479999999997, 0.03325558332207603, -0.011366399821186066, -0.009984], "0:2:90:55:0": [-0.009984, -0.00992, -0.018634752000000004, -0.013760000000000001], "1:2:90:55:0": [-0.0099968, 0, -0.01568, -0.01568], "0:3:180:55:0": [-0.01883136, 0.13406366224989003, 0.00688147799324562, 0], "0:4:180:55:0": [-0.008, 0.09709486649803292, 0.1311246630980325, 0.18697420401367504], "0:4:270:55:0": [0.159202770401875, 0.127025147514225, 0.15161747930781524, 0.09485599864415202], "1:3:90:55:0": [0.17252837126294596, 0.263495344844325, 0.1708584804512752, 0.16428058509153426], "0:3:90:55:0": [0.1406495257037085, 0.20645767458848402, 0.04198593198649123, -0.016512], "0:0:90:55:0": [-0.015744, -0.0167424, -0.016896, -0.016832], "0:0:0:55:0": [-0.009600000000000001, -0.01568, -0.020659200000000003, -0.0182144], "0:0:270:55:0": [-0.024940339200000005, -0.00992, -0.01536, -0.02353152], "2:0:180:55:0": [-0.026388764688384, -0.025425100800000003, -0.023017488384, -0.01855488], "0:0:180:55:0": [-0.0224256, -0.01826048, -0.016832, -0.0171392], "2:0:270:55:0": [-0.018324479999999997, -0.0170624, -0.018776576, -0.026389152399360002], "3:2:0:55:0": [-0.016832, -0.018954752, -0.016512, 0.02261661773452361], "2:3:90:55:0": [0.2221941489955918, -0.015744, 0.15589078280182003, 0.3341161131123438], "2:4:180:55:0": [0.15589078280182003, 0, 0.2876017559467188, -0.009600000000000001], "2:4:90:55:0": [0.24581524150187506, -0.009600000000000001, -0.008, 0.32908800659179693], "2:4:270:55:0": [0.12450457884765628, 0.2890032664463126, 0.4133329387992188, -0.009600000000000001], "3:0:0:55:0": [-0.0189735231488, -0.015744, -0.016832, -0.01852416], "3:1:0:55:0": [-0.00999936, -0.022208000000000002, -0.023870078976, -0.01714176], "3:1:270:55:0": [-0.008, -0.022498979840000002, -0.018822656, -0.01710848], "3:1:180:55:0": [-0.0171392, -0.0157599744, -0.0171264, -0.025312567296], "3:2:180:55:0": [-0.018622976, -0.01536, -0.016896, -0.0171392], "4:2:270:55:0": [-0.008, -0.016832, 0.07814131507431252, 0.021234217734523615], "0:4:90:55:0": [0.14886564839812502, 0.24536952624156255, 0.15030253093304202, 0.12041409621598004], "3:4:90:55:0": [0, -0.009984, -0.008, -0.013760000000000001], "4:4:90:55:0": [-0.009600000000000001, -0.009984, 0.1743617080315388, -0.016896], "4:4:0:55:0": [0.39008000762939454, -0.008, -0.009600000000000001, -0.008], "3:6:0:55:0": [0, 0.1894528039550782, -0.008, -0.008], "3:6:270:55:0": [0, 0, -0.008, -0.009600000000000001], "3:6:180:55:0": [0, -0.00992, -0.009600000000000001, -0.009600000000000001], "3:6:90:55:0": [-0.008, -0.008, -0.009600000000000001, -0.008], "2:6:90:55:0": [0, -0.008, -0.013760000000000001, -0.008],