{"0:0:0:227:0": [0.28634451084829393, 0.5533079828849976, 1.056023920890055, 0.31777534885182124], "0:0:90:227:0": [0.7214472357435873, 1.2355842282050586, 0.9791416203002028, 0.9944126902030144], "0:0:180:227:0": [0.5641574127544371, 0.09856708645820618, 0.25191606220419555, 1.0792633597010655], "0:0:270:227:0": [0.8867868993829227, 0.2399698364358836, 0.6431839444823406, 0.3996686912692154], "1:0:270:227:0": [0.7420637745632617, 0.5777276547833188, 1.3251712623393823, 0.4666763881137157], "2:0:270:227:0": [0.09338432699441909, 0.5180948408485999, 1.0083770177032112, 0.3223998590910908], "1:0:0:227:0": [0.7493328051255771, 1.107165208989263, 1.1631043120833877, 1.1207108424932026], "1:0:90:227:0": [1.015165486434093, 1.1582775983964781, 1.0106779229728002, 1.4840710508412593], "1:0:180:227:0": [0.35379175482482966, 0.9603905394402801, 0.9808587019938744, 1.0922134036020497], "2:0:90:227:0": [1.294967498749088, 0.7648787873955181, 0.8910816905977199, 0.43265618944067624], "2:0:0:227:0": [0.5269878968278892, 0.37022734010908814, 1.1362194239848713, 0.31059832680508714], "2:-1:0:227:0": [0.6258605140038898, 0.02564453125, 0.09407317645153443, 0.021276931762695316], "2:0:180:227:0": [0.6054487021983626, 0.5354361843957401, 0.7481217144852774, 0.9685286187914803], "3:0:270:227:0": [-0.009375000000000001, 0.19936399844611585, -0.014999999999999998, -0.01125], "4:0:270:227:0": [0, -0.011875, -0.005, -0.0075], "4:0:180:227:0": [0, -0.005, -0.005, -0.0075], "3:0:180:227:0": [-0.005, -0.0022463703155517567, 0.0680029048025608, -0.01125], "3:0:90:227:0": [0.9495982764548536, 0.1768536168846821, -0.0022463703155517567, 0.08296568936727224], "3:0:0:227:0": [-0.012499999999999999, -0.0125, 0.23083807915122279, -0.012499999999999999], "2:1:0:227:0": [0.3044942211040833, 1.0110149272749536, 0.3287243097686275, 0.5998587942694438], "2:1:270:227:0": [-0.005, 1.3358472385040479, 0.2994262368631342, 0.0168359375], "2:1:180:227:0": [0.44785598060486004, 0, 0, -0.0075], "2:1:90:227:0": [0.4500374040038831, -0.0075, -0.005, 0.7574530857273536], "1:1:90:227:0": [0.24418963519451556, 0.3852093174538632, 1.1052064111134263, 1.4867792010865601], "1:1:0:227:0": [1.4864206121682453, 1.4966662196001725, 1.4778692803155993, 1.4073227820887588], "1:2:0:227:0": [1.486303654229669, 1.4885465513813987, 1.4245486130912468, 1.4753920648974304], "1:1:270:227:0": [1.119260269536362, 1.0465080811048868, 1.474550180101439, 1.185297448565099], "2:2:0:227:0": [-0.009576721191406252, 0.8233708935700135, -0.0075, 0.016015625], "2:2:90:227:0": [-0.005, -0.005, -0.0075, 0.532143452049253], "1:2:90:227:0": [0.753869284510782, 0.16188373779910992, 1.3465794430077977, 1.4741093924835371], "2:2:180:227:0": [0, 0, -0.005, 0.01592406469080117], "2:2:270:227:0": [-0.005, 1.2583422086567673, 0.0018948364257812475, 0], "3:2:270:227:0": [0, 0, -0.005, 0], "3:2:0:227:0": [-0.005, -0.0075, -0.005, 0], "3:3:0:227:0": [-0.005, -0.0075, -0.005, -0.005], "3:1:0:227:0": [0, -0.0075, -0.0075, 0], "4:0:90:227:0": [0.3250785008289089, -0.0075, -0.005, -0.013125], "4:0:0:227:0": [-0.0075, -0.005, 0.1266029611080028, -0.0075], "-1:0:90:227:0": [0, 0.18497032642364503, -0.009375000000000001, -0.015312500000000001], "-1:0:180:227:0": [0, -0.0075, -0.01125, -0.0075], "-1:0:0:227:0": [-0.009999999999999998, -0.015000000000000001, -0.009375000000000001, -0.009999999999999998], "0:-1:180:227:0": [-0.0075, 0.08605607032775879, -0.005, -0.00875], "0:-1:90:227:0": [-0.009375000000000001, 0, -0.01125, -0.00875], "0:-1:0:227:0": [0.17446649336968084, -0.00875, -0.009375000000000001, -0.005], "0:-2:180:227:0": [-0.005, -0.005, 0, 0], "0:-3:180:226:0": [-0.5049999952316284, -0.0075, -0.005, 0], "1:-1:180:227:0": [0, 0, -0.005, 0], "1:-1:270:227:0": [0.03673570707440378, -0.005, 0.22644429378039596, 0], "0:-1:270:227:0": [-0.005, 0, -0.005, -0.005], "0:-2:0:227:0": [-0.0075, -0.005, -0.0075, 0], "0:-2:90:227:0": [0, -0.005, 0, -0.0075], "-1:0:270:227:0": [-0.00875, -0.2574999976158142, -0.013125000000000001, -0.005], "1:3:0:227:0": [0.6722684654015617, 1.4862994884348022, 0.7175360326190917, 0.8324251095976036], "1:3:90:227:0": [-0.0075, -0.0075, 0.2459837567602537, 1.0058987938422814], "1:2:270:227:0": [0.8062135703204363, 1.2446278106828061, 1.5210970713086032, 1.2951676085681667], "0:2:270:227:0": [1.4763426915733313, 0.7182056924247686, 0.22111813293042637, 0.4454209045869738], "0:2:0:227:0": [-0.00875, 0.28232537058500984, 0.012139831036329266, 1.2243814758261506], "0:2:180:227:0": [0.48097604707337405, 0, 1.0274852570348534, 0.018209746554493898], "0:1:180:227:0": [0.9349986943546007, 0.12293483067552051, 0.08757812499999998, 0.002343750000000001], "0:1:270:227:0": [1.149766004884147, 0.42869301522986275, 0.1144923185330117, 0.4602778702010998], "1:4:0:227:0": [0.16144057283356794, 0.832340963164941, -0.00019531250000000126, -0.0045312500000000006], "1:3:180:227:0": [0.784176498598795, 0, 0, -0.005], "2:3:90:227:0": [-0.005, -0.0075, 0, -0.0075], "3:3:90:227:0": [0, 0, 0, -0.00875], "3:2:90:227:0": [-0.0075, 0, 0, -0.005], "4:1:0:227:0": [-0.005, -0.0075, -0.005, 0], "2:-1:270:227:0": [-0.01125, 0, 0.08847141414880755, 0.046201171875], "3:-1:270:227:0": [-0.005, 0.025212478637695313, -0.005, -0.005], "3:-1:180:227:0": [-0.005, 0, -0.005, 0], "4:-1:270:227:0": [0, -0.005, 0, 0], "3:-1:0:227:0": [-0.0075, 0, -0.005, 0], "3:-1:90:227:0": [-0.0075, 0, -0.005, 0], "2:-1:90:227:0": [0, -0.0075, -0.005, 0.1796674755752396], "2:-1:180:227:0": [-0.005, 0.5196715777815938, 0.04350231170654298, -0.0075], "3:-2:180:227:0": [-0.5049999952316284, 0, -0.005, -0.005], "3:-2:270:227:0": [0, -0.003574218750000001, -0.005, 0], "2:-2:270:227:0": [-0.009375000000000001, -0.01125, 0.024052734375000002, 0], "2:-2:0:227:0": [0.038203125000000004, -0.00875, -0.005, -4.882812500000091e-05], "2:-2:180:227:0": [0, 0, -0.005, 0], "3:-2:0:227:0": [0, 0, -0.005, 0], "3:-2:90:227:0": [-0.005, 0, -0.0075, 0], "2:-2:90:227:0": [-0.005, -0.005, 0, 0.014101562500000001], "1:-2:90:227:0": [0, -0.005, -0.005, -0.005], "3:1:90:227:0": [-0.0018551635742187526, -0.005, -0.005, 0], "0:1:90:227:0": [-0.005, -0.0075, 0.5287180887872235, 0.17271444205780911], "0:1:0:227:0": [0.06669223314151168, 0.36042888411561824, -0.005, 0.6159109944318766], "2:3:0:227:0": [-0.0075, 0.04414640819019609, -0.00875, -0.005], "2:4:0:227:0": [-0.0075, -0.005, 0, -0.005], "2:5:0:227:0": [-0.0075, 0, -0.005, -0.0075], "2:5:90:227:0": [-0.005, 0, 0, -0.005], "2:5:270:227:0": [-0.0075, -0.005, -0.005, -0.005], "1:5:270:227:0": [-0.005, 0, -0.0009570312500000011, 0], "3:5:270:227:0": [-0.005, -0.009999999999999998, 0, 0], "2:6:0:227:0": [0, -0.005, 0, -0.005], "2:6:270:227:0": [0, -0.005, 0, 0], "1:6:270:227:0": [0, 0, 0, -0.005], "1:6:180:227:0": [-0.005, 0, 0, 0], "1:5:180:227:0": [0, 0, -0.005, -0.005], "1:5:90:227:0": [-0.005, 0, -0.005, -0.0005468750000000005], "1:5:0:227:0": [0.11374999999999999, 0.2255275346114239, -0.005, -0.005], "1:4:90:227:0": [0, -0.0096484375, -0.005, 0.4163657940824705], "1:6:0:227:0": [0.245, -0.0020312500000000005, -0.005, 0], "2:4:90:227:0": [-0.0005468750000000005, -0.005, -0.0075, -0.005], "2:4:180:227:0": [0, -0.005, -0.0075, 0], "2:4:270:227:0": [-0.01125, -0.0075, -0.005, 0], "3:4:270:227:0": [-0.005, -0.005, -0.0075, -0.005], "3:4:0:227:0": [-0.005, -0.005, -0.005, 0], "3:3:270:227:0": [-0.0075, -0.005, 0, 0], "4:3:270:227:0": [-0.005, -0.005, 0, 0], "5:3:270:227:0": [-0.005, 0, 0, 0], "6:3:270:227:0": [-0.0075, 0, 0, -0.005], "6:3:180:227:0": [0, -0.0075, 0, 0], "6:4:180:227:0": [-0.005, 0, -0.005, 0], "6:4:270:227:0": [-0.005, 0, -0.005, 0], "6:4:0:227:0": [0, -0.005, 0, 0], "6:3:0:227:0": [0, 0, 0, -0.005], "7:3:270:227:0": [-0.0075, -0.005, 0, -0.005], "8:3:270:227:0": [0, -0.005, -0.005, 0], "8:3:0:227:0": [-0.005, -0.005, -0.005, 0], "8:2:0:227:0": [-0.005, 0, 0, 0], "8:4:0:227:0": [0, -0.005, -0.0075, 0], "8:4:90:227:0": [0, -0.005, 0, -0.005], "9:4:90:227:0": [0, -0.005, 0, 0], "10:4:90:227:0": [0, 0, 0, -0.005],