{"4:1:0:46:45": [-0.8658270708708609, -0.8737241530333896, -0.3616247203965903, -0.9723127033684159], "4:1:90:46:45": [-0.1049362389219761, -0.8489573948300144, -0.8534621024722661, -0.8471889637358471], "4:1:270:46:45": [-0.8212588850261477, -0.2047132664154364, -0.8198064346338056, -0.8199750927381421], "3:1:270:46:45": [-0.06565999671993408, -0.061017185091584006, -0.06397134172061142, -0.06440212149488846], "3:1:90:46:45": [-0.06478071501041728, -0.06845492849984275, -0.07196002991300203, -0.06834208291366789], "3:1:0:46:45": [-0.06289885496851326, -0.9695999908447266, -0.06700726451015802, -0.06297124863344641], "3:2:0:46:45": [-0.05616711215722005, -0.05940287385757286, -0.05451658772480001, -0.05588486717440001], "3:3:0:46:45": [-0.04677790601052161, -0.050124126662164495, -0.05097389670400001, -0.04932456792064001], "3:4:0:46:45": [-0.041602350284800006, -0.04540588032000001, -0.04165806080000001, -0.044470886400000006], "3:3:270:46:45": [-0.8079999923706055, -0.046958960640000005, -0.049059323871232005, -0.04943705702400001], "3:1:180:46:45": [-0.9695999908447266, -0.8137790592506056, -0.06646118117699434, -0.06393085120160086], "4:1:180:46:45": [-0.9695999908447266, -0.9772126190291852, -0.9720679310093513, -0.846274041301875], "2:1:270:46:45": [-0.057527408488202154, -0.05728553077964801, -0.058912074498048014, -0.053945725878272004], "2:1:90:46:45": [-0.058858997009937866, -0.06181701229703332, -0.06105972505051137, -0.056465388208128006], "2:1:180:46:45": [-0.9695999908447266, -0.052920795830681606, -0.06077332520960001, -0.05235002629155718], "3:2:180:46:45": [-0.05545007815065601, -0.04666435993600001, -0.046124814336000006, -0.05239401208872961], "3:3:180:46:45": [-0.04225032192000001, -0.044324966400000006, -0.044409671680000005, -0.05107859456], "3:3:90:46:45": [-0.04982489088000001, -0.8079999923706055, -0.049639038976000006, -0.050869120362086406], "2:3:90:46:45": [-0.04913423974400001, -0.049733394432000005, -0.04797073408, -0.04505856000000001], "1:3:90:46:45": [-0.9695999908447266, -0.04870195200000001, -0.04296192000000001, -0.04415767347200001], "1:3:0:46:45": [-0.037426588876800004, -0.03789209600000001, -0.04536422400000001, -0.039147520000000005], "1:4:0:46:45": [-0.03853109248000001, -0.04181515550720001, -0.037888000000000005, -0.03778611200000001], "1:4:270:46:45": [-0.04537036800000001, -0.8079999923706055, -0.04289994752000001, -0.04087654400000001], "1:1:270:46:45": [-0.05276266741760001, -0.8079999923706055, -0.05571307520000002, -0.05810946457600001], "2:1:0:46:45": [-0.05639993189990401, -0.9695999908447266, -0.05676142283980801, -0.05648852484096001], "2:2:0:46:45": [-0.050356596932608, -0.048355996467200006, -0.048704925696000004, -0.053940485488640014], "2:2:270:46:45": [-0.05579971870720001, -0.048278384640000005, -0.052343099064320005, -0.05027237888000001], "3:2:270:46:45": [-0.8079999923706055, -0.052094922752000006, -0.05834969497600001, -0.05240608358400001], "1:2:270:46:45": [-0.04606740480000001, -0.8079999923706055, -0.04983092838400001, -0.04721045504], "1:2:180:46:45": [-0.05387993497600001, -0.04688339763200001, -0.0450757632, -0.04485836800000001], "1:1:180:46:45": [-0.8079999923706055, -0.05154976972800001, -0.058623729664000014, -0.050599950414396785], "1:1:90:46:45": [-1.0083839904785157, -0.06316283789556529, -0.8150625203706056, -0.0524423569408], "2:2:180:46:45": [-0.0460019089408, -0.04572817899520001, -0.04905392128000001, -0.044456448], "2:3:180:46:45": [-0.04762091520000001, -0.04474341376, -0.04404162560000001, -0.047852544000000004], "2:3:270:46:45": [-0.05272996249600001, -0.044222873600000004, -0.05099319296000002, -0.04646144000000001], "1:3:270:46:45": [-0.04938557440000001, -0.8079999923706055, -0.0366372864, -0.041529856000000004], "2:3:0:46:45": [-0.04491292672000001, -0.043046993920000005, -0.048309080064000004, -0.047774105600000005], "2:4:0:46:45": [-0.042712387584000006, -0.03969988608000001, -0.04022528, -0.0423663616], "2:4:270:46:45": [-0.044644864000000006, -0.04105369600000001, -0.0408585216, -0.041400832], "3:4:270:46:45": [-0.8079999923706055, -0.04098109440000001, -0.04660600913920001, -0.04119889920000001], "3:2:90:46:45": [-0.05069872824320001, -0.8079999923706055, -0.04825446400000001, -0.05350366081843201], "2:2:90:46:45": [-0.047087104000000005, -0.04824608768000001, -0.04274765824000001, -0.05035239342080001], "1:2:90:46:45": [-0.9695999908447266, -0.04477388800000001, -0.04805783552000001, -0.04867223552], "3:5:0:46:45": [-0.03377154048, -0.04523366400000001, -0.04015360000000001, -0.04095232], "3:5:270:46:45": [-0.8079999923706055, -0.0408832, -0.034314649600000004, -0.041187328], "1:1:0:46:45": [-0.049393709056000004, -0.8079999923706055, -0.058392602803519364, -0.05049460817920001], "1:2:0:46:45": [-0.04344258969600001, -0.054217007104000015, -0.04905799680000001, -0.050051670016000006], "1:3:180:46:45": [-0.048214609920000005, -0.041894334464, -0.04234291200000001, -0.04069017600000001], "2:4:180:46:45": [-0.037365760000000005, -0.03951575040000001, -0.043152384, -0.040729600000000005], "2:5:180:46:45": [-0.038084608000000006, -0.035159552, -0.0418763776, -0.036252160000000005], "2:4:90:46:45": [-0.03918336000000001, -0.034399232, -0.041976729600000005, -0.033589248], "1:4:90:46:45": [-0.8079999923706055, -0.040788992, -0.03745024000000001, -0.0382590976], "3:4:180:46:45": [-0.04183859200000001, -0.041192841216000003, -0.04035276800000001, -0.039636992], "1:4:180:46:45": [-0.04351744000000001, -0.03373303808, -0.041879552, -0.04100608000000001], "3:4:90:46:45": [-0.03655475200000001, -0.8079999923706055, -0.04089835520000001, -0.039147520000000005], "3:5:180:46:45": [-0.045170212864000005, -0.03883018240000001, -0.03810560000000001, -0.03839232000000001], "3:6:180:46:45": [-0.04380712960000001, -0.0343322624, -0.03870976000000001, -0.0354816], "2:5:0:46:45": [-0.04067264921600001, -0.038745600000000005, -0.03932416000000001, -0.03500032], "2:6:0:46:45": [-0.0326119424, -0.03718144, -0.04087040000000001, -0.03635456], "2:7:0:46:45": [-0.028032512000000002, -0.03791616, -0.030771200000000005, -0.029376000000000006], "2:8:0:46:45": [-0.0243328, -0.026250240000000005, -0.022720000000000004, -0.029952000000000006], "2:9:0:46:45": [-0.01632, -0.022400000000000003, -0.022720000000000004, -0.02809600000000001], "2:10:0:46:45": [-0.00992, -0.014400000000000003, -0.016, -0.01728], "2:11:0:46:45": [-0.009600000000000001, -0.014400000000000003, -0.016, -0.008], "2:11:270:46:45": [-0.008, -0.008, -0.008, -0.008], "3:11:270:46:45": [-0.8079999923706055, -0.008, -0.014400000000000003, 0], "1:5:0:46:45": [-0.037991161856, -0.03849984000000001, -0.04199057408, -0.03656960000000001], "1:6:0:46:45": [-0.0337240064, -0.042564993024000006, -0.039068160000000005, -0.03339264], "1:7:0:46:45": [-0.028464640000000003, -0.03809024000000001, -0.030976000000000004, -0.0326144], "1:8:0:46:45": [-0.025472512000000003, -0.029568000000000007, -0.024, -0.03034880000000001], "1:9:0:46:45": [-0.019212800000000002, -0.02957004800000001, -0.024, -0.021440000000000004], "1:10:0:46:45": [-0.016384000000000003, -0.014400000000000003, -0.016, -0.016], "1:11:0:46:45": [-0.009600000000000001, -0.014400000000000003, -0.016, -0.009600000000000001], "1:11:270:46:45": [-0.008, -0.8079999923706055, -0.008, -0.014400000000000003], "3:6:0:46:45": [-0.027236352000000002, -0.0314752, -0.039227392, -0.03265536], "2:5:270:46:45": [-0.04014950400000001, -0.039549030400000004, -0.03436800000000001, -0.04095846400000001], "3:5:90:46:45": [-0.03539200000000001, -0.8079999923706055, -0.0428798976, -0.038502400000000006], "2:5:90:46:45": [-0.038087680000000006, -0.040912998400000004, -0.041074688, -0.036534353920000005], "1:5:90:46:45": [-0.9695999908447266, -0.036831232000000005, -0.03933743104, -0.04199524352], "2:6:180:46:45": [-0.033495040000000004, -0.03237376, -0.03938560000000001, -0.03794944], "1:5:270:46:45": [-0.03933644800000001, -0.8079999923706055, -0.04002498560000001, -0.0365056],