{"4:0:0:55:0": [-0.042971822718976, -0.043014171701731566, -0.0431332299046912, 0.1340477546956591], "4:0:180:55:0": [-0.022707535747000004, 0.055471356033927055, -0.016396800000000003, -0.026019758080000004], "5:1:270:55:0": [0.07960641487030554, 0.004684635232301783, 0.0049663167814674326, 0.004069274761393798], "5:0:270:55:0": [-0.030427037695999998, 0.006672583849344122, -0.02598719488, -0.025955758080000002], "6:0:90:55:0": [-0.01796387660269725, -0.009929879970454157, 0.039095171665717646, -0.01778272685290084], "6:0:270:55:0": [0.010016768861163192, 0.02266240927578196, 0.02887117965441168, 0.07075883539560444], "6:0:180:55:0": [-0.016396800000000003, 0.032177880888021565, -0.0112768, 0.03173217735132404], "6:1:0:55:0": [-0.014336, 0.0028159585312223217, 0.025690768427529577, 0.01969306814244239], "6:0:0:55:0": [0.11883277697626837, -0.0008043139880359838, -0.0023209920924225193, -0.0277037056], "5:0:0:55:0": [0.014906560583890387, -0.027673595904000002, 0.04314952087336865, -0.0212136517632], "4:0:270:55:0": [0.19196065155855319, -0.027660697600000006, -0.0302306050048, -0.030427505553504], "6:1:90:55:0": [0.013811999177344138, 0.11002793932211037, -0.019200000000000002, 0.012424191293330594], "6:1:180:55:0": [0.013644156259448365, -0.0006309065239796102, 0.01096818160637991, 0.11899693080758698], "6:2:270:55:0": [0.06253947688666162, 0.12710129031129602, 0.03099573056284569, 0.07574065745250406], "6:2:0:55:0": [0.09944608120877674, 0.056621525524792785, 0.031073377405499814, 0.04539656793599999], "6:3:0:55:0": [0.10829525443828392, 0.051154984006911985, 0.028615118864493402, 0.17294009531797566], "6:3:270:55:0": [0.13224855904344213, 0.019776000781249976, -0.017587200000000004, 0.15473085253159233], "6:4:0:55:0": [0.11194789162277717, 0.21252153947923585, 0.10114353236278037, -0.01119744], "6:4:270:55:0": [0.1605442250076031, 0.2027441881872549, 0.17399761084816326, 0.17504805031641923], "5:4:270:55:0": [0.20845738276308415, 0, 0.1913828617014066, 0.18719881179268655], "4:4:270:55:0": [0.04883746380777987, 0.1469610691464331, 0, 0.054176676511805605], "4:4:0:55:0": [0, 0.07212810445507808, 0.23351140034248685, 0.19810839011603515], "2:0:0:55:0": [-0.037179875328, 0.03866217406261687, -0.007156768678442342, -0.029490135040000004], "3:0:180:55:0": [0.154358808777858, 0.13672794638865626, 0.05760728451501135, 0.15034172396582765], "4:2:90:55:0": [-0.0115042325010176, -0.019200000000000002, 0.19708667727773155, -0.024064000000000002], "5:2:270:55:0": [0.10586468745998806, 0.12860194695735683, 0.030898396594687995, 0.11860901496273327], "5:2:180:55:0": [0.085044715679072, 0.05951993783795467, 0.16948473059886093, 0.03793559478434781], "3:3:180:55:0": [0.21859549786911264, 0.016175872368147104, 0.06474231516556032, 0.024945071768749986], "3:4:180:55:0": [-0.003864701812150012, -0.011584, 0.02676480082031249, 0.0033126406249999914], "3:4:270:55:0": [-0.008, 0.0012676950649999907, 0.05266236160942424, -0.024399872], "3:3:90:55:0": [-0.032256, 0.28220940477610246, -0.027506688, -0.03372544], "3:3:0:55:0": [-0.02450176, 0.11785400984772468, -0.011208191374999989, -0.010048], "2:3:90:55:0": [-0.019159552000000003, -0.025984, -0.0263808, -0.0123490304], "2:3:180:55:0": [-0.025280000000000004, 0.43557514751616505, 0.06368000152587888, -0.019136], "2:2:180:55:0": [0.19568188813444456, 0.25827842369598425, 0.19641154897126947, 0.1437472042393227], "3:2:90:55:0": [-0.011519999999999999, 0.08967165559584826, -0.0035281913749999885, -0.023936000000000002], "3:2:180:55:0": [0.016312109546994608, 0.03959449478558181, 0.1767779562745248, 0.009010793521396141], "3:1:180:55:0": [0.043920431442404734, 0.021414155732621454, -0.01936311462002688, 0.16063413784010214], "3:0:270:55:0": [0.20376301623740084, 0.03031074255553254, 0.10829729403264807, -0.05705152372408321], "4:1:180:55:0": [0.01876632293693231, 0.0021873850204845724, -0.016, 0.22023621128543913], "4:1:270:55:0": [0.020655468511645424, -0.01921024, 0.003261774972360621, 0.021560234892075515], "4:1:0:55:0": [0.017897533468677108, -0.028598494330880003, 0.02223606203980149, -0.026209787904], "4:1:90:55:0": [-0.0112, -0.022592, 0.07532509059762765, -0.02103329118392676], "3:1:270:55:0": [-0.01746176, -0.0022875372263762295, -0.0026940393732715895, 0.040569840384438186], "4:2:270:55:0": [0.165457673626395, -0.018624, 0.022053434639590398, 0.08409287919872382], "4:2:0:55:0": [0.10901454868673245, 0.08078524634322956, -0.025599999999999998, 0.08886136458069649], "4:3:0:55:0": [0.1845149429104191, 0.2281411141503431, 0.16486046030961185, 0.17769979091141924], "5:3:90:55:0": [0.18441604400941158, 0.17254381822420498, 0.1297092192858325, 0.17615516818807367], "4:3:90:55:0": [0.09369203333828124, 0.19363425067850457, 0.08472603194185643, 0.031963649220703105], "1:0:0:55:0": [0.02340511508347773, -0.043966464000000004, -0.04768012365946595, -0.04465845738526649], "1:1:270:55:0": [-0.020641587200000002, -0.025466368000000003, -0.036236759040000004, -0.02502176768], "0:1:270:55:0": [-0.046033745394112924, -0.04988645553602561, -0.04263148415411973, -0.0450649221449646], "0:1:180:55:0": [-0.043283384074240004, -0.0435612229632, -0.04882779104582671, -0.04179043483648], "0:2:90:55:0": [-0.027517931520000004, -0.026355200000000002, -0.03606817640579858, -0.022938193920000002], "0:3:0:55:0": [-0.011136, 0.16116019575, -0.00992, -0.00992], "0:3:90:55:0": [-0.016, -0.00992, -0.009600000000000001, -0.024258560000000002], "0:3:180:55:0": [-0.0192, -0.0102272, -0.017599999999999998, -0.02553393152], "0:3:270:55:0": [-0.017664000000000003, 0.015627879149999996, -0.008, -0.008], "0:4:180:55:0": [-0.01152, -0.011136, -0.014400000000000003, -0.017599999999999998], "0:2:180:55:0": [-0.0208, -0.0199174144, -0.03701953069056, -0.0217754877952], "0:2:270:55:0": [-0.03276236250336461, -0.028963840000000005, -0.022400000000000003, -0.025023999999999998], "1:2:270:55:0": [-0.024591360000000003, -0.029932777583411202, -0.0305414144, -0.025088000000000003], "1:2:180:55:0": [-0.027012608, -0.03436544, -0.04066844672, -0.027269939200000003], "1:2:90:55:0": [-0.022757908480000005, -0.018176, 0.16521033001891564, -0.0267403264], "2:2:90:55:0": [-0.019507200000000002, -0.0112512, 0.24293856946151632, -0.0218112], "2:2:0:55:0": [0.10613248480643589, -0.036469760000000004, -0.0352, -0.024731791917056], "2:3:0:55:0": [0.021740981782305907, 0.02165706830125, -0.019136, -0.017280000000000004], "2:3:270:55:0": [0.22231859700195314, -0.016, -0.016719360000000003, -0.0176], "3:3:270:55:0": [0.22648561132177705, 0.14414508395000003, 0.012400006224999996, -0.0192], "3:4:0:55:0": [0.17569280390625006, -0.016, -0.009600000000000001, -0.0176], "4:3:270:55:0": [0.20056155179773993, 0.05920587155859111, 0.20837302033728994, 0.21382703351675805], "4:3:180:55:0": [-0.009600000000000001, 0.20602500570208032, 0.20333649100581677, 0.19537206911188826], "5:3:270:55:0": [0.1522011209991301, 0.18379854904426182, 0.1807721101235757, 0.17459967639140161], "5:3:0:55:0": [0.1692277642724725, 0.11985970317444447, 0.06529603646914212, 0.1683434954898842], "5:3:180:55:0": [0.13753603520752927, 0.13639086209898638, 0.1350951081636947, 0.15682776675834292], "4:4:180:55:0": [-0.0034687998046875057, 0.08843351375527209, 0.006790733208231384, 0], "4:4:90:55:0": [0.03114162859783811, 0.14876552463430748, -0.0070297599609375015, -0.01632], "3:4:90:55:0": [0.09392308456376264, -0.009548799804687504, 0.1592788193257033, 0.08942701042210308], "1:3:90:55:0": [-0.016829849600000002, -0.024128000000000004, -0.016357908480000002, -0.022400000000000003], "1:3:0:55:0": [-0.028032, -0.01856, -0.019703398400000002, -0.0231168], "1:2:0:55:0": [-0.04, -0.0274432, -0.0350937243648, -0.030976], "1:1:0:55:0": [-0.033295036416000005, -0.028028743680000003, -0.03433959424, -0.0335731712], "2:1:270:55:0": [0.1337468755555301, 0.08243488841695745, -0.025176289280000003, 0.108280324002229], "2:1:0:55:0": [-0.03306468449620989, 0.17857103312353, -0.025733775360000002, -0.030048565395456],