{"0:0:0:227:0": [0.0037239074707031243, 0.017825317382812497, 0.0608331298828125, -0.015], "0:1:0:227:0": [-0.005, -0.013437500000000002, -0.009999999999999998, -0.012499999999999999], "0:0:270:227:0": [-0.009687500000000002, -0.009375000000000001, -0.0020605468749999994, -0.0190625], "1:0:270:227:0": [-0.0075, -0.009999999999999998, -0.005, -0.014375], "1:0:180:227:0": [-0.01125, -0.0075, -0.012499999999999999, -0.0075], "3:0:270:227:0": [0, -0.005, 0, 0], "2:0:270:227:0": [0, 0, 0, -0.0075], "2:0:180:227:0": [-0.009687500000000002, -0.005, 0, -0.005], "2:0:90:227:0": [0.11374999999999999, 0, -0.0075, -0.005], "2:0:0:227:0": [-0.005, 0, -0.005, -0.005], "2:1:180:227:0": [-0.005, -0.005, 0, -0.00875], "2:1:90:227:0": [-0.0075, 0, -0.005, 0], "1:1:90:227:0": [0, 0, -0.0075, -0.00875], "1:1:0:227:0": [0, 0, 0, -0.013125], "1:1:270:227:0": [-0.011875, -0.01125, -0.005, -0.009375000000000001], "1:1:180:227:0": [-0.0125, 0, -0.012499999999999999, -0.0075], "2:1:270:227:0": [-0.005, -0.009999999999999998, -0.005, -0.005], "3:1:270:227:0": [-0.005, 0, 0, -0.005], "4:1:270:227:0": [0, -0.005, 0, 0], "3:1:180:227:0": [0, -0.005, 0, -0.00875], "3:1:90:227:0": [0, 0, -0.0075, -0.005], "3:2:180:227:0": [-0.005, 0, 0, 0], "3:1:0:227:0": [0, -0.005, 0, 0], "3:0:0:227:0": [0, -0.0075, 0, 0], "3:-1:0:227:0": [0, 0, -0.005, -0.005], "3:-1:270:227:0": [-0.005, -0.005, -0.005, 0], "2:-1:270:227:0": [-0.0075, -0.0075, -0.005, -0.005], "2:-1:0:227:0": [0.245, -0.005, 0, 0], "2:-2:0:227:0": [-0.005, 0, 0, 0], "2:-1:180:227:0": [-0.005, -0.0075, -0.005, -0.0075], "2:-1:90:227:0": [-0.0075, -0.005, -0.0075, 0], "1:-1:90:227:0": [-0.005, -0.005, -0.005, -0.0075], "0:-1:90:227:0": [-0.0075, -0.005, -0.009843750000000002, -0.0075], "0:-1:180:227:0": [-0.014531249999999999, -0.015625, -0.005, -0.013125], "0:-2:180:227:0": [-0.00875, -0.00875, -0.005, -0.009375000000000001], "0:-3:180:227:0": [-0.00875, -0.005, -0.005, 0], "0:-1:270:227:0": [-0.005, -0.0075, -0.00875, 0], "-1:-1:270:227:0": [0, 0, -0.005, 0], "-1:-1:0:227:0": [0, -0.005, -0.0075, 0], "-1:-1:90:227:0": [-0.0075, -0.005, 0, -0.005], "-1:-2:0:227:0": [-0.005, 0, 0, 0], "-2:-1:90:227:0": [-0.005, -0.005, 0, 0], "0:-2:90:227:0": [-0.005, -0.005, -0.012499999999999999, -0.005], "0:-2:270:227:0": [-0.01125, 0, 0, -0.0075], "1:-2:270:227:0": [-0.005, -0.00875, -0.005, -0.005], "1:-2:0:227:0": [-0.0075, 0, 0, -0.005], "1:-1:0:227:0": [-0.005, -0.005, 0, -0.00875], "1:0:0:227:0": [0, 0, -0.0075, -0.009999999999999998], "1:0:90:227:0": [-0.0075, 0.173125, -0.009999999999999998, -0.0075], "-1:0:270:227:0": [0, -0.5049999952316284, 0, -0.005], "-1:0:180:227:0": [-0.005, -0.0075, 0, -0.005], "-1:0:90:227:0": [0, -0.009999999999999998, -0.005, 0], "0:0:90:227:0": [0.057294921875, 0.117578125, -0.005116577148437499, 0.03284484863281249], "0:0:180:227:0": [-0.02072265625, -0.0184375, -0.01355712890625, 0.05220703125000001], "0:1:180:227:0": [0.009316406250000003, -0.0075, -0.012499999999999997, -0.009999999999999998], "0:1:270:227:0": [-0.014218749999999999, -0.009999999999999998, -0.009999999999999998, -0.012499999999999999], "0:-2:0:227:0": [-0.005, 0, 0, 0], "0:-1:0:227:0": [-0.011992187500000001, 0, -0.012499999999999999, -0.009375000000000001], "-3:-1:90:227:0": [0, 0, -0.005, 0], "-3:-1:180:227:0": [-0.005, 0, 0, 0], "-3:-2:180:227:0": [0, 0, 0, -0.005], "-3:-2:90:227:0": [0, 0, 0, -0.005], "-3:-2:0:227:0": [0, 0, 0, -0.005], "-3:-2:270:227:0": [0, -0.005, 0, 0], "-4:-2:270:227:0": [0, -0.005, 0, 0], "-5:-2:270:227:0": [0, 0, 0, -0.005], "-5:-2:180:227:0": [-0.005, 0, 0, 0], "-5:-3:180:227:0": [-0.005, 0, 0, 0], "-5:-4:180:227:0": [-0.005, 0, 0, 0], "-5:-5:180:227:0": [0, 0, -0.005, 0], "-5:-5:270:227:0": [0, 0, -0.005, 0], "-5:-5:0:227:0": [0, -0.005, 0, 0], "-5:-6:0:227:0": [0, 0, 0, -0.005], "-5:-6:270:227:0": [-0.0075, -0.005, 0, -0.00875], "-5:-6:180:227:0": [-0.0075, 0, -0.0075, 0], "-5:-7:180:227:0": [-0.0075, -0.005, -0.005, 0], "-4:-6:270:227:0": [-0.005, -0.0075, 0, 0], "-3:-6:270:227:0": [0, -0.005, 0, 0], "-6:-6:270:227:0": [-0.005, 0, 0, 0], "-5:-8:180:227:0": [-0.005, -0.005, 0, 0], "-5:-7:270:227:0": [0, 0, 0, -0.005], "-5:-9:180:227:0": [-0.005, 0, 0, -0.005], "-6:-9:90:227:0": [0, 0, 0, -0.005], "-6:-9:0:227:0": [0, 0, 0, 0.0], "1:-1:270:227:0": [-0.011875, 0, -0.005, -0.0075], "2:-2:270:227:0": [-0.005, -0.0075, 0, -0.005], "3:-2:270:227:0": [0, 0, -0.0075, 0], "3:-2:0:227:0": [0, -0.5049999952316284, -0.005, -0.005], "3:-2:90:227:0": [0, 0, 0, -0.005], "1:-1:180:227:0": [-0.005, -0.0075, -0.005, -0.00875], "1:-2:180:227:0": [0, 0, -0.005, -0.005], "1:-2:90:227:0": [0, 0, 0, -0.005], "2:-2:180:227:0": [0, 0, -0.0075, 0], "0:-4:180:227:0": [-0.00875, -0.005, -0.005, 0], "0:-5:180:227:0": [0, -0.0075, 0, -0.005], "0:-5:90:227:0": [-0.005, -0.005, 0, -0.005], "1:-5:90:227:0": [0, 0, -0.005, 0], "1:-5:180:227:0": [0, 0, -0.005, 0], "1:-5:270:227:0": [0, 0, -0.005, 0], "1:-5:0:227:0": [0, -0.005, 0, 0], "1:-6:0:227:0": [0, -0.005, 0, 0], "1:-7:0:227:0": [0, 0, -0.005, 0], "1:-7:90:227:0": [0, -0.0075, -0.005, 0], "1:-7:180:227:0": [0, 0, 0, -0.0075], "2:-7:90:227:0": [0, -0.00875, -0.0075, 0], "3:-7:90:227:0": [-0.0075, -0.005, -0.0075, -0.0075], "3:-7:180:227:0": [0, -0.005, -0.005, -0.005], "3:-6:180:227:0": [-0.005, -0.005, 0, -0.005], "3:-5:180:227:0": [-0.0075, -0.005, -0.005, 0], "3:-7:270:227:0": [-0.005, 0, 0, 0], "4:-7:270:227:0": [0, 0, 0, -0.005], "4:-7:180:227:0": [0, 0, 0, -0.005], "4:-7:90:227:0": [-0.009999999999999998, 0, 0, 0], "3:-7:0:227:0": [-0.0075, -0.005, -0.005, 0], "2:-7:180:227:0": [-0.0075, 0, 0, -0.005], "2:-8:180:227:0": [0, -0.005, -0.005, -0.0075], "2:-8:270:227:0": [-0.005, -0.0075, -0.005, 0], "2:-8:0:227:0": [0, -0.005, 0, -0.0075], "2:-9:0:227:0": [-0.005, 0, 0, 0], "1:-8:270:227:0": [-0.005, 0, 0, -0.005], "1:-8:180:227:0": [0, -0.005, 0, 0], "2:-8:90:227:0": [0, 0, -0.0075, 0], "3:-6:0:227:0": [-0.005, -0.005, 0, -0.005], "3:-8:0:227:0": [-0.005, -0.005, 0, -0.005], "3:-8:270:227:0": [0, 0, -0.0075, 0], "3:-6:270:227:0": [0, 0, -0.005, 0], "3:-5:0:227:0": [0, 0, -0.005, 0], "3:-5:90:227:0": [-0.005, 0, 0, 0], "2:-5:90:227:0": [0, 0, 0, -0.0075], "2:-5:0:227:0": [0, -0.005, -0.005, 0], "2:-6:0:227:0": [0, -0.005, 0, 0], "2:-7:0:227:0": [0, -0.005, 0, 0], "3:-9:0:227:0": [0, 0, -0.005, 0], "3:-9:90:227:0": [-0.005, 0, 0, 0], "2:-9:90:227:0": [-0.005, 0, 0, 0], "1:-9:90:227:0": [0, 0, 0, -0.005], "1:-9:0:227:0": [0, 0, 0, -0.005], "1:-9:270:227:0": [0, -0.005, 0, 0], "0:-9:270:227:0": [0, 0, -0.005, 0], "0:-9:0:227:0": [0, -0.005, 0, 0], "0:-10:0:227:0": [0, -0.0075, 0, 0], "0:-11:0:227:0": [-0.005, -0.005, -0.005, 0], "0:-11:90:227:0": [-0.005, -0.005, -0.005, -0.005], "0:-11:180:227:0": [0, 0, 0, -0.005], "0:-12:0:227:0": [0, -0.005, -0.005, -0.005], "0:-12:90:227:0": [0, 0, -0.005, -0.005], "0:-12:180:227:0": [0, 0, -0.005, -0.005], "0:-12:270:227:0": [0, 0, -0.005, -0.005], "0:-13:0:227:0": [0, 0, -0.005, -0.005], "0:-13:270:227:0": [-0.0075, 0, -0.005, 0], "1:-13:270:227:0": [0, -0.0075, -0.0075, 0], "0:-13:90:227:0": [0, -0.005, 0, 0], "1:-13:90:227:0": [0, -0.005, 0, 0], "2:-13:90:227:0": [0, 0, -0.005, 0], "2:-13:180:227:0": [0, -0.005, -0.0075, 0], "2:-12:180:227:0": [-0.005, 0, 0, 0], "2:-13:270:227:0": [0, -0.005, 0, -0.005], "1:-13:0:227:0": [0, -0.005, 0, -0.005], "1:-14:0:227:0": [0, -0.005, 0, 0], "1:-15:0:227:0": [0, -0.005, 0, 0], "1:-16:0:227:0": [0, 0, 0, -0.005], "1:-16:270:227:0": [0, -0.005, 0, 0], "0:-16:270:227:0": [0, -0.0075, 0, -0.005], "-1:-16:270:227:0": [-0.005, 0, -0.005, -0.0075], "-1:-16:0:227:0": [-0.0075, 0, 0, -0.005], "-1:-15:0:227:0": [0, -0.0075, 0, 0], "-1:-16:180:227:0": [0, 0, -0.0075, -0.005], "0:-16:180:227:0": [0, -0.0075, 0, 0], "0:-15:180:227:0": [0, -0.005, -0.005, -0.005], "0:-15:270:227:0": [-0.0075, -0.0075, 0, 0], "-1:-15:270:227:0": [0, 0, 0, -0.005], "-1:-15:180:227:0": [-0.005, 0, 0, 0], "-1:-16:90:227:0": [-0.005, -0.005, 0, 0], "-2:-16:90:227:0": [0, -0.005, 0, 0], "0:-16:90:227:0": [0, -0.005, -0.005, 0],