{"0:0:0:55:0": [-0.003342327076781458, -0.0020395432662631222, -0.0012937576688210376, -0.0021256666839232553], "0:3:270:55:0": [-0.00098914880499, -0.0012705813815254649, -0.0014567842827331338, -0.001192432524175433], "1:3:0:55:0": [-0.0004900800940399, -0.0002990198, -0.000796, -0.0006803566159700001], "1:4:270:55:0": [-0.0004990769709225809, -0.0012694356259201002, -0.00039710851984059903, -0.0008911775070496009], "1:6:180:55:0": [-0.000676639411223491, -0.0007832572189300999, -0.0005, -0.00068715890499], "1:5:180:55:0": [-0.00040298, -0.000577639019173591, -0.0005824041507307991, -0.0007822481069899999], "0:4:270:55:0": [-0.0003980386266632791, -0.000505744853249301, -0.000784046415237718, -0.0014607219458398256], "0:5:0:55:0": [-0.0008801990020000001, -0.0007930497000000001, -0.0002, -0.0008850908782574168], "0:5:270:55:0": [-0.000299, -0.00030000000000000003, -0.00019901, -0.00019900990000000003], "2:5:0:55:0": [-0.000395039803940399, -0.00039995030000000004, -0.00030000000000000003, -0.00029899], "3:5:90:55:0": [-0.0001, -0.000199, -0.000199, -0.0001], "2:0:0:55:0": [-0.002989646136651297, -0.002477842113646274, -0.0025548001616022887, -0.002206614314877262], "2:1:0:55:0": [-0.0015471441451696114, -0.0009731045545535241, -0.0014020741913473248, -0.0009899452797817833], "2:1:90:55:0": [-0.0005009725145530728, -0.0006242680916585828, -0.000695985267444054, -0.0008873050359747099], "3:0:90:55:0": [-0.0013133974080334647, -0.0017868602674772137, -0.0013621625383637525, -0.0018999162460499074], "4:0:90:55:0": [-0.0005932750320894425, -0.0012499876676588895, -0.0005196114503545879, -0.0007981951893403427], "4:1:180:55:0": [-0.0006950465811018799, -0.0007822877060199, -0.0007979999999999999, -0.0009678932170716551], "4:0:180:55:0": [-0.0018389449335472015, -0.0015657463653143678, -0.0012875014225381305, -0.002230139353475826], "2:0:180:55:0": [-0.006362604614521293, -0.00568764374001037, -0.0057098220319609875, -0.0054807730938861605], "5:1:0:55:0": [-0.0009804799639775972, -0.0017199908311655062, -0.0008885865356820095, -0.0012690236025227565], "4:2:90:55:0": [-0.0007930897000000001, -0.0011728323902319027, -0.0006989931765808257, -0.000796009701], "4:4:180:55:0": [-0.000589139002, -0.000298, -0.0002, -0.00039600999999999997], "4:4:90:55:0": [-0.0002049302933235686, -0.00029601, -0.0002, 0], "5:4:90:55:0": [-0.001178199002, -0.000767798600461598, -0.00029503, -0.000592970797], "6:4:90:55:0": [-0.0002970299, -0.0001, -0.00039303, -0.00059503], "6:4:180:55:0": [-0.00010194069601, -0.000298, -0.00039999999999999996, -0.00039999999999999996], "6:4:0:55:0": [-0.0005960195797781054, -0.00029999000000000003, -0.00039999999999999996, -0.00049797059601], "6:5:0:55:0": [-0.0001970399, -0.0006841888029999999, -0.00038910969999999997, -0.00010399000000000001], "6:3:0:55:0": [-0.0005863065209301, -0.00029997980299000004, -0.000593030099, -0.000199], "6:6:0:55:0": [-0.0001, -0.00019800000000000002, 0, -0.0001], "6:5:270:55:0": [-0.00019602990000000003, -0.0007910302970099999, -0.00039597069601, -0.0007890797999999999], "6:5:90:55:0": [-0.0004950099999999999, -0.0006871294990100001, -0.0003, -0.0006949802990000001], "6:6:180:55:0": [-0.00029701, -0.0004950491099501, -0.000398, -0.00039999999999999996], "6:6:270:55:0": [-0.000199, -9.801000000000002e-07, -0.000199, -0.0003], "5:5:0:55:0": [-0.00020197999900000002, -0.000581228703, -0.0001019799, -0.00019800000000000002], "5:6:0:55:0": [-0.0004950099999999999, 0.0, -0.000596029799, 0], "5:6:90:55:0": [-0.00029701, 0.0, -0.00059701, -0.0002], "4:6:90:55:0": [-0.00049303, -0.0002, -9.900000000000001e-05, -0.00029701], "4:6:180:55:0": [-0.000199, -0.000299, -0.0001, 0], "3:6:270:55:0": [-0.0002, -0.000199, -0.000199, -0.000398], "4:6:0:55:0": [0, 0, 0, 0], "1:0:0:56:0": [-0.0001, -0.00019800000000000002, -9.70299e-05, -0.0005969999999999999], "1:0:90:56:0": [0.0, 0, -0.000299, 0], "4:0:0:55:0": [-0.0021743757509505223, -0.001971351724048374, -0.001408697282841804, -0.0017674471196984724], "4:0:270:55:0": [-0.0009909568657821264, -0.0008797858063353883, -0.0018257507860344438, -0.000795256068898218], "1:0:90:55:0": [-0.0012755468558901678, -0.0014657207523539402, -0.0010813152751350968, -0.0009066207756073255], "1:1:0:55:0": [-0.0014546921179547506, -0.001073813912032061, -0.0010150910479106027, -0.0012836838835883445], "1:0:0:55:0": [-0.002229482447675939, -0.0023068569157667185, -0.001974707006427258, -0.0022229383146278735], "1:0:270:55:0": [-0.0010764233679229893, -0.001726211491604183, -0.0014199231537184755, -0.000687149202], "1:1:90:55:0": [-0.0012746816756631608, -0.0009105191104424059, -0.0007011260038985807, -0.0010657123749801285], "1:1:270:55:0": [-0.001199329358778879, -0.001165316685186206, -0.0013823894463700025, -0.0008929042627294732], "1:0:180:55:0": [-0.0015885560516475446, -0.0019103540566251433, -0.0014379150083876616, -0.0015377216342146963], "1:1:180:55:0": [-0.0015766625698289786, -0.001727580576216514, -0.0014456181738866521, -0.0019783441250724424], "2:1:270:55:0": [-0.0006088097490798178, -0.0013557800631488204, -0.0006921587862285235, -0.0008040255929981428], "0:1:270:55:0": [-0.0006008834310953045, -0.0006049497059601, -0.0015458830736439265, -0.0007036910117289013], "0:1:180:55:0": [-0.0006950416663375149, -0.0008822598691037425, -0.000790157528634266, -0.0006899926320202617], "0:0:180:55:0": [-0.0016505044843707576, -0.0004970299, -0.0007756800777512528, -0.001270494374132386], "0:1:90:55:0": [-0.0019700815288579082, -0.002453537318451899, -0.0017397719454046166, -0.0015745085671143814], "3:1:270:55:0": [-0.0008929417801098002, -0.0014975714496788003, -0.00105206226530587, -0.001089117739582492], "4:1:270:55:0": [-0.0005107738835190696, -0.0007843264034147309, -0.0005900894049601001, -0.00039900960399], "4:2:180:55:0": [-0.0004969802, -0.0006852769199301, -0.000885305059591597, -0.00039999999999999996], "4:5:180:55:0": [-0.00019701, -0.0001, -0.000203890798, -0.0001], "4:5:270:55:0": [-0.00020198000000000001, -0.00029899, 0, 0], "3:0:180:55:0": [-0.0009774733416106289, -0.0007866527624839807, -0.0010980475129755297, -0.0006996318097322052], "1:3:180:55:0": [-0.0019280197518229722, -0.0014644542898948972, -0.0010657440716414803, -0.0010527051211157577], "1:3:270:55:0": [-0.0004970683238906667, -0.0006890499000000002, -0.000990474049190217, -0.00031080277609980004], "5:3:270:55:0": [-0.0004901480208505991, -0.000298, -0.0001960299, -0.0001], "5:3:180:55:0": [-0.0008686612687005, -0.0005920994039900001, -0.0005971052140468363, -0.000951444203583153], "5:1:180:55:0": [-0.00069896039701, -0.0007003930900567491, -0.0006921474278106991, -0.0008843803328557607], "5:0:180:55:0": [-0.0009880905840998, -0.0018181184086198904, -0.0008806133101435969, -0.0009747646032086056], "4:1:90:55:0": [-0.0007026499145455584, -0.00059997049602, -0.000695070090119401, -0.0010748364201297721], "3:1:0:55:0": [-0.001384995381380242, -0.0012744440672852423, -0.0015498269014916945, -0.001374927543284028], "3:0:0:55:0": [-0.0032407248124072486, -0.0030457631175002785, -0.0034046281848615443, -0.003571346898874767], "0:1:0:55:0": [-0.0011911229178753976, -0.0011933190769842944, -0.0011947101798333373, -0.0013780383851169614], "0:4:0:55:0": [-0.0010612874425380983, -0.0009806564618259715, -0.0006921478179301, -0.0007920894020000001], "2:4:180:55:0": [-0.0009967865932580876, -0.0009949993139102, -0.0010816217929754007, -0.0009698090507717936], "1:3:90:55:0": [-0.00059301039601, -0.0004940497010000001, -0.0004940497999999999, -0.0009930102970099998], "1:2:0:55:0": [-0.00040014647188182034, -0.000494208394149301, -0.000506038320761594, -0.0006901183110391049], "3:1:180:55:0": [-0.0008832268268702999, -0.000799931472367112, -0.0008918367868997337, -0.0012196189801370221], "3:1:90:55:0": [-1.0198000000000002e-06, -0.00030389059994226234, -0.000590079601, -0.0005960398990099999], "4:2:270:55:0": [-0.0014695901645067017, -0.0016163140136951973, -0.002047537169806578, -0.0007669319652586213],