{"2:0:0:55:0": [-0.0112156672, -0.0178769240064, -0.0180194254848, -0.011864576], "3:0:180:55:0": [-0.00041215999999999963, -0.0186007552, -0.01008971776, -0.012799999999999999], "4:0:0:55:0": [-0.006208635371519999, -0.01165213087694848, -0.0218877845504, -0.009987620995072], "5:1:0:55:0": [-0.0271839232, -0.0018252799999999999, -0.01728, -0.003130879999999999], "5:2:90:55:0": [-0.016, -0.016, 0.0, -0.0237568], "5:1:90:55:0": [0, -0.009600000000000001, -0.024, -0.008], "5:0:0:55:0": [-0.0099456, -0.01645568, -0.0027423006719999995, -0.016], "6:0:90:55:0": [-0.009600000000000001, -0.00864, -0.008, -0.008], "5:0:90:55:0": [-0.0133504, -0.0015999999999999999, -0.016, -0.003033599999999999], "5:2:0:55:0": [-0.01696, -0.008, -0.008832, -0.00921323552768], "4:2:90:55:0": [-0.022959616000000002, -0.012600769740799999, -0.018517811200000005, -0.020065279999999998], "4:4:0:55:0": [0, -0.008, -0.016, -0.009600000000000001], "5:4:0:55:0": [0, -0.008, 0, 0], "5:4:270:55:0": [-0.008, -0.008, 0.0, -0.008], "4:4:270:55:0": [0, 0.0, -0.008, -0.0031999999999999997], "4:4:180:55:0": [0, -0.024, 0, 0], "2:4:270:55:0": [0.0, -0.008, -0.0112, -0.00905984], "2:5:0:55:0": [-0.008320000000000001, -0.00864, 0.0, -0.02432], "2:5:90:55:0": [0.06208000152587889, 0.19278336395507814, -0.0031999999999999997, 0], "1:5:180:55:0": [-0.0020479999999999995, -0.01024, 0.08425664934962505, 0.244300805053711], "1:6:0:55:0": [0.16158864373481258, 0.13187572959545316, -0.009600000000000001, 0.14812729275957034], "1:5:0:55:0": [0.12427161884765628, -0.024, 0.18074769306646882, 0.1894528039550782], "1:4:90:55:0": [-0.0019199999999999998, -0.01063936, -0.0015999999999999999, 0.0], "1:4:180:55:0": [0.0, -0.01139456, 0.0, -0.00905984], "2:5:270:55:0": [0.1878528039550782, 0, 0.3920000076293946, 0], "3:0:0:55:0": [-0.008320000000000001, -0.017782272000000002, -0.01010747392, -0.0106273792], "2:0:90:55:0": [-0.009984, -0.008, -0.0019199999999999998, -0.0226242592768], "5:1:270:55:0": [-0.00842524672, -0.0118542336, -0.03013888, -0.010048], "5:2:180:55:0": [-0.0020479999999999995, -0.008, -0.0019199999999999998, -0.0019199999999999998], "5:3:180:55:0": [0, -0.0112, -0.009600000000000001, 0], "3:3:270:55:0": [-0.009600000000000001, -0.008, -0.010623999999999998, -0.009600000000000001], "4:3:180:55:0": [-0.008, -0.008, 0, -0.013446656000000001], "4:2:180:55:0": [-0.009600000000000001, -0.0019199999999999998, -0.008960000000000001, -0.009126400000000002], "4:2:0:55:0": [0, -0.008, 0.0, -0.011328000000000001], "3:2:180:55:0": [0.0, 0.0, -0.002239999999999999, -0.0112], "2:2:90:55:0": [0.0, -0.01065984, -0.00992, 0], "2:2:270:55:0": [-0.008, -0.008384, 0.0, -0.024], "2:1:0:55:0": [-0.008, -0.013247377408, -0.0176, -0.008], "2:1:90:55:0": [-0.007680000000000001, -0.0176, -0.00608, 0], "3:0:90:55:0": [-0.00845056, -0.024413593600000002, -0.0114625536, -0.00992], "3:1:180:55:0": [-0.008, -0.008, -0.009984, -0.008], "3:1:270:55:0": [-0.011519999999999999, -0.009600000000000001, 0, -0.013760000000000001], "4:1:180:55:0": [0.0, -0.016, -0.009600000000000001, -0.002529361919999999], "4:0:180:55:0": [0.0, -0.01249536, -0.00992, -0.03350206464], "4:0:90:55:0": [-0.0140991225856, -0.01818460389376, -0.003519999999999999, -0.008460800000000001], "3:0:270:55:0": [-0.012115968000000001, -0.0015999999999999999, -0.009600000000000001, -0.00832256], "4:0:270:55:0": [-0.00992, -0.008, -0.008, -0.008], "5:0:270:55:0": [-0.0015999999999999999, -0.008, -0.0015999999999999999, -0.009600000000000001], "3:2:90:55:0": [-0.020433592320000006, -0.00736, -0.010752000000000001, -0.021342142464], "3:2:0:55:0": [-0.03136, -0.019712000000000004, -0.0148352, -0.008], "3:2:270:55:0": [-0.009600000000000001, -0.0112, -0.0112, -0.0112], "3:1:90:55:0": [-0.013503999999999999, -0.008, 0, -0.009600000000000001], "2:0:270:55:0": [-0.0272903364608, -0.011174400000000001, -0.01079324672, -0.014322176], "1:0:270:55:0": [-0.0082944, -0.024218015334400003, -0.0173711376384, -0.016155137638400003], "1:0:0:55:0": [-0.0067094487040000005, -0.00907259904, -0.0065413120000000005, -0.015168393216], "1:1:0:55:0": [-0.016, -0.016, -0.018536959999999998, -0.007296], "1:1:180:55:0": [-0.0109824, -0.01632, -0.009600000000000001, -0.009600000000000001], "1:1:90:55:0": [-0.009600000000000001, -0.016, -0.009600000000000001, -0.015559680000000003], "0:1:90:55:0": [0, -0.008, -0.00031999999999999997, -0.011747328], "0:1:180:55:0": [-0.013760000000000001, -0.0176, 0, 0.0], "0:1:270:55:0": [-0.0023039999999999988, -0.0132532224, -0.014281728, 0.0], "1:0:180:55:0": [-0.011368960000000001, -0.0082944, -0.009766400000000001, -0.024], "1:2:0:55:0": [-0.0007260159999999995, -0.024, -0.025984, -0.020153353338880003], "1:3:0:55:0": [-0.0021135673301401594, -0.016, -0.01922853151834112, -0.009600000000000001], "1:3:90:55:0": [-0.007680000000000001, 0, -0.009600000000000001, 0], "1:4:0:55:0": [-0.0085504, 0, -0.00896, 0], "1:4:270:55:0": [-0.0014719999999999998, -0.012799999999999999, -0.01024, -0.0176], "0:4:270:55:0": [0.0, -0.0015999999999999999, -0.008, -0.024], "0:4:180:55:0": [-0.023360000000000002, -0.0014719999999999998, -0.0036479999999999985, -0.008], "0:3:270:55:0": [-0.016, -0.0015999999999999999, -0.00992, 0], "0:3:0:55:0": [-0.008, -0.008, -0.0015999999999999999, 0], "0:3:90:55:0": [0, -0.008, -0.008, 0], "0:3:180:55:0": [-0.008, -0.009600000000000001, -0.016, -0.0112], "1:3:270:55:0": [-0.008, 0, -0.009521768477700915, -0.0015999999999999999], "2:4:90:55:0": [-0.008, 0, 0, -0.0176], "1:5:90:55:0": [0, 0.04986419921062505, 0, -0.009600000000000001], "1:5:270:55:0": [0.3042164389748047, 0.07416113357031254, 0.352640007019043, 0.3014809660644532], "5:0:180:55:0": [-0.008, -0.024, 0.0, 0.0], "2:1:270:55:0": [-0.008, -0.009600000000000001, -0.0045824, 0], "1:0:90:55:0": [-0.0109824, -0.008719872, -0.0156127232, -0.015277158399999997], "4:1:0:55:0": [-0.014147017467494399, -0.008, -0.012799999999999999, -0.012662217467494399], "4:1:270:55:0": [0.0, -0.008064, -0.011519999999999999, -0.008], "0:0:270:55:0": [-0.016, -0.01056, -0.004057599999999998, -0.009600000000000001], "0:0:0:55:0": [-0.016, -0.0034764800000000005, -0.010147328, -0.009600000000000001], "0:0:180:55:0": [-0.008, -0.009600000000000001, -0.0031999999999999997, -0.009600000000000001], "0:1:0:55:0": [-0.010743808, -0.02861234176, -0.011147776, -0.017325465600000003], "0:2:90:55:0": [-0.011264, -0.0256, -0.00992, 0.0], "1:2:180:55:0": [-0.01696, -0.00852273152, -0.009600000000000001, 0], "1:2:270:55:0": [0, -0.009600000000000001, -0.008, 0], "1:1:270:55:0": [-0.02770176, -0.014853120000000001, -0.024908800000000002, -0.0019199999999999998], "2:2:0:55:0": [-0.009600000000000001, 0, -0.009600000000000001, -0.008], "2:2:180:55:0": [-0.008, -0.009600000000000001, -0.008, 0.0], "0:2:270:55:0": [-0.01696, -0.01536, -0.01568, -0.008], "0:2:0:55:0": [-0.00933554176, -0.01536, -0.01536, -0.009472000000000001], "1:2:90:55:0": [-0.008, -0.016, -0.005759999999999998, 0], "0:2:180:55:0": [0, -0.01536, -0.024, -0.00031999999999999997], "0:5:90:55:0": [-0.008, 0, -0.00992, -0.008], "6:1:180:55:0": [-0.008, -0.008, -0.008, -0.00992], "6:2:270:55:0": [-0.008, -0.009600000000000001, -0.008, 0], "6:1:0:55:0": [0.0, 0.0, -0.008, -0.0259968], "6:0:180:55:0": [0, 0, -0.008, -0.009600000000000001], "6:0:0:55:0": [0.0, -0.01312, -0.00031999999999999997, -0.019200000000000002], "6:1:90:55:0": [-0.0113664, -0.009600000000000001, -0.016865280000000003, -0.018370125824000005], "6:2:0:55:0": [0.0, 0, -0.0112, 0], "6:1:270:55:0": [-0.008, -0.0019839999999999997, -0.023808000000000003, 0], "6:0:270:55:0": [-0.009152, -0.016, 0, 0], "5:3:0:55:0": [0, 0, 0, -0.008], "5:2:270:55:0": [0, -0.0003839999999999998, 0.0, 0], "4:2:270:55:0": [-0.025984, -0.024, -0.00992, 0], "3:3:180:55:0": [-0.008, -0.009600000000000001, 0, 0], "2:3:270:55:0": [-0.009152, 0, -0.011072, -0.013314048], "2:3:0:55:0": [-0.011072, -0.014272, -0.0035583999999999998, -0.009600000000000001], "2:4:0:55:0": [-0.0195328, 0, -0.008, -0.024],