{"3:0:0:56:0": [0.20277231314316332, 0.2555082713717966, 0.2484996200224049, 0.24419353829955925], "4:0:90:55:0": [0.1294701874005919, 0.2129477244425778, 0.01828263974931596, 0.12152314877248703], "3:1:180:55:0": [0.03900869792048625, 0.24374873433691668, 0.16819281108534176, 0.1592947093825746], "4:0:270:55:0": [0.12294214768856025, 0.017558930769093373, 0.13110626889918356, 0.12225445194479023], "4:1:180:55:0": [0.16120338680021312, 0.21789584809225776, 0.16263227405946615, 0.1548643175923962], "4:2:180:55:0": [0.21056530567151432, 0.2104302829760726, 0.22594055724326942, 0.2167556944326673], "4:1:90:55:0": [0.16921292955994738, 0.1636704425988876, 0.16932070707888003, 0.17229848791320068], "4:0:180:55:0": [0.01809224210294924, 0.1273500728319887, 0.12197539344947018, 0.1295934288493289], "4:1:270:55:0": [0.17363437544729834, 0.1723850458302987, 0.17125725539509096, 0.2411066279836674], "4:1:0:55:0": [0.17094323047035245, 0.15630968264339135, 0.18247972192557038, 0.2152440507296541], "4:2:0:55:0": [0.3573438357465444, 0.256320417360351, 0.21902294182575452, 0.24201241272621385], "4:0:0:55:0": [0.17441269339788393, 0.12802867397198497, 0.13332495418957438, 0.12447513125771846], "5:2:90:55:0": [0.22405187432374593, 0.19867802141061092, 0.19589319699224936, 0.20916665932436282], "4:2:90:55:0": [0.21704983929485994, 0.21028389322396107, 0.21912876421807476, 0.4175869926893169], "4:3:180:55:0": [0.23906471474675323, 0.278091012595115, 0.27520881451620005, 0.303802378578032], "4:3:270:55:0": [0.28563468249350804, 0.27266991375635635, 0.2764891675056504, 0.27093522297785383], "3:3:270:55:0": [0.2796737593543352, 0.25156663642680255, 0.26370673568108755, 0.26680692871749684], "3:3:180:55:0": [0.21196878996603274, 0.25171447873624087, 0.2916249404271805, 0.25248132492871533], "3:2:180:55:0": [0.03154539546879262, 0.25569481670006966, 0.03612829887801941, 0.17982912665069556], "2:2:90:55:0": [0.18714656515729483, 0.19266327201370054, 0.18895624300198077, 0.19423249970434783], "2:2:180:55:0": [0.17834163446225287, 0.1630081422795577, 0.18846616547963002, 0.1851266448264754], "2:3:180:55:0": [0.20221390588251995, 0.2564850213986409, 0.25740431394587154, 0.26177094531793776], "2:3:90:55:0": [0.26246630817861233, 0.2952577688419903, 0.2574314910904174, 0.2549360545399898], "3:3:90:55:0": [0.2688941892011066, 0.31928252588451345, 0.2720191123774028, 0.27217232701715527], "4:3:0:55:0": [0.35037517242421645, 0.28281949776773113, 0.26770280491383625, 0.2708310938695423], "4:2:270:55:0": [0.2509742999402688, 0.22552222488744728, 0.22364117097814887, 0.22292787373924403], "3:2:270:55:0": [0.23682723699338848, 0.2036201252713766, 0.20038834395648858, 0.19382628300972282], "2:3:270:55:0": [0.2530502982953851, 0.23903885256425708, 0.25100996411369875, 0.25035108731032396], "2:3:0:55:0": [0.23272704391287163, 0.22745596780920957, 0.2682590265909298, 0.26443824997848736], "1:3:270:55:0": [0.2149398542770044, 0.2516497583201887, 0.20808894009579573, 0.20652444214329457], "1:2:180:55:0": [0.14477329826655488, 0.22855430458929907, 0.16795110735605484, 0.16207041122622565], "1:1:180:55:0": [0.1213105950986185, 0.1080056139547414, 0.11484777847068439, 0.21033592609193633], "1:0:180:55:0": [0.09496104525349885, 0.08258762034158416, 0.0913303628385214, 0.09441315933876], "1:0:90:55:0": [0.085589040405737, 0.12453689389040729, 0.08375358792265337, 0.08654280950565475], "1:0:0:55:0": [0.07834133344437602, 0.07044901639409598, 0.07543390121993389, 0.17045369115884776], "2:0:90:55:0": [0.11548571197118457, 0.11287838778355068, 0.12740193076235096, 0.11376391243896285], "2:0:270:55:0": [0.20571605720451275, 0.09920694550101287, 0.11130702962673414, 0.10976069456865599], "3:0:270:55:0": [0.11425703086946684, 0.1303528217578582, 0.2320648806237132, 0.0358084960089354], "3:0:180:55:0": [0.16486451404480598, 0.2008266408171216, 0.16073644280531718, 0.14584585956457946], "3:0:90:55:0": [0.13536372216285403, 0.1281739953140472, 0.18580720354003122, 0.12521613726566458], "2:0:180:55:0": [0.03190677124700514, 0.12466131948052697, 0.14385695089000924, 0.12385377220798659], "3:0:0:55:0": [0.27228630375578966, 0.13052676298593946, 0.13433678184322337, 0.13481328299296585], "3:1:0:55:0": [0.28865359867710666, 0.16573577607060877, 0.17860931586061887, 0.14910143807826218], "2:1:180:55:0": [0.136375421519068, 0.03693899496333436, 0.16396192799583595, 0.16628681797172787], "2:1:270:55:0": [0.025605096502002128, 0.1334544668930166, 0.13316986187615915, 0.16213717951588075], "1:1:270:55:0": [0.13259837332173938, 0.13296901257749477, 0.123893465351671, 0.12721981976156388], "0:1:270:55:0": [0.1276021191458025, 0.12792207982248255, 0.11657081053953182, 0.12575022247399156], "0:1:0:55:0": [0.23256456415530558, 0.1094295557445717, 0.12084688855162662, 0.11107054937992596], "0:1:90:55:0": [0.11307912176087306, 0.14007868323066208, 0.11675113127715435, 0.11729894877902777], "1:1:90:55:0": [0.1207286874215224, 0.1617142630283226, 0.12800953823785438, 0.04199733393791322], "2:1:90:55:0": [0.14409099183578783, 0.02533456777796292, 0.16534976425175316, 0.1502998376801848], "1:1:0:55:0": [0.12176324741358058, 0.12466472510199336, 0.14192264143524438, 0.12580202692208867], "3:1:270:55:0": [0.17639812186427722, 0.17027595314483032, 0.15726283687571233, 0.16937692957210715], "2:2:270:55:0": [0.20793978054011308, 0.20659944132433708, 0.2220379937582163, 0.19934848588284013], "3:2:0:55:0": [0.1761874816640581, 0.1959771995243828, 0.30695568567716225, 0.20524103382337625], "3:2:90:55:0": [0.19547078844013635, 0.3483656933399642, 0.21360274110603555, 0.2043575784043517], "2:2:0:55:0": [0.26386035623862547, 0.22792630479214893, 0.19456154918845836, 0.22314841406649286], "2:1:0:55:0": [0.1265387800978326, 0.12693243980914826, 0.14995816953390628, 0.130493429252703], "2:0:0:55:0": [0.14149493828478074, 0.09458839534521092, 0.09952935339441257, 0.09536720628496817], "5:0:180:55:0": [0.15577864113300238, 0.2315967604546088, 0.1642962785238338, 0.1558511970599321], "5:0:270:55:0": [0.15143798883385523, 0.1627633843767199, 0.1585440540166387, 0.1460782801047723], "5:0:0:55:0": [0.15662735163005576, 0.15156991411188553, 0.1662408114455491, 0.15543114574137087], "5:1:0:55:0": [0.17055935887385495, 0.15787001736355896, 0.15795455185012688, 0.1590314760391483], "5:2:0:55:0": [0.2546964214948936, 0.19068470751946245, 0.20162832917636647, 0.17499386623115926], "5:3:0:55:0": [0.2072040828540796, 0.17435007652558104, 0.21285615164258131, 0.27755223074021873], "5:3:90:55:0": [0.2616639941157107, 0.257569007257045, 0.2586982717326869, 0.2581106653157327], "6:3:90:55:0": [0.2425064357885312, 0.24350589790290983, 0.22859824774170867, 0.23853722183738413], "6:3:0:55:0": [0.2045467213852328, 0.22095711653085567, 0.24489011328696556, 0.24276647291560371], "6:3:270:55:0": [0.2355985685034369, 0.25588296712283504, 0.2404348301139361, 0.2356643296721795], "3:3:0:55:0": [0.2591317626245915, 0.27140084186803953, 0.2663363956834869, 0.26096524780887786], "3:4:0:55:0": [0.49543119980555955, 0.27880548112593134, 0.32496283851915675, 0.3244313750733661], "5:3:270:55:0": [0.24948124514497164, 0.2654852725360002, 0.2649838655784545, 0.2991255330567339], "5:3:180:55:0": [0.25155357722587524, 0.32002835514922606, 0.25311090244515766, 0.2424275390986668], "5:4:180:55:0": [0.2750261016657947, 0.26294892468512543, 0.27180371973944667, 0.3321543659469621], "5:4:90:55:0": [0.27820851639179, 0.2745799370371107, 0.2763912919670082, 0.33468509308781064], "6:4:90:55:0": [0.26285084834901457, 0.25875712514219984, 0.2548371600976396, 0.2620564622602246], "5:4:0:55:0": [0.33297094968408253, 0.28320570182161536, 0.28746556401462187, 0.27715140718115383], "6:3:180:55:0": [0.22845096921033484, 0.26656804703188375, 0.229184531241922, 0.21476783423098633], "6:2:0:55:0": [0.23110005244132964, 0.18424694601888797, 0.1911499346796331, 0.19031350911122707], "6:2:180:55:0": [0.15271085529631157, 0.15939383389969275, 0.16085677722342528, 0.16715388970564904],