{"4:0:0:55:0": [0.12546875, 0.08736450195312498, -0.02125, -0.021875000000000002, 0.048984375, 0.042871704101562505], "4:0:270:55:0": [-0.015, -0.0275, -0.0149609375, -0.0175, -0.014999999999999998, -0.009999999999999998], "3:0:270:55:0": [-0.0225, -0.018750000000000003, -0.021875000000000002, -0.02, -0.0175, -0.019999999999999997], "3:0:180:55:0": [-0.019375000000000003, -0.015, -0.01, -0.018750000000000003, -0.01375, -0.01625], "3:0:90:55:0": [-0.0175, -0.015, -0.021249999999999998, -0.02, -0.009843750000000002, 0], "2:0:90:55:0": [-0.01, -0.01, -0.0175, -0.01, -0.005, 0], "2:0:180:55:0": [0, -0.01, -0.02125, -0.01, -0.0075, 0], "2:0:270:55:0": [-0.031875, -0.015, -0.015, -0.01, -0.012499999999999999, -0.005], "1:0:270:55:0": [0, -0.0175, 0, 0, -0.0075, -0.005], "0:0:270:55:0": [-0.01, -0.015, -0.015, -0.01, -0.005, -0.0075], "0:0:0:55:0": [-0.01, -0.01, 0, -0.01, -0.005, 0], "0:1:0:55:0": [-0.01, 0, 0, -0.01, 0, 0], "0:2:0:55:0": [-0.01, 0, 0, -0.01, 0, 0], "0:3:0:55:0": [0, -0.01, 0, 0, 0, 0], "0:2:270:55:0": [-0.01, 0, 0, 0, 0, -0.0075], "1:2:270:55:0": [-0.01, 0, -0.01, -0.01, 0, 0], "2:2:270:55:0": [-0.01, 0, 0, -0.01, -0.005, -0.0075], "3:2:270:55:0": [0, 0, -0.015, -0.01, -0.00875, -0.005], "3:2:0:55:0": [-0.01, -0.015, -0.01, -0.01, 0, -0.005], "3:2:90:55:0": [0, -0.01, -0.01, 0, 0, -0.005], "3:2:180:55:0": [0, -0.01, -0.014999999888241293, 0, 0, -0.0075], "3:3:180:55:0": [0, -0.005, 0.20601562499999998, -0.017499999999999998, 0, -0.00875], "3:3:270:55:0": [0.670546875, 0.08675781249999999, -0.015, -0.01, 0, 0.38240234375], "3:3:0:55:0": [-0.01, -0.015, 0, 0, -0.005, 0], "3:1:0:55:0": [-0.01, -0.01, -0.019687500000000004, -0.0175, 0, -0.0075], "3:0:0:55:0": [-0.015, -0.02, -0.015, -0.024999999999999998, -0.005, -0.0075], "3:1:90:55:0": [-0.019375000000000003, 0.28531249999999997, -0.015, -0.019375000000000003, 0.13140624999999997, -0.0125], "2:1:90:55:0": [-0.015, -0.0225, -0.01, -0.01, -0.005, -0.0075], "3:1:180:55:0": [-0.018750000000000003, -0.01, -0.01, -0.018750000000000003, 0, -0.005], "2:0:0:55:0": [-0.015, -0.01, -0.01, -0.01, -0.009999999999999998, -0.009999999999999998], "1:1:90:55:0": [-0.01, -0.0175, -0.01, 0, 0, -0.0075], "4:0:0:56:0": [0.26781249999999995, -0.015, 0, -0.015, 0, 0], "5:0:270:55:0": [-0.0175, -0.015, -0.015, -0.02125, -0.009843750000000002, -0.005], "5:0:180:55:0": [-0.015, -0.015, -0.015, -0.015, -0.013125, -0.005], "5:1:180:55:0": [-0.01, -0.01, 5.565947265625001, 1.36640625, -0.005, 0.44359375], "5:2:180:55:0": [1.1646484375000001, 5.971406250000001, 26.947812499999998, -0.004999999888241291, 20.586953124999997, 2.485], "5:3:180:55:0": [11.9778125, -0.015, -0.01, 2.0757031250000004, 0.5145507812500001, 1.5492773437500005], "5:4:180:55:0": [-0.015, -0.01, -0.015, -0.015, 0, -0.0075], "5:1:90:55:0": [0, 0.5931249999999999, -0.01, 7.1221875, 0.9084375, 0], "5:1:0:55:0": [24.637832031250007, 0, 2.4887890625, 8.471523437500002, 4.871171875, 11.8885791015625], "5:2:0:55:0": [5.97078125011176, 3.3859375, 6.624648437500001, 28.594130859375007, 17.2759375, 20.41337890625], "5:2:90:55:0": [-0.015, 0, 0, 15.281757812500004, -0.00875, 0], "5:2:270:55:0": [39.879999999999995, 19.915, 22.691103515625002, 21.297128906250002, 34.4228125, 33.18015625], "5:4:90:55:0": [0, 0, -0.018750000000000003, -0.01, 0, 0], "5:3:270:55:0": [0.9090625, -0.01, 4.6334375, 0, 0.9165625, 0], "4:3:270:55:0": [0.9140625, 0.20851562499999998, -0.015, -0.01, 0, 0], "3:4:0:55:0": [-0.01, 0, -0.01, 0, 0, 0], "3:4:90:55:0": [-0.015, -0.01, -0.015, -0.01, -0.005, -0.0075], "2:4:90:55:0": [0, -0.01, -0.01, 0, 0, 0], "4:4:90:55:0": [-0.01, -0.01, 0, -0.015, 0, 0], "5:4:270:55:0": [-0.01, -0.01, -0.0175, 0, 0, -0.005], "5:4:0:55:0": [-0.01, -0.015, -0.015, -0.01, -0.0075, -0.0075], "5:5:180:55:0": [-0.01, 0, 0, 0, 0, 0], "5:3:0:55:0": [-0.015, 15.747539062500003, 6.346455078125001, 1.8375, 1.2312500000000002, 0], "5:1:270:55:0": [-0.01, 0.9902539062919096, 16.762463378906254, 1.0163671875, 10.066588134765627, -0.009687500000000002], "4:1:270:55:0": [9.810444335937502, -0.015, 0.20023437499999996, -0.012499999944120646, -0.009375000000000001, 1.00056640627794], "4:0:90:55:0": [-0.015, -0.018750000000000003, -0.018750000000000003, -0.01, -0.013125, -0.009999999999999998], "5:0:90:55:0": [-0.0175, -0.01, -0.0175, -0.01, 0, 0], "3:1:270:55:0": [-0.017499999944120645, -0.01, -0.015, -0.015, -0.009999999999999998, -0.009999999999999998], "4:1:90:55:0": [0.12578124999999996, 0.600625, -0.015, -0.01, 0.5157031249999999, 0.44171874999999994], "4:1:0:55:0": [0, 0.0362548828125, 0.508046875, 0.04632812502793966, 0.13640624999999998, 0.26279296874999997], "4:1:180:55:0": [-0.01, -0.015, 3.8858276367187505, -0.01, -0.00875, -0.005], "4:0:180:55:0": [-0.01, -0.015, -0.0125, -0.0175, -0.009999999999999998, -0.0125], "1:0:90:55:0": [0, -0.01, 0, -0.01, 0, -0.005], "1:0:0:55:0": [0, -0.01, -0.01, 0, -0.005, -0.0075], "2:1:180:55:0": [-0.015, -0.01, 0, 0, 0, 0], "2:2:180:55:0": [-0.01, 0, 0, -0.01, 0, -0.005], "2:1:0:55:0": [-0.0175, -0.0125, -0.01, 0, -0.0075, 0], "2:2:0:55:0": [0, -0.015, 0, -0.01, -0.005, -0.009687500000000002], "2:1:270:55:0": [-0.0125, -0.01, 0, 0, 0, 0], "4:2:180:55:0": [0.4820800781250001, -0.01, -0.01, -0.01, -0.005, 0], "4:2:90:55:0": [-0.01, -0.015, -0.01, -0.01, 0, -0.009375000000000001], "4:2:0:55:0": [-0.02125, 0, -0.01, 0, 0, 0], "5:0:0:55:0": [4.9237109375, -0.01, 0, -0.015, 0, 0], "5:3:90:55:0": [-0.01, 2.0757031250000004, 1.0228515625, 9.949472656250002, 0, 2.0807031250000003], "4:4:270:55:0": [-0.01, -0.01, 0, -0.01, -0.0075, -0.0075], "4:4:180:55:0": [0, 0, 0, -0.01, 0, 0], "4:4:0:55:0": [0, -0.01, -0.015, -0.01, -0.009375000000000001, 0], "3:4:270:55:0": [-0.01, 0, 0, -0.015, 0, 0], "5:5:0:55:0": [0, 0, 0, -0.01, 0, 0], "5:5:270:55:0": [-0.01, -0.01, 0, 0, 0, 0], "4:5:270:55:0": [0, -0.01, -0.01, 0, 0, -0.005], "4:5:0:55:0": [0, 0, 0, -0.01, 0, 0], "3:5:270:55:0": [0, 0, 0, -0.01, 0, 0], "3:5:180:55:0": [-0.015, -0.004999999888241291, 0, 0, 0, -0.00875], "3:4:180:55:0": [-0.015, -0.01, -0.01, -0.015, 0, 0], "3:5:0:55:0": [0, 0, -0.01, 0, -0.005, -0.005], "3:5:90:55:0": [0, 0, -0.01, 0, 0, 0], "4:2:270:55:0": [29.897499999999994, 0, -0.01, -0.01, 0, 0], "4:3:180:55:0": [-0.01, 0, -0.01, 0, 0, 0], "4:3:0:55:0": [-0.015, -0.0175, -0.01, -0.015, -0.005, -0.005], "4:3:90:55:0": [0, 2.0757031250000004, 0, -0.01, -0.005, 0], "2:2:90:55:0": [0, 0, -0.01, 0, 0, -0.005], "2:4:180:55:0": [0, 0, -0.01, 0, 0, 0], "2:4:270:55:0": [-0.01, 0, 0, 0, 0, 0], "2:3:270:55:0": [0.3177734375, 0, 0, 0, 0, 0], "0:0:180:55:0": [-0.01, -0.01, 0, 0, 0, -0.0075], "0:1:180:55:0": [0, 0, 0, -0.01, -0.005, 0], "0:1:90:55:0": [-0.01, -0.015, 0, 0, -0.005, -0.0075], "1:1:180:55:0": [-0.014999999888241293, -0.015, -0.01, 0, 0, 0], "1:2:180:55:0": [-0.01, 0, -0.015, 0, 0, 0], "1:2:0:55:0": [0, -0.01, 0, 0, 0, 0], "1:1:0:55:0": [0, 0, 0, -0.01, 0, 0], "1:1:270:55:0": [-0.01, -0.015, 0, -0.015, 0, -0.005], "0:1:270:55:0": [-0.015, -0.01, -0.01, 0, -0.005, -0.005], "1:0:180:55:0": [0, -0.01, 0, 0, 0, 0]}