{"4:0:0:55:0": [-0.0185313931811315, -0.01821770696106166, -0.01851951917759578, -0.018345115425165877], "4:1:0:55:0": [-0.016650892316100313, -0.017954574788512367, -0.017754082311625882, -0.01739695688993132], "4:2:0:55:0": [-0.009656574924367473, -0.01713609127403081, -0.014981472291824895, -0.014714889637751803], "4:3:0:55:0": [-0.015460801873901288, -0.015089434586913348, 0.012177720436577872, -0.011940959706342907], "4:3:270:55:0": [-0.0128, -0.009599999821186065, -0.0040134898888439996, -0.009619341312000006], "4:3:90:55:0": [-0.013952, -0.014528000000000001, 0.03537534509692866, -0.011524557311301562], "4:3:180:55:0": [-0.008125706240000006, 0.008134601810545997, -0.008, -0.0072675328000000065], "4:4:180:55:0": [-0.007893258240000004, -0.006821129720719953, -0.009442293475108225, -0.005439348697642485], "4:0:90:55:0": [-0.0184791638016, -0.017681793024, -0.011193847299877494, -0.018107944924429263], "3:0:90:55:0": [-0.0189259740020736, -0.017830790359061027, -0.0182966083584, -0.018457775308800002], "3:0:0:55:0": [-0.019025757803854453, -0.01873769474778202, -0.0186067946831872, -0.018804839645183997], "3:0:270:55:0": [-0.014776054158400385, -0.01921268436303872, -0.018606766161920002, -0.0184014396719104], "3:0:180:55:0": [-0.0181301436416, -0.018668396380160004, -0.02653772616957952, -0.018570914889728], "3:1:180:55:0": [-0.018493315153919998, -0.023721341241049927, -0.019049355066119333, -0.018802836439703527], "2:0:270:55:0": [-0.01767568911278278, -0.0195557572971751, -0.019167786008718893, -0.019321321373827072], "4:0:270:55:0": [-0.01806346059776, -0.018561102839808, -0.025743083090479214, -0.006796232964822543], "1:0:270:55:0": [-0.01956045998180482, -0.01976791792111539, -0.01961586771815342, -0.02636753849286656], "1:0:0:55:0": [-0.011466922947331645, -0.0195435757568, -0.019522849538048, -0.01959112879770415], "2:0:0:55:0": [-0.019284156641398063, -0.019473919606784, -0.019304783196342025, -0.019521054560366884], "2:1:0:55:0": [-0.022735360000000003, -0.019288247009280002, -0.01922459660739919, -0.026153581510656], "2:1:90:55:0": [-0.0188715450368, -0.018780162296669546, -0.018731057152000002, -0.018883259465705113], "2:1:180:55:0": [-0.0179542433792, -0.017927030048413957, -0.017938327497621948, -0.018700521472], "2:0:180:55:0": [-0.018848975362457603, -0.018809733283840002, -0.018729080845316787, -0.019279692333055997], "2:0:90:55:0": [-0.019043975971078708, -0.017736716632582857, -0.01916727164928, -0.01905971539823464], "0:0:270:55:0": [-0.019744635714545218, -0.019708345485885438, -0.019586128082857195, -0.02738735244744065], "0:0:180:55:0": [-0.019127209852927998, -0.019023765194932225, -0.019402118862555055, -0.019162785513472003], "0:0:0:55:0": [-0.019070878761222144, -0.027513450502441486, -0.019399345427626065, -0.01953196220222696], "0:1:0:55:0": [-0.0191112395685888, -0.01949240051595776, -0.02574773737189518, -0.025488540841525117], "0:1:90:55:0": [-0.018760105164800003, -0.018902824910848, -0.009036495455833292, -0.018707071793540607], "0:1:180:55:0": [-0.0186852558503936, -0.018737694046109993, -0.018796646400000002, -0.018424534627081216], "1:1:90:55:0": [-0.0188704161792, -0.018899850319781007, -0.0111241208987648, -0.01897637727489229], "3:1:90:55:0": [-0.0243328, -0.018103271388725254, -0.018603673128632207, -0.018881332841977107], "3:1:0:55:0": [-0.019336618381768093, -0.018695435592322972, -0.018643695562248895, -0.019057501961967153], "3:1:270:55:0": [-0.018606450026654547, -0.018712736293626124, -0.018852430740528083, -0.01897557721088], "4:1:270:55:0": [-0.017519780876001374, -0.018756022598893606, -0.01728498854133238, -0.007692122960941003], "5:1:270:55:0": [-0.0161918976, -0.017090293954362283, -0.016602255360000002, -0.016527872], "5:1:180:55:0": [-0.0154496, -0.015744, -0.014945792000000001, -0.016448], "5:2:180:55:0": [-0.012672000000000003, -0.01116928, -0.0161499136, -0.01344], "5:2:270:55:0": [-0.015640268800000003, -0.014194774016000004, -0.013824, -0.013376], "6:2:270:55:0": [-0.015335424, -0.013345792, -0.015744, -0.015398912], "6:2:0:55:0": [-0.0123648, -0.016297472, -0.013984768, -0.01463552], "4:2:270:55:0": [-0.01344, -0.012223999999999999, -0.010530516133606432, -0.011254155728028055], "3:2:270:55:0": [-0.008718537227122878, -0.0099968, -0.014899200000000001, -0.014400000000000001], "2:2:270:55:0": [-0.014152864418535764, -0.014779207680000002, -0.016269312, -0.0182105088], "2:2:180:55:0": [-0.01683712, -0.0161951744, -0.016905433446328114, -0.016799948800000002], "2:2:90:55:0": [-0.0179054829568, -0.014693295228710091, -0.0173959168, -0.0159104], "2:3:180:55:0": [-0.015135744, 0.009464320000000012, -0.015542784000000002, -0.014476800000000001], "2:4:180:55:0": [-0.013568, 0.41005056, -0.009600000000000001, -0.008], "2:4:270:55:0": [0.019661148160000006, -0.009600000000000001, -0.00992, -0.008], "1:4:270:55:0": [-0.01376, -0.014784000000000002, -0.0137856, -0.0034018303999999965], "1:4:0:55:0": [-0.00016466734524682447, -0.01472, -0.013824000000000001, -0.0159616], "1:5:0:55:0": [-0.009600000000000001, -0.014515199999999999, 0.08007955267473496, -0.008], "1:6:0:55:0": [-0.008, -0.011200000000000002, -0.00544, -0.008], "1:6:270:55:0": [-0.009600000000000001, -0.013568, -0.011200000000000002, -0.0032], "2:6:270:55:0": [-0.008, 0, -0.00992, -0.0019199999999999998], "2:6:0:55:0": [-0.0128, -0.00992, -0.00992, -0.0128], "2:6:90:55:0": [-0.009600000000000001, -0.008, -0.008, -0.0128], "2:6:180:55:0": [-0.00992, -0.00993536, -0.009600000000000001, 0.0], "3:6:90:55:0": [-0.0048000000000000004, -0.008, -0.008, -0.008], "2:5:180:55:0": [0, -0.009600000000000001, 0.011096178894487108, -0.000608051200000001], "1:6:90:55:0": [-0.01376, -0.0128, -0.0128, -0.008], "3:6:180:55:0": [-0.008, -0.008, -0.009600000000000001, 0], "3:6:270:55:0": [0, -0.009600000000000001, -0.008, -0.008], "3:5:180:55:0": [-0.009600000000000001, -0.008, -0.008, 0.1509138432], "2:5:0:55:0": [-0.011200000000000002, -0.009928908800000007, 0.08581792694091747, -0.008], "2:5:270:55:0": [0.013498776299029874, 0, -0.006587116816522888, 0], "3:5:270:55:0": [-0.004627875181551054, 0.0032430289230300363, 0.007244289087981762, -0.012106240000000002], "3:4:180:55:0": [-0.00992, -0.0176, -0.01312, -0.0015752799873604536], "3:5:0:55:0": [-0.009600000000000001, -0.008368701440000001, 0.18438287190361027, 0], "3:4:0:55:0": [0.08520198944519793, -0.01312, -0.009600000000000001, -0.008043929600000003], "3:4:90:55:0": [-0.0128, 0.005178956492285475, -0.004863999999999997, 0.08384753942527999], "3:3:0:55:0": [-0.013184000000000001, -0.013888000000000001, -0.009343146393600002, -0.00992], "3:2:0:55:0": [-0.0148736, -0.01478656, -0.015698698084377818, -0.009287325418780058], "2:1:270:55:0": [-0.018808478177048747, -0.01803516821504, -0.01881640353780556, -0.0180089856], "1:1:180:55:0": [-0.019271795965952, -0.01850398675304448, -0.0184116076544, -0.0188408225792], "1:0:180:55:0": [-0.019394547580927998, -0.0190403233906688, -0.01937161772720861, -0.019433458139969658], "1:0:90:55:0": [-0.0191503936913408, -0.019232240479718575, -0.019087762378614374, -0.01932814936901151], "0:0:90:55:0": [-0.01947472096526336, -0.019369277457799577, -0.019425356944443965, -0.01943329467051016], "0:2:180:55:0": [-0.018641193210652572, -0.017697947526386537, -0.0181130461184, -0.018333184], "0:2:270:55:0": [-0.017556234240000003, -0.018308771839999998, -0.018557698048, -0.017638096896000002], "0:2:90:55:0": [-0.018659328, -0.0183199744, -0.026470590994055417, -0.017831424], "0:3:180:55:0": [-0.016986238976, -0.016155212575696593, -0.0173584384, -0.0173805568], "0:4:180:55:0": [-0.015161040831881675, 0.010588001273599124, -0.016142335999942782, -0.015190958079771118], "0:5:180:55:0": [-0.0160256, -0.013824000000000001, -0.01344, 0.024867747510272722], "0:5:90:55:0": [-0.008, 0.060079077159076066, -0.011200000000000002, -0.013888000000000001], "0:5:0:55:0": [-0.013312000000000001, -0.013760000000000001, 0.0189055643926896, -0.01312],