{"2:0:0": [-0.001, 0, 0], "2:0:45": [0, -0.0019000000000000002, -0.001], "3:0:135": [-0.001, 0, -0.001], "4:0:135": [0, -0.001, 0], "4:0:180": [0, -0.001, 0], "4:0:225": [0, -0.001, -0.001], "3:1:225": [-0.001, 0, 0], "3:1:270": [0, -0.001, 0], "3:1:315": [0, 0, -0.001], "3:1:360": [0, -0.001, 0], "3:1:0": [-0.001, 0, 0], "3:1:45": [-0.001, 0, 0], "3:2:45": [0, 0, -0.001], "3:2:90": [-0.0019000000000000002, 0, 0], "2:2:90": [0, 0, -0.001], "2:2:135": [-0.001, -0.001, -0.001], "2:1:135": [0, -0.001, -0.001], "1:1:135": [-0.001, 0, 0], "1:1:180": [-0.001, 0, 0], "1:1:225": [-0.001, 0, 0], "1:1:270": [-0.0019000000000000002, 0, 0], "2:1:270": [-0.001, -0.001, 0], "2:1:315": [0, -0.0019000000000000002, 0], "2:2:315": [-0.001, 0, 0], "2:2:360": [-0.001, 0, 0], "2:2:0": [0, -0.001, 0], "2:2:45": [0, 0, 0], "3:2:135": [0, 0, -0.001], "3:2:180": [0, -0.001, 0], "3:2:225": [-0.001, -0.001, 0], "2:2:225": [-0.001, 0, -0.0019000000000000002], "2:3:270": [-0.001, -0.001, 0], "1:3:270": [0, 0, -0.001], "1:3:315": [0, -0.0019000000000000002, 0], "1:2:315": [0, 0, -0.001], "1:2:360": [-0.001, 0, 0], "1:2:0": [-0.001, 0, 0], "1:2:45": [0, -0.001, -0.001], "0:3:45": [-0.001, -0.001, 0], "0:3:90": [-0.001, 0, -0.001], "0:3:135": [0, 0, -0.001], "0:3:180": [-0.001, -0.001, 0], "0:2:180": [-0.001, 0, 0], "0:2:225": [0, -0.0019000000000000002, 0], "0:2:270": [-0.001, 0, 0], "0:2:315": [-0.001, 0, 0], "0:2:360": [0, -0.001, -0.001], "0:1:360": [-0.001, 0, 0], "0:1:0": [0, 0, -0.001], "0:1:45": [-0.001, 0, 0], "0:1:90": [0, -0.001, -0.001], "0:1:135": [0, -0.001, 0], "0:1:180": [0, 0, -0.001], "0:3:225": [-0.001, 0, -0.001], "0:3:270": [-0.001, 0, 0], "0:3:315": [0, 0, 0], "0:2:0": [0, 0, 0], "1:1:90": [0, 0, 0], "1:1:315": [-0.001, 0, 0], "1:1:360": [0, -0.001, 0], "1:1:0": [-0.001, 0, 0], "1:2:90": [0, 0, -0.001], "1:2:135": [0, -0.001, 0], "2:2:180": [0, 0, -0.001], "2:3:180": [0, 0, -0.0019000000000000002], "2:3:225": [0, 0, -0.001], "2:4:225": [-0.0019000000000000002, 0, 0], "1:4:225": [-0.001, 0, 0], "1:4:270": [-0.001, 0, 0], "1:4:315": [0, 0, -0.001], "1:4:360": [-0.001, 0, 0], "1:4:0": [0, -0.001, 0], "1:5:0": [0, 0, -0.001], "1:5:45": [0, -0.001, 0], "1:5:90": [0, 0, -0.001], "1:5:135": [-0.001, 0, -0.001], "2:5:135": [0, 0, -0.001], "2:5:180": [-0.001, -0.001, 0], "2:6:180": [0, 0, -0.001], "2:6:225": [-0.001, -0.001, 0], "1:6:225": [0, -0.001, 0], "1:6:270": [-0.001, 0, -0.001], "0:6:315": [0.0, 0, 0], "0:6:360": [-0.001, 0, 0], "0:6:0": [-0.001, 0, -0.001], "0:6:45": [-0.001, 0, 0], "0:6:90": [0, -0.001, 0], "0:6:135": [0, -0.0019000000000000002, 0], "0:6:180": [-0.001, 0, 0], "0:6:225": [0, 0, -0.001], "0:6:270": [0, 0, -0.001], "1:6:315": [-0.001, -0.001, -0.001], "1:6:360": [-0.001, 0, 0], "1:6:0": [0, 0, -0.001], "1:6:45": [0, 0, -0.001], "1:6:90": [-0.001, 0, 0], "2:6:90": [-0.001, 0, 0], "2:6:135": [0, 0, 0], "1:6:135": [0, -0.001, 0], "1:6:180": [0, 0, 0], "0:5:0": [0, -0.001, 0], "0:5:45": [-0.001, 0, 0], "0:5:90": [0, 0, -0.001], "1:5:180": [0, 0, -0.001], "1:5:225": [0, -0.0019000000000000002, 0], "1:5:270": [0, -0.0019000000000000002, 0], "0:5:270": [0, -0.0019000000000000002, 0], "0:5:315": [-0.0019000000000000002, 0, 0], "0:4:315": [0, 0, -0.001], "0:4:360": [-0.001, -0.001, 0], "0:4:0": [0, -0.001, 0], "0:4:45": [0, 0, -0.001], "1:4:135": [-0.001, 0, 0], "1:4:180": [0, 0, -0.001], "0:5:135": [0, 0, -0.001], "0:5:180": [-0.001, 0, 0], "0:5:225": [0, 0, 0], "0:4:270": [0, 0, 0], "0:3:360": [0, -0.001, 0], "0:3:0": [0, 0, 0], "0:2:45": [-0.001, 0, 0], "1:2:180": [0, 0, -0.001], "1:2:225": [0, -0.001, 0], "1:2:270": [0, 0, 0], "2:1:225": [0, 0, 0], "3:2:315": [0, 0, -0.001], "3:2:360": [0, -0.0019000000000000002, 0], "3:3:0": [0, -0.001, 0], "3:3:45": [-0.001, 0, -0.001], "4:3:90": [0, -0.001, 0], "4:3:135": [-0.001, 0, 0], "4:3:180": [0, 0, 0.0], "4:3:225": [-0.001, 0, -0.001], "5:3:225": [-0.001, -0.001, -0.001], "5:3:270": [0, 0, -0.001], "5:3:315": [0, -0.001, 0], "5:3:360": [-0.001, 0, -0.0019000000000000002], "5:4:360": [0, 0, -0.001], "5:4:0": [0, 0, -0.001], "5:4:45": [0, 0, -0.001], "6:4:90": [0, -0.001, 0], "6:4:135": [0, -0.0019000000000000002, 0], "6:5:135": [0, -0.001, 0], "6:5:180": [0, 0, -0.001], "6:5:225": [-0.001, 0, 0], "6:5:270": [0, -0.001, -0.001], "6:5:315": [-0.001, 0, -0.001], "6:5:360": [0, 0, -0.001], "6:5:0": [0, 0, -0.001], "6:5:45": [0, -0.001, 0], "6:5:90": [0, 0, 0], "5:5:270": [0, 0, -0.001], "5:5:315": [0, -0.001, -0.001], "5:5:360": [0, 0, -0.001], "5:5:0": [0, -0.001, 0], "5:5:45": [0, -0.001, 0], "4:5:45": [-0.001, 0, 0], "4:5:90": [0, -0.001, 0], "4:5:135": [0, 0, -0.001], "4:5:180": [-0.001, 0, 0], "4:5:225": [0, 0, -0.001], "4:5:270": [0, 0, 0], "5:6:315": [-0.001, 0, -0.001], "5:6:360": [0, -0.001, 0], "5:6:0": [0, 0, -0.001], "6:6:0": [0, -0.001, -0.001], "6:6:45": [-0.001, 0, 0], "6:6:90": [0, -0.001, 0], "6:6:135": [0, -0.001, 0], "6:6:180": [0, 0, -0.001], "6:6:225": [0, -0.001, 0], "6:6:270": [-0.001, 0, -0.001], "6:6:315": [0, 0, -0.001], "6:6:360": [0, 0, 0], "6:4:180": [0, -0.001, 0], "6:4:225": [0, 0, -0.001], "6:4:270": [0, -0.001, 0], "2:1:45": [0, -0.001, 0], "2:1:90": [0, 0, 0], "2:0:135": [-0.001, 0, 0], "2:0:180": [-0.001, 0, -0.001], "2:0:225": [0, 0, -0.001], "2:0:270": [-0.001, 0, -0.001], "3:0:270": [0, 0, -0.001], "3:0:315": [-0.001, 0, 0], "4:2:90": [0, 0, -0.001], "4:2:135": [-0.001, 0, 0], "4:2:180": [-0.0019000000000000002, 0, 0], "5:3:180": [0, 0, 0], "5:2:225": [0, -0.0019000000000000002, 0], "5:2:270": [0, 0, -0.001], "6:2:270": [-0.001, 0, 0], "6:2:315": [0, 0, -0.001], "6:2:360": [0, -0.001, 0], "6:2:0": [0, -0.001, 0], "6:2:45": [0, -0.001, 0], "6:2:90": [-0.001, 0, 0], "6:2:135": [-0.001, 0, 0], "6:2:180": [-0.001, 0, 0], "6:1:180": [0, 0, -0.001], "6:1:225": [0, -0.001, -0.001], "6:0:225": [0, -0.001, 0], "6:0:270": [0, -0.0019000000000000002, 0], "6:0:315": [0, -0.001, 0], "6:0:360": [0, -0.001, 0], "6:0:0": [-0.001, -0.001, 0], "6:0:45": [0, -0.001, 0], "6:0:90": [0, 0, -0.001], "6:0:135": [0, 0, -0.001], "6:0:180": [0, 0, 0], "5:0:270": [0, -0.001, 0], "5:0:315": [-0.001, 0, -0.001], "4:0:315": [-0.001, 0, 0], "4:0:360": [0, 0, -0.001], "4:0:0": [0, 0, -0.0019000000000000002], "4:1:45": [0, 0, -0.001], "4:1:90": [0, -0.001, 0], "3:1:90": [0, 0, -0.001], "3:1:135": [0, -0.001, -0.001], "4:1:135": [0, 0, -0.001], "4:2:225": [-0.001, 0, -0.001], "3:3:225": [-0.001, -0.001, 0], "4:2:270": [0, -0.001, 0], "4:2:315": [0, 0, -0.001], "3:1:180": [-0.001, 0, 0], "4:1:180": [-0.001, 0, 0], "4:1:225": [0, 0, 0], "3:2:270": [0, 0, 0], "0:2:90": [0, -0.001, 0], "0:2:135": [0, 0, 0], "1:3:225": [0, 0, 0], "3:2:0": [0, 0, 0], "4:3:270": [-0.001, 0, 0], "5:3:0": [0, -0.001, 0], "5:3:45": [0, -0.001, 0], "5:3:90": [-0.001, 0, -0.0019000000000000002], "5:4:135": [0, -0.001, 0], "5:4:180": [-0.001, 0, 0], "5:5:180": [0, 0, -0.001], "5:5:225": [0, 0, 0], "6:4:315": [-0.001, 0, 0], "6:4:360": [0, -0.001, 0], "6:4:0": [0, 0, -0.001], "6:4:45": [-0.001, -0.001, 0], "6:3:90": [0, -0.001, 0], "6:3:135": [0, 0, -0.001], "6:3:45": [0, 0, 0], "6:3:180": [0, 0, -0.001], "5:4:315": [0, 0, 0], "4:3:0": [-0.001, 0, 0], "5:3:135": [0, 0, 0], "5:4:225": [-0.001, -0.001, 0], "4:4:225": [0, 0, -0.001], "4:4:270": [0, 0, -0.001], "3:4:270": [-0.001, 0, 0], "3:4:315": [-0.0019000000000000002, -0.002, 0], "4:4:315": [0, -0.001, 0], "4:4:360": [0, -0.001, 0], "4:5:360": [-0.0019000000000000002, 0, 0], "4:4:0": [-0.001, 0, 0], "4:4:45": [-0.001, 0, 0], "4:4:90": [-0.001, 0, 0], "4:4:135": [0, 0, -0.001], "4:4:180": [0, 0, 0], "5:4:270": [0, 0, 0], "4:3:315": [0, -0.001, 0], "4:3:360": [0, 0, 0], "4:3:45": [0, 0, 0], "3:3:90": [0, -0.001, 0], "3:3:135": [0, -0.001, 0], "3:3:180": [0, -0.001, 0], "2:3:315": [-0.001, 0, 0], "2:3:360": [-0.0019000000000000002, 0, 0], "2:3:0": [0, -0.001, 0], "2:3:45": [-0.001, 0, -0.001], "2:4:45": [0, 0, -0.0019000000000000002], "2:4:90": [0, -0.001, 0], "2:4:135": [0, -0.001, 0], "1:3:180": [0, 0, 0], "1:3:360": [0, 0, -0.001], "1:3:0": [-0.001, 0, 0],