{"0:0:0:56:0": [-0.008, 0, 0, 0], "0:1:0:55:0": [-0.018985024716799997, -0.018982242713600002, -0.025203200000000002, -0.022668800000000003], "0:1:90:55:0": [-0.024545280000000003, -0.024779264000000002, -0.02247168, -0.026446233599999997], "1:1:90:55:0": [-0.022656000000000003, -0.0169088, -0.024871424, -0.02037254128550476], "2:1:90:55:0": [-0.020979200000000003, -0.0099968, -0.0189105152, -0.0187392], "2:1:0:55:0": [-0.018798079999999998, -0.00992, -0.018807296, -0.00992], "2:0:0:55:0": [-0.017062400000000002, -0.017984000000000003, -0.025015296000000003, -0.018785279999999998], "2:0:270:55:0": [-0.019904, -0.03215998201353442, -0.018048, -0.024155648000000002], "2:0:180:55:0": [-0.024757248, -0.018626048, -0.02299392, -0.025460121600000003], "2:0:90:55:0": [-0.0189215744, -0.024885555200000006, -0.018908671999999998, -0.018490880000000005], "2:1:180:55:0": [-0.0249058304, -0.02455808, -0.009984, -0.017949696], "2:1:270:55:0": [-0.00992, -0.01875456, -0.014912000000000003, -0.009600000000000001], "1:1:270:55:0": [-0.00992, -0.02353152, -0.01536, -0.024827903999999998], "1:1:180:55:0": [-0.024993792, -0.016832, -0.016832000000000003, -0.02415122432], "1:2:180:55:0": [-0.0167424, -0.0187876352, -0.00992, -0.0171994112], "1:2:90:55:0": [-0.026730868736000002, -0.01691199488, -0.0171392, -0.021765120000000006], "0:2:90:55:0": [-0.023485440000000007, -0.0236155355136, -0.02312726528, -0.018979430399999997], "0:2:180:55:0": [-0.02248448, -0.01691136, -0.015744, -0.02408179712], "0:3:180:55:0": [-0.02247168, -0.01568, -0.01536, -0.008], "0:1:180:55:0": [-0.0189998415740928, -0.015744, -0.0258238464, -0.025712640000000002], "0:0:180:55:0": [-0.018910515200000002, -0.02416915316736, -0.023171502080000003, -0.025593348096000005], "0:0:90:55:0": [-0.024889574850560002, -0.01891371008, -0.018999762059264, -0.0188364726272], "0:0:270:55:0": [-0.02908360704, -0.025606717440000003, -0.0188587483136, -0.0189999705489408], "1:0:90:55:0": [-0.026512800579584002, -0.022883328, -0.0270918230933504, -0.02532298752], "1:0:180:55:0": [-0.026882455633920003, -0.024873984, -0.030213684972748803, -0.018996727807999998], "0:0:0:55:0": [-0.026418615713792004, -0.01899994918158336, -0.024526450688000002, -0.023313432576000003], "0:2:0:55:0": [-0.009984, -0.0269419618304, -0.02538801152, -0.026091966464], "0:2:270:55:0": [-0.0188565504, -0.02348544, -0.018546175999999998, -0.018822656], "0:1:270:55:0": [-0.0182144, -0.023613870080000002, -0.02538727424, -0.024142745599999998], "0:3:0:55:0": [-0.01536, -0.018954752, 0, -0.01568], "0:4:0:55:0": [-0.00992, -0.009600000000000001, -0.009600000000000001, -0.017062400000000002], "0:5:0:55:0": [-0.008, -0.00992, 0, 0], "0:4:270:55:0": [-0.015744, -0.00992, -0.014912000000000003, -0.01536], "1:4:270:55:0": [-0.009600000000000001, -0.00992, -0.018570752, -0.008], "2:4:270:55:0": [-0.008, -0.016832, 0, -0.008], "3:4:270:55:0": [-0.008, -0.009600000000000001, 0, -0.009600000000000001], "3:4:180:55:0": [-0.01536, -0.009600000000000001, -0.009600000000000001, 0], "3:3:180:55:0": [-0.008, -0.009600000000000001, -0.01536, -0.00992], "3:3:90:55:0": [-0.009984, -0.016512000000000006, -0.009600000000000001, -0.013760000000000001], "2:3:90:55:0": [-0.00992, -0.009600000000000001, -0.009600000000000001, -0.009600000000000001], "2:3:180:55:0": [-0.020979200000000003, -0.008, -0.0099968, -0.015744], "2:3:270:55:0": [-0.00992, -0.01889024, -0.008, -0.015744], "1:3:270:55:0": [-0.009984, -0.009984, -0.022853808128000003, -0.0183496704], "1:3:180:55:0": [-0.0171264, -0.018060800000000002, -0.018856448, -0.0099968], "1:4:180:55:0": [-0.017117696, -0.00992, -0.01568, -0.009600000000000001], "1:5:180:55:0": [-0.016512000000000006, -0.009600000000000001, 0, -0.00992], "1:5:90:55:0": [-0.008, 0, -0.009600000000000001, 0], "1:6:180:55:0": [-0.009600000000000001, -0.008, -0.01536, -0.008], "1:6:270:55:0": [-0.009600000000000001, -0.008, -0.009600000000000001, -0.008], "2:6:270:55:0": [-0.008, -0.008, 0, -0.008], "2:6:180:55:0": [-0.008, -0.008, 0, 0], "2:5:180:55:0": [-0.008, 0, 0, -0.008], "2:5:90:55:0": [0, 0, -0.008, 0], "2:4:180:55:0": [-0.008, -0.008, 0, -0.009600000000000001], "2:2:180:55:0": [-0.01855488, -0.01718784, -0.0182144, -0.016832], "2:2:270:55:0": [-0.00992, -0.0250502144, -0.01575936, -0.020659200000000003], "3:2:270:55:0": [-0.01536, -0.00992, -0.016896, -0.008], "3:2:0:55:0": [-0.00992, -0.01536, -0.008, -0.00992], "3:2:90:55:0": [-0.01536, -0.016512000000000006, -0.008, -0.013760000000000001], "4:2:90:55:0": [-0.00992, -0.016512, -0.018521600000000003, -0.009600000000000001], "4:2:0:55:0": [-0.017062400000000002, -0.023602176000000002, -0.017984000000000003, -0.01536], "4:1:0:55:0": [-0.018635366400000002, -0.025453703168000004, -0.022684160000000002, -0.018579456], "4:0:0:55:0": [-0.02361423872, -0.0253919232, -0.018278400000000004, -0.025949665689600002], "4:0:270:55:0": [-0.01875456, -0.02426624, -0.025390743552, -0.026371749478400004], "4:0:180:55:0": [-0.025247237242880003, -0.024883200000000005, -0.018521600000000003, -0.023553310720000005], "4:1:180:55:0": [-0.023756288, -0.018291200000000004, -0.018996781056, -0.023046656], "5:0:270:55:0": [-0.018554879993820193, -0.026377318400000002, -0.00992, -0.01862344704], "3:0:270:55:0": [-0.02529792, -0.024763904000000003, -0.023003136, -0.0170624], "1:0:270:55:0": [-0.025823846400000003, -0.02603300864, -0.026994018713600004, -0.026541397360486687], "3:1:270:55:0": [-0.0187496448, -0.009600000000000001, -0.01898041344, -0.013760000000000001], "4:1:270:55:0": [-0.0189141573632, -0.016911360000000004, -0.023467007999999998, -0.025129062400000002], "5:1:270:55:0": [-0.00992, -0.0189853679616, -0.01575936, -0.023888384], "5:1:0:55:0": [-0.0189118464, -0.01536, -0.018967654400000002, -0.0171264], "5:2:0:55:0": [-0.00992, -0.0169088, -0.023421440000000005, -0.018337280000000004], "5:3:0:55:0": [-0.008, -0.008, -0.009600000000000001, -0.016896], "5:2:270:55:0": [-0.017984000000000003, -0.01568, -0.018508800000000002, -0.02635726848], "5:4:0:55:0": [0, -0.009600000000000001, -0.016512000000000006, -0.008], "5:4:270:55:0": [-0.009984, -0.009600000000000001, -0.009600000000000001, -0.01536], "6:4:270:55:0": [-0.008, -0.016832000000000003, -0.013760000000000001, -0.008], "6:4:180:55:0": [-0.009600000000000001, -0.008, 0, -0.0182144], "6:3:180:55:0": [-0.00992, -0.009600000000000001, -0.009600000000000001, -0.016832], "6:2:180:55:0": [-0.01568, -0.016832, -0.02330112, -0.0182912], "6:2:90:55:0": [-0.01856768, -0.01536, -0.015744, -0.0260222976], "6:2:270:55:0": [-0.01855488, -0.022592, -0.024803328000000006, -0.0169088], "6:2:0:55:0": [-0.020979200000000003, -0.018902016, -0.018911232, -0.018954752], "5:2:90:55:0": [-0.016896, -0.022748160000000003, -0.024812544, -0.016832000000000003], "2:2:90:55:0": [-0.01717248, -0.009600000000000001, -0.01714176, -0.018060800000000002], "2:2:0:55:0": [-0.0099968, -0.018616934400000004, -0.017984000000000003, -0.015744], "3:1:90:55:0": [-0.018807296, -0.022994534400000002, -0.016832, -0.01849088], "4:1:90:55:0": [-0.0169088, -0.02414210957312, -0.01855488, -0.023479807999999998], "5:1:90:55:0": [-0.02416019456, -0.026940280832000004, -0.016512, -0.015759872], "6:1:90:55:0": [-0.023142924288, -0.026367119360000003, -0.024837021696000005, -0.026124185600000002], "6:1:180:55:0": [-0.025866752000000007, -0.022361600000000002, -0.0258115584, -0.0269449158656], "6:0:180:55:0": [-0.026343014400000007, -0.024738713600000007, -0.018291200000000004, -0.026098995200000003], "6:0:270:55:0": [-0.018625536000000005, -0.016512, -0.025130823679999543, -0.009600000000000001], "0:3:270:55:0": [-0.018957823999999998, -0.009984, -0.008, -0.008], "1:4:0:55:0": [-0.00992, -0.016896, -0.01718528, -0.0170624], "1:4:90:55:0": [-0.009600000000000001, -0.009600000000000001, -0.01568, -0.018840576], "0:5:90:55:0": [0, 0, 0, -0.008], "0:4:180:55:0": [-0.01568, -0.008, -0.008, -0.00992], "1:3:90:55:0": [-0.009600000000000001, -0.013760000000000001, -0.0189135872, -0.0186365952],