{"3:0:0": [-0.0019000000000000002, -0.0019000000000000002, -0.004168, 0], "3:0:45": [-0.00296119, -0.00271, -0.005217031, -0.003529], "4:0:45": [-0.0037719999999999997, -0.00554581, -0.002978119, -0.00443539], "3:1:45": [-0.001, -0.00476659, -0.002791, -0.003529], "2:1:90": [0, 0, -0.0019000000000000002, -0.001], "2:1:45": [-0.0019000000000000002, -0.00271, 0, -0.0040951], "5:0:45": [-0.001, -0.00621579511, -0.003439, -0.00468559], "6:0:45": [-0.00611789851, -0.004793329000000001, -0.004662109, -0.004501000000000001], "6:0:0": [-0.0030429999999999997, -0.0029701, -0.004004551, -0.002881], "6:1:0": [-0.001, -0.00271, -0.001, 0], "6:1:-45": [0, 0, -0.0019000000000000002, -0.001], "6:2:-45": [-0.001, -0.0019000000000000002, 0, -0.0019000000000000002], "6:1:-90": [0, -0.001, 0, -0.0019000000000000002], "5:1:-90": [0, -0.001, 0, -0.001], "5:1:-135": [0, 0, 0, -0.001], "5:2:-135": [-0.001, 0, 0, -0.0019000000000000002], "4:2:-135": [-0.001, -0.005054149, -0.001, -0.002881], "4:2:-180": [0, 0, -0.0019000000000000002, 0], "4:3:-180": [0, -0.0019000000000000002, -0.0019000000000000002, 0], "4:3:-135": [-0.002791, -0.0028000000000000004, -0.00271, -0.001], "3:3:-135": [-0.002881, -0.002881, -0.00199, -0.0028000000000000004], "3:3:-90": [-0.00271, -0.001, -0.0021601, -0.0028891000000000003], "4:3:-90": [-0.001, -0.001, 0, 0], "4:2:-90": [-0.0019000000000000002, -0.0019000000000000002, 0, -0.00271], "5:2:-90": [0, -0.0019000000000000002, -0.001, 0], "5:2:-45": [-0.001, 0, -0.001, -0.001], "4:2:-45": [-0.002791, -0.0028000000000000004, -0.001, -0.001], "3:3:-180": [-0.0019000000000000002, -0.001, 0, -0.0019000000000000002], "3:3:-225": [0, -0.00271, 0, -0.0019000000000000002], "3:3:-270": [-0.001, 0, -0.001, 0], "4:3:-270": [-0.001, -0.001, -0.0019000000000000002, -0.003529], "5:3:-270": [0, 0, -0.001, -0.001], "5:3:-315": [0, 0, 0, -0.0019000000000000002], "4:3:-315": [0, 0, -0.001, 0], "4:4:-315": [-0.0019000000000000002, 0, -0.001, -0.0019000000000000002], "3:4:-315": [-0.001, -0.001, -0.001, -0.001], "3:5:-360": [0, -0.001, 0, 0], "3:5:-315": [0, -0.001, 0, 0], "2:0:0": [-0.003439, 0, -0.004168, -0.0019000000000000002], "2:0:45": [-0.001, -0.001, -0.0019000000000000002, -0.0019000000000000002], "2:1:0": [-0.001, -0.0019000000000000002, -0.002881, -0.00477559], "2:1:-45": [0, -0.001, 0, -0.001], "1:1:-45": [0.0, -0.002, -0.00199, 0], "1:0:-45": [-0.0074044933489, -0.0061409584, -0.006827822929, -0.003940399], "1:0:-90": [0, 0, 0, -0.006176826585100001], "0:0:-45": [-0.004476781, -0.00648190441, -0.0064910971, -0.005712904899999999], "0:0:-90": [-0.004339000000000001, -0.003529, -0.0019000000000000002, -0.001], "0:1:-45": [-0.00199, -0.001, -0.001, -0.0035200000000000006], "0:0:0": [-0.00577449739, -0.004675617361, -0.0029701, -0.0038296639], "1:0:-135": [-0.00392974102, -0.0013386781, -0.0043969139551, -0.003559481029], "2:0:-135": [-0.005507151220000001, -0.006830964910000001, -0.0086063793332239, -0.0063112528], "2:0:-180": [-0.0054332371, -0.005887558, -0.00537028219, -0.004274200000000001], "2:1:-180": [-0.001, -0.001, -0.004185100000000001, -0.001], "2:1:-225": [0, 0, 0, -0.001], "1:1:-180": [-0.001, 0, -0.0019000000000000002, -0.001], "1:1:-135": [-0.0035200000000000006, -0.001, -0.003529, -0.00271], "2:1:-135": [0, -0.0019000000000000002, -0.00109, -0.001], "2:0:-90": [-0.005388031, -0.00271, -0.002881, -0.002791], "3:0:-45": [0, -0.003439, -0.00271, -0.0040951], "3:0:-135": [0, -0.0036555202900000004, -0.0040951, 0], "2:2:0": [-0.001, -0.003439, 0, -0.001], "2:2:-45": [-0.001, -0.00271, -0.00271, 0], "1:1:0": [-0.00445312, -0.00199, -0.002881, -0.004964149], "1:0:0": [-0.0028000000000000004, -0.005054149, -0.001, -0.002], "1:0:45": [-0.003439, 0, -0.001, -0.0019000000000000002], "1:0:90": [-0.0035200000000000006, -0.0036100000000000004, -0.001, -0.003529], "0:1:45": [-0.0019000000000000002, -0.001, -0.001, -0.00271], "0:1:0": [-0.0019000000000000002, -0.00271, -0.001, -0.00271], "0:1:-90": [-0.001, -0.001, 0, -0.001], "1:1:-90": [-0.001, 0, -0.003439, -0.0056953279], "0:1:-135": [-0.0041761, -0.001, -0.001, -0.0019000000000000002], "0:1:-180": [-0.003439, -0.00271, -0.00109, -0.001], "0:0:-225": [0, -0.0019000000000000002, -0.003439, 0], "0:0:-180": [0, -0.001, -0.001, 0], "0:2:-135": [-0.0019000000000000002, -0.001, 0, -0.0019000000000000002], "0:2:-180": [-0.0019000000000000002, 0, -0.0019000000000000002, 0], "2:1:-90": [0, 0, -0.001, -0.0019000000000000002], "3:0:-90": [0, -0.00271, -0.003439, -0.001981], "2:0:-45": [-0.0047387341, -0.0019000000000000002, 0, 0], "1:1:45": [0, 0, 0, -0.001171], "1:2:0": [-0.001, -0.0019000000000000002, -0.001, -0.0035200000000000006], "1:3:0": [-0.003439, -0.001, -0.001, -0.0040951], "1:3:-45": [-0.0028000000000000004, 0, -0.0019000000000000002, -0.001], "2:3:-45": [-0.001, -0.001, 0, 0], "2:4:-45": [-0.001, 0, -9.000000000000002e-05, -0.001], "2:4:0": [-0.0019000000000000002, -0.001, -0.003781, -0.00199], "2:5:0": [-0.001, 0, -0.0019000000000000002, 0], "2:5:45": [-0.0019000000000000002, -0.001, -0.001, 0], "1:6:45": [0, -0.001, 0, 0], "1:6:90": [-0.00271, -0.0019000000000000002, 0, 0], "0:6:135": [-0.00271, -0.00271, -0.001, -0.0036100000000000004], "0:6:180": [-0.0049582441, -0.0029701, -0.00367561, -0.0027919], "0:5:135": [-0.00199, -0.0023116509999999996, -0.001, -0.004339], "0:5:90": [-0.00689408101, -0.006825591451, -0.007044289993899999, -0.0067202218000000005], "0:5:45": [-0.004347829, -0.00393749029, -0.0028891000000000003, -0.00287119], "1:5:90": [-0.003439, -0.001, -0.0020684071, -0.004249], "0:6:45": [-0.001, 0, -0.0019000000000000002, 0], "0:6:90": [-0.0028000000000000004, -0.001, -0.0035200000000000006, -0.001], "0:5:180": [-0.0019000000000000002, -0.004185100000000001, -0.00271, 0], "0:5:225": [-0.001, -0.001, -0.001, -0.0019000000000000002], "0:6:225": [0, -0.001, 0, 0], "2:5:135": [0, -0.001, -0.001, 0], "2:5:90": [0, 0, 0, 0], "0:2:45": [-0.00199, -0.001, -0.002791, -0.0019000000000000002], "0:3:45": [-0.00199, -0.004905100000000001, -0.002881, -0.0036829], "0:3:90": [0, -0.001, 0, 0], "1:2:45": [-0.001, 0, -0.001, -0.001], "1:4:0": [-0.00199, -0.0019000000000000002, -0.0019000000000000002, 0], "1:5:0": [-0.0019000000000000002, -0.00365851, -0.001, -0.0028000000000000004], "1:5:45": [-0.00199, -0.00199, -0.001, -0.004973149], "1:6:0": [0.0, -0.001, -0.0028, -0.0019000000000000002], "1:6:-45": [-0.0019000000000000002, -0.0019000000000000002, -0.001, 0], "2:6:-45": [0, -0.001, -0.003439, 0], "0:0:45": [-0.003439, -0.00271, 0, -0.00109], "0:0:90": [-0.002791, -0.001, -0.0036100000000000004, -0.004185100000000001], "1:0:135": [-0.001, 0, -0.001, 0], "2:0:90": [-0.001, -0.003439, -0.001, -0.001], "4:0:0": [-0.0019000000000000002, -0.0019000000000000002, -0.0037719190000000003, -0.0019000000000000002], "4:0:-45": [-0.005223439, -0.0051165099999999995, -0.00634727269, -0.00199], "4:1:-45": [0, -0.001, 0, 0], "4:1:0": [0, -0.0019000000000000002, -0.001, -0.0020791], "5:0:0": [-0.00271, -0.004536314136100001, -0.0011791, -0.00271], "5:0:-45": [-0.007440890698900001, -0.00797817486151, -0.005520294361000001, -0.004652478099999999], "5:0:-90": [-0.003772, -0.00592172461, -0.004848652, -0.00647922169], "5:0:-135": [0, 0, -0.001252, 0], "5:1:0": [-0.0019000000000000002, -0.001, -0.0019000000000000002, 0], "5:1:45": [-0.00199, -0.001, -0.001, -0.002791], "6:0:-45": [0, -0.002167309, 0, -0.00271], "6:0:90": [-0.0038368, -0.0027829, -0.0036100000000000004, -0.0019000000000000002], "5:0:90": [-0.0019000000000000002, -0.0019000000000000002, -0.0019000000000000002, -0.003439], "6:1:90": [-0.001, -0.0019000000000000002, 0, -0.001171], "6:0:135": [-0.002791, -0.0036181, -0.0019000000000000002, -0.00199], "6:0:180": [-0.005054149, -0.002071, -0.00199, -0.0028000000000000004], "5:0:135": [-0.0019000000000000002, -0.0019000000000000002, 0, 0], "5:0:180": [-0.0038440899999999997, -0.002791, -0.0037711900000000002, -0.004621851999999999], "5:0:225": [0, -0.0011791, 0, 0],