{"4:0:0": [-0.0053580691000000005, -0.0058578373900000005, -0.005123071000000001, -0.006155640451000001], "4:1:0": [-0.003439, -0.00271, -0.00271, 0], "4:2:45": [-0.002791, -0.001, -0.001, -0.0028000000000000004], "4:2:90": [0, 0, -0.001, 0], "5:2:45": [-0.001, 0, -0.00271, -0.00271], "4:3:45": [0, 0, -0.001, 0], "3:3:45": [-0.0019000000000000002, -0.001, 0, -0.0019000000000000002], "3:3:0": [0, -0.001, 0, 0], "3:4:0": [-0.002791, -0.0019000000000000002, -0.00199, -0.0019000000000000002], "3:4:-45": [-0.001, -0.0028000000000000004, -0.00271, -0.001], "3:5:0": [-0.001, 0, -0.001, -0.001], "3:5:45": [0, 0, 0, -0.001], "3:0:0": [-0.008842183662592, -0.006137088494328999, -0.010316493497549685, -0.007979874174361001], "3:0:-45": [-0.0029701, -0.004900201129, -0.0044339128759, -0.0045163090000000005], "2:0:45": [-0.001, -0.00199, -0.00271, -0.001], "2:1:45": [-0.0040951, -0.00271, 0, -0.00271], "2:1:90": [-0.0019000000000000002, -0.0019000000000000002, 0, -0.003439], "1:1:90": [-0.0029701, -0.005511151000000001, -0.007231783699, -0.005217031], "1:1:135": [-0.003439, -0.001, -0.00271, -0.003706309], "2:1:0": [-0.004387510000000001, -0.0029701, -0.00271, -0.0035929], "2:0:0": [-0.00828645766849, -0.0038368, -0.00486988129, -0.0076404544561899995], "2:0:-45": [-0.0029701, -0.0051643900000000005, -0.0053830171, -0.00199], "2:1:-45": [-0.001, -0.001981, -0.001, 0], "1:0:-45": [-0.005331987100000001, -0.005630221000000001, -0.0061806889, -0.002791], "1:1:0": [-0.002071, -0.003224230129, -0.001, -0.00199], "2:2:0": [0, 0, 0, -0.001], "2:2:-45": [-0.00271, -0.0019000000000000002, 0, -0.001], "2:2:-90": [-0.001, -0.001, -0.001, -0.00199], "3:2:-90": [-0.00271, -0.0019000000000000002, -0.001, -0.001], "3:2:-45": [0, -0.001, -0.001, -0.001], "4:2:-45": [-0.00199, -0.00445312, -0.00271, -0.0019000000000000002], "3:2:0": [0, -0.003439, -0.0019000000000000002, -0.001], "3:1:0": [0, -0.001, 0, 0], "3:1:45": [-0.001, 0, 0, -0.0019000000000000002], "4:1:45": [0, 0, -0.0011791, 0], "4:0:45": [-0.001, -0.00451558, -0.001, -0.0036100000000000004], "4:0:-45": [-0.00199, -0.00450829, -0.0036991000000000003, -0.0050752900000000005], "1:1:45": [-0.001, 0, -0.00271, -0.002881], "2:2:135": [-0.00271, -0.001, 0, -0.003439], "3:2:90": [0, -0.0019000000000000002, -0.00271, 0], "3:2:135": [-0.0019000000000000002, -0.001, -0.0019000000000000002, -0.0019000000000000002], "3:2:180": [-0.001, 0, 0, -0.001], "2:1:135": [-0.001, -0.001, 0, 0], "0:1:45": [-0.001, -0.0021592900000000003, -0.001, -0.0019000000000000002], "0:2:90": [-0.003439, -0.0019000000000000002, -0.001, -0.0028891000000000003], "0:2:45": [-0.004813668100000001, -0.0044929, -0.004466971, -0.00445312], "0:2:0": [-0.0019000000000000002, -0.001, -0.0019000000000000002, -0.001], "0:1:0": [-0.00468559, -0.00199, -0.003439, -0.003529], "0:2:135": [-0.002791, -0.001, -0.003529, -0.00199], "0:1:90": [-0.00109, -0.001, -0.00199, -0.0040951], "1:2:45": [-0.001, 0, -0.00271, 0], "1:2:90": [0, 0, -0.0011791, -0.001], "0:1:135": [-0.00367309, -0.00431461, -0.00658572859, -0.005298031], "0:0:135": [-0.0040951, -0.006612496741, -0.005748472000000001, -0.0038415781000000005], "0:0:90": [-0.005324369697100001, -0.0029701, -0.007729564420000001, -0.002969209], "1:1:180": [-0.00199, -0.001, -0.001, -0.00271], "0:1:180": [-0.0040951, -0.00271, -0.001, -0.0010981], "1:1:225": [-0.0019000000000000002, 0, 0, -0.001], "1:0:225": [-0.001, -0.001, -0.0019000000000000002, -0.0019000000000000002], "1:0:270": [0, -0.001, 0, 0], "2:0:225": [-0.001, 0, 0, -0.00271], "2:0:180": [0, -0.001, 0, -0.001], "2:1:180": [-0.0019000000000000002, -0.0036658000000000003, -0.0029620000000000002, -0.0037638999999999997], "2:2:225": [0, 0, -0.001, 0], "2:2:180": [-0.001, -0.001, 0, 0], "1:2:180": [0, -0.001, 0, -0.001], "1:3:225": [-0.001, -0.001, 0, -0.001], "1:3:180": [-0.001, 0, 0, -0.001], "1:4:180": [-0.00271, 0, 0, 0], "1:4:135": [-0.001, 0, 0, 0], "1:3:135": [-0.0019000000000000002, 0, -0.001, -0.001], "0:3:135": [-0.0019000000000000002, -0.001, -0.001, 0], "0:3:90": [0, 0, -0.001, 0], "0:0:180": [-0.004249, -0.0035929, -0.001, -0.0072304530391000005], "1:0:90": [-0.00271, 0, 0, 0], "0:0:45": [0, -0.0019000000000000002, -0.001, -0.00109], "0:0:0": [-0.008075682475938999, -0.003940399, -0.0061889782771, -0.00766865705311], "0:0:-45": [-0.0065436141871, -0.010838860898805449, -0.006588280819, -0.008829896806894692], "0:0:-90": [-0.006143939119, -0.00710947863271, -0.007607310266251, -0.006490214929], "1:1:-45": [-0.0048136681, -0.004985290000000001, -0.0029701, -0.00785463043519], "1:1:-90": [-0.0019000000000000002, -0.0029701, -0.001, -0.0029701], "2:1:-90": [0, 0, -0.0019000000000000002, -0.003439], "3:1:-90": [-0.001, -0.00634530511, -0.0019000000000000002, -0.004995100000000001], "4:1:-90": [-0.003439, -0.0019000000000000002, -0.001, -0.00271], "5:1:-135": [-0.00271, -0.001, -0.00199, 0], "5:1:-90": [-0.001, -0.0019000000000000002, -0.001, -0.003439], "6:0:-90": [-0.0028000000000000004, -0.004185100000000001, -0.001, -0.0028000000000000004], "6:0:-135": [-0.0042661, -0.0036991000000000003, -0.002791, -0.0029701], "6:0:-180": [0, -0.0019000000000000002, -0.00271, 0], "6:1:-135": [-0.0019000000000000002, 0, -0.0019000000000000002, -0.001267309], "5:2:-90": [-0.00199, -0.002791, -0.00199, -0.005062249], "6:1:-90": [-0.0029701, -0.0062371215100000005, -0.006306958260999999, -0.0045739], "5:1:-45": [-0.001, -0.001, -0.0019000000000000002, 0], "5:0:-45": [0, -0.0019000000000000002, 0, 0], "5:0:0": [-0.00199, -0.002791, -0.0019000000000000002, -0.001], "5:0:45": [-0.001, -0.003529, -0.0028891000000000003, -0.0019000000000000002], "6:0:45": [-0.007232023605610001, -0.007812813334051, -0.006793465209301, -0.006910919501491], "6:0:0": [-0.00199, -0.004971439, -0.00607193659, -0.003691], "6:1:0": [-0.00271, -0.00271, -0.001, 0], "6:1:45": [-0.003500271, -0.00318581029, -0.00461, -0.003989971], "6:1:90": [-0.00880732530352, -0.0053938783900000006, -0.004386780999999999, -0.007498359817471], "5:1:90": [-0.0029701, -0.00600704839, -0.00828189399079, -0.0083089051021], "5:1:45": [-0.002881, -0.0021520000000000003, -0.00586998181, -0.0030583090000000004], "4:1:90": [0, -0.0019000000000000002, -0.00271, 0], "4:1:135": [-0.0019000000000000002, -0.00271, -0.0040951, -0.0019000000000000002], "5:2:135": [-0.0072366438601, -0.003529, -0.001, -0.0019000000000000002], "5:2:180": [-0.0019000000000000002, 0.0, -0.001, -0.0019000000000000002], "5:3:135": [-0.00531748, -0.0036658000000000003, -0.00466138, -0.00393967], "5:2:90": [-0.001981, -0.001, -0.003529, 0], "4:2:135": [-0.001, -0.00271, 0, -0.00199], "4:1:180": [-0.001, 0, 0, -0.001], "5:1:180": [-0.001, 0, -0.001, -0.001], "5:1:225": [0, 0, 0, -0.001], "5:0:180": [-0.007601564276839, -0.00880901076691, -0.006987352768390001, -0.01059216395616406], "5:0:225": [-0.004185100000000001, -0.00199, -0.00271, -0.001], "6:0:225": [-0.004249, -0.001, -0.0028000000000000004, -0.00271], "6:0:270": [-0.003439, -0.003439, -0.0019000000000000002, -0.001], "6:0:315": [0, -0.003439, -0.0019000000000000002, -0.00271], "5:0:270": [-0.0028000000000000004, -0.001, 0, -0.001], "4:0:225": [-0.00109, -0.001, -0.0019000000000000002, -0.001], "6:0:90": [-0.0023410895509000003, 0, -0.001, -0.001], "4:1:-45": [0, -0.0019000000000000002, -0.0019000000000000002, -0.001], "4:2:0": [-0.001981, 0, -0.001, 0], "4:2:-90": [-0.00271, -0.0019000000000000002, -0.001, -0.00271], "4:2:-135": [-0.001, 0, 0, -0.001], "5:2:-135": [0, -0.003529, -0.00271, 0], "3:2:-135": [-0.001, -0.0019000000000000002, -0.0019000000000000002, -0.001], "2:2:-135": [-0.00440461, -0.001, -0.0036829, -0.005495590000000001], "2:3:-135": [0, -0.001, 0, 0], "2:3:-90": [-0.001, -0.00271, -0.001, 0], "1:3:-90": [-0.00367309, -0.006399461800000001, -0.0051140890000000005, -0.0060712391], "1:3:-45": [0, -0.001, -0.00271, -0.001], "1:2:-45": [0, -0.0019000000000000002, -0.00271, -0.0019000000000000002], "0:2:-45": [-0.003439, -0.001, -0.001, 0], "2:3:-45": [-0.001, -0.001, 0, -0.001],