{"4:1:0:46:45": [-0.8441896903608794, -0.844492416610286, -0.48783006436984083, -0.07908731973783198], "4:1:90:46:45": [-0.5605095871269604, -0.8683704654600719, -0.47461828815696083, -0.3441363542938537], "4:1:270:46:45": [-0.5234541188836, -0.07056254982290668, -0.29401090023027865, -0.26363700903181275], "3:1:270:46:45": [-0.14313914124687355, -0.5329748997092247, -0.06318799469532678, -0.0627586959124892], "3:1:0:46:45": [-0.056922793423291304, -0.7574999928474426, -0.059443078627518846, -0.06255448629613966], "3:2:0:46:45": [-0.05132876183837652, -0.05197265802882613, -0.05400855630636216, -0.052835760116577146], "3:3:0:46:45": [-0.04572203636169434, -0.04546266317367553, -0.04798917531967163, -0.04614227294921876], "3:3:90:46:45": [-0.04559265136718751, -0.7574999928474426, -0.04881349325180054, -0.04421649932861328], "2:3:90:46:45": [-0.044190673828125, -0.04255882263183594, -0.0453759765625, -0.04354797363281251], "2:3:180:46:45": [-0.042830429077148444, -0.0428778076171875, -0.04330322265625, -0.0451788330078125], "2:3:270:46:45": [-0.04602630615234375, -0.043658447265625, -0.045748291015625005, -0.042265625], "3:3:270:46:45": [-0.8837499916553497, -0.0430877685546875, -0.047416334152221684, -0.04709472656250001], "3:3:180:46:45": [-0.04810731142759324, -0.048211765289306645, -0.047664146423339854, -0.047236328125000004], "3:2:180:46:45": [-0.052313509639352565, -0.051306776329875, -0.05082611083984376, -0.052773712873458875], "3:1:180:46:45": [-0.8701855386793613, -0.05804420479340479, -0.10097247064113617, -0.057584053073951515], "2:1:270:46:45": [-0.05649989001452923, -0.05453746318817139, -0.05341559767723084, -0.058651511799544094], "2:1:0:46:45": [-0.051366744041442876, -0.5049999952316284, -0.05946036696434021, -0.048918647766113287], "2:1:180:46:45": [-0.8230078047513962, -0.5145312452316284, -0.05717634677886963, -0.05829519284889102], "2:2:180:46:45": [-0.05050434172153473, -0.040645751953125, -0.04643218994140626, -0.04561772346496582], "2:4:180:46:45": [-0.0424951171875, -0.03775390625, -0.041940917968750005, -0.038400878906250005], "2:4:90:46:45": [-0.04131347656249999, -0.03945068359375, -0.0381640625, -0.03863525390625], "1:4:90:46:45": [-0.5049999952316284, -0.038457031249999996, -0.037001953125, -0.0406005859375], "4:1:180:46:45": [-0.8096240901402996, -1.00901366234757, -0.4177198694105316, -0.6615409853344776], "3:1:90:46:45": [-0.057184672896692074, -0.08077608301130426, -0.058577251143287865, -0.05970164123224095], "2:1:90:46:45": [-0.054948751330375675, -0.05779864515643567, -0.0539816951751709, -0.0526858588680625], "2:3:0:46:45": [-0.04459014892578125, -0.04567630767822266, -0.0449359130859375, -0.04591217041015626], "2:2:0:46:45": [-0.04745193481445313, -0.050848441123962404, -0.04696090698242188, -0.045037841796875006], "2:2:90:46:45": [-0.0442230224609375, -0.05161260306835175, -0.045008850097656254, -0.04859603881835938], "1:2:90:46:45": [-0.5049999952316284, -0.04648254394531251, -0.04724716186523438, -0.0425384521484375], "1:1:90:46:45": [-0.8837499916553497, -0.052509912773966785, -0.05821260452270508, -0.05347232818603516], "3:2:90:46:45": [-0.2753124976158142, -0.45359374582767487, -0.054362931400537495, -0.055193402171134956], "1:1:270:46:45": [-0.05671581149101258, -0.8837499916553497, -0.05551883697509767, -0.0561279296875], "1:1:180:46:45": [-0.9784374907612801, -0.5221496534347534, -0.05908632278442384, -0.05641399383544922], "3:2:270:46:45": [-0.7574999928474426, -0.05117568969726563, -0.048819991201162344, -0.050243968963623056], "3:4:0:46:45": [-0.04079330444335937, -0.04215696334838868, -0.0437890625, -0.04388916015625], "3:5:0:46:45": [-0.035472412109375, -0.03740936279296875, -0.03359375, -0.037343749999999995], "3:5:90:46:45": [-0.03620117187500001, -0.5049999952316284, -0.03738525390625, -0.03414794921875], "3:6:0:46:45": [-0.030649414062499998, -0.030859375, -0.033828125, -0.0331640625], "3:6:270:46:45": [-0.7574999928474426, -0.0295703125, -0.0332275390625, -0.03451171875], "1:2:180:46:45": [-0.05256649017333984, -0.043428039550781256, -0.04456985473632813, -0.04530761718750001], "2:4:0:46:45": [-0.040335693359375, -0.04295806884765625, -0.03906982421875, -0.039776611328125], "3:4:90:46:45": [-0.0428857421875, -0.7574999928474426, -0.0401080322265625, -0.044100341796875005], "2:5:180:46:45": [-0.0387841796875, -0.0322119140625, -0.035507812500000006, -0.0318359375], "2:6:180:46:45": [-0.0320947265625, -0.028525390624999997, -0.03005859375, -0.032617187500000006], "1:3:90:46:45": [-0.9942187406122684, -0.041884765625, -0.04177490234375, -0.0445880126953125], "2:2:270:46:45": [-0.04612775802612305, -0.04894683837890626, -0.04759033203125, -0.04578125000000001], "1:1:0:46:45": [-0.05125976562500001, -0.7574999928474426, -0.05025299072265625, -0.05432304382324219], "1:2:0:46:45": [-0.04621406555175782, -0.04612655639648437, -0.04768203735351563, -0.047677001953125006], "1:3:0:46:45": [-0.041864013657905166, -0.046474609375, -0.042302246093749996, -0.0458697509765625], "1:4:0:46:45": [-0.03692016600165516, -0.04010986328125, -0.037431640625, -0.040385742187500004], "1:5:0:46:45": [-0.03424438475165516, -0.035543212862685324, -0.033642578125, -0.035021972656250004], "1:6:0:46:45": [-0.0307080078125, -0.033848876911215485, -0.029843750000000002, -0.0332958984375], "1:7:0:46:45": [-0.026982421875000002, -0.0266796875, -0.028671875, -0.02609375], "1:8:0:46:45": [-0.02357421875, -0.0208203125, -0.024843749999999998, -0.02125], "1:8:90:46:45": [-0.5049999952316284, -0.023281250000000003, -0.02, -0.020859375], "1:2:270:46:45": [-0.047312011718750005, -0.5049999952316284, -0.045210876464843744, -0.04662170410156251], "1:3:270:46:45": [-0.04584472656250001, -0.5049999952316284, -0.04457885742187501, -0.0427777099609375], "1:3:180:46:45": [-0.04311126708984375, -0.0408355712890625, -0.0445263671875, -0.042222900390625], "1:4:180:46:45": [-0.0412640380859375, -0.0376611328125, -0.036390380859375, -0.0373828125], "1:5:180:46:45": [-0.034326171875000006, -0.033369140625, -0.034755859375, -0.0324609375], "1:6:180:46:45": [-0.03041015625, -0.02857421875, -0.0321484375, -0.032470703125], "2:5:0:46:45": [-0.0329541015625, -0.038115234375, -0.0372998046875, -0.03314453125], "2:5:90:46:45": [-0.032304687500000005, -0.036962890625, -0.03228515625, -0.034541015625000004], "1:5:90:46:45": [-0.5049999952316284, -0.032490234375, -0.032519531250000004, -0.03415283203125], "3:4:180:46:45": [-0.047998905181884766, -0.042575531005859375, -0.0428759765625, -0.04450012207031251], "3:4:270:46:45": [-0.7574999928474426, -0.04212890625, -0.04214401245117188, -0.044535369873046876], "2:4:270:46:45": [-0.04019348144531251, -0.03904052734374999, -0.040932617187500006, -0.040634765625], "1:4:270:46:45": [-0.038385009765625, -0.5049999952316284, -0.037739257812499996, -0.040278320312500004], "2:6:0:46:45": [-0.02921875, -0.030546875, -0.031953125, -0.0316796875], "2:7:0:46:45": [-0.0253515625, -0.030664062500000006, -0.027421875, -0.0278515625], "2:8:0:46:45": [-0.020859375, -0.026562499999999996, -0.020624999999999998, -0.02125], "1:5:270:46:45": [-0.03482421875, -0.7574999928474426, -0.03514892578125001, -0.03142578125], "1:7:180:46:45": [-0.02609375, -0.0256640625, -0.027773437499999998, -0.0303515625], "1:6:270:46:45": [-0.03291015625, -0.5049999952316284, -0.03341796875, -0.030449218750000003], "2:6:270:46:45": [-0.0337109375, -0.031328125, -0.0284375, -0.030927734374999998], "3:5:180:46:45": [-0.041653594970703124, -0.0376434326171875, -0.03784423828125, -0.036328125], "3:6:180:46:45": [-0.03178466796875, -0.0332861328125, -0.0303515625, -0.03439453125], "3:5:270:46:45": [-0.7574999928474426, -0.0367578125, -0.03493896484375, -0.0384405517578125], "2:5:270:46:45": [-0.03522216796875, -0.032421875, -0.0355712890625, -0.035283203125], "1:6:90:46:45": [-0.5049999952316284, -0.0310546875, -0.0321484375, -0.032763671875], "2:6:90:46:45": [-0.03228515625, -0.0315625, -0.030625000000000006, -0.032343750000000004],