{"4:1:0:46:45": [-0.8658270708708609, -0.8737241530333896, -0.20349888120066176, -0.9723127033684159], "4:1:90:46:45": [-0.506518178070225, -0.8489573948300144, -0.8534621024722661, -0.8471889637358471], "4:1:270:46:45": [-0.8212588850261477, -0.2047132664154364, -0.8198064346338056, -0.8199750927381421], "3:1:270:46:45": [-0.06565999671993408, -0.06427229678989307, -0.06883953153363404, -0.06440212149488846], "3:1:90:46:45": [-0.07208593314688347, -0.07853333499506254, -0.07196002991300203, -0.07179585878726849], "3:1:0:46:45": [-0.06479629426052833, -0.9695999908447266, -0.06700726451015802, -0.06699421686251521], "3:2:0:46:45": [-0.05616711215722005, -0.05940287385757286, -0.05638552586240001, -0.05914547537920001], "3:3:0:46:45": [-0.04677790601052161, -0.050124126662164495, -0.05097389670400001, -0.04932456792064001], "3:4:0:46:45": [-0.042686945382400004, -0.04540588032000001, -0.04165806080000001, -0.044470886400000006], "3:3:270:46:45": [-0.8079999923706055, -0.046958960640000005, -0.049059323871232005, -0.04943705702400001], "3:1:180:46:45": [-0.9695999908447266, -0.8137790592506056, -0.06646118117699434, -0.06393085120160086], "4:1:180:46:45": [-0.9695999908447266, -0.9772126190291852, -0.9720679310093513, -0.8744592785938173], "2:1:270:46:45": [-0.06574937510440679, -0.061499302989824006, -0.058912074498048014, -0.05814787608491459], "2:1:90:46:45": [-0.06574533778784225, -0.0700795476053506, -0.06406779897913345, -0.064097041446912], "2:1:180:46:45": [-0.9695999908447266, -0.05801511990763521, -0.06077332520960001, -0.060604511650747525], "3:2:180:46:45": [-0.05545007815065601, -0.05189115366400001, -0.054109868544, -0.05239401208872961], "3:3:180:46:45": [-0.05085383142400001, -0.04698097920000001, -0.044409671680000005, -0.05107859456], "3:3:90:46:45": [-0.04982489088000001, -0.8079999923706055, -0.049639038976000006, -0.050869120362086406], "2:3:90:46:45": [-0.04913423974400001, -0.049733394432000005, -0.04797073408, -0.04505856000000001], "1:3:90:46:45": [-0.9695999908447266, -0.04870195200000001, -0.05215753523200001, -0.05071769639680001], "1:3:0:46:45": [-0.05202812924160001, -0.05316785806080001, -0.04976094873600001, -0.048757110809600004], "1:4:0:46:45": [-0.04810849702400001, -0.04858968975360001, -0.048032107520000006, -0.04985084800000001], "1:4:270:46:45": [-0.0483856, -0.8079999923706055, -0.04772514688000001, -0.04719785280000001], "1:1:270:46:45": [-0.06002409909862401, -0.8079999923706055, -0.058565612288000016, -0.05810946457600001], "2:1:0:46:45": [-0.05737796418355201, -0.9695999908447266, -0.06428921756842065, -0.06021712535961601], "2:2:0:46:45": [-0.052634761826304007, -0.05742226065408, -0.05452865955840001, -0.053940485488640014], "2:2:270:46:45": [-0.05579971870720001, -0.054691674880000006, -0.052343099064320005, -0.0531371439104], "3:2:270:46:45": [-0.8079999923706055, -0.05518665369600001, -0.05834969497600001, -0.05453522176000001], "1:2:270:46:45": [-0.05316989184000001, -0.8079999923706055, -0.05386817985280001, -0.05395890457600001], "1:2:180:46:45": [-0.05387993497600001, -0.05441980940800001, -0.052453345792000006, -0.05145810176000001], "1:1:180:46:45": [-0.8079999923706055, -0.05154976972800001, -0.058623729664000014, -0.050599950414396785], "1:1:90:46:45": [-1.0083839904785157, -0.06316283789556529, -0.8150625203706056, -0.06081634496000001], "2:2:180:46:45": [-0.0548452654280704, -0.05576903869440001, -0.05561340800000001, -0.05688753728000001], "2:3:180:46:45": [-0.05523274688, -0.04925738432000001, -0.04913224960000001, -0.047852544000000004], "2:3:270:46:45": [-0.05272996249600001, -0.0478763648, -0.05099319296000002, -0.05060242688000001], "1:3:270:46:45": [-0.05292350720000001, -0.8079999923706055, -0.04993449681920001, -0.05146803200000001], "2:3:0:46:45": [-0.047569103360000003, -0.050875959808000006, -0.048309080064000004, -0.047774105600000005], "2:4:0:46:45": [-0.042712387584000006, -0.04637344000000001, -0.043153248000000005, -0.046710028800000004], "2:4:270:46:45": [-0.04792188160000001, -0.04697682176000001, -0.0466124416, -0.04830598080000001], "3:4:270:46:45": [-0.8079999923706055, -0.04781297920000001, -0.04660600913920001, -0.046195870208000006], "3:2:90:46:45": [-0.05496832343040001, -0.8079999923706055, -0.05218963916800001, -0.05350366081843201], "2:2:90:46:45": [-0.05622024192000001, -0.05447240796160001, -0.05894941434880001, -0.055354495176704], "1:2:90:46:45": [-0.9695999908447266, -0.05782795389440001, -0.051566799360000005, -0.054361952768], "3:5:0:46:45": [-0.039988588160000005, -0.04523366400000001, -0.04015360000000001, -0.04095232], "3:5:270:46:45": [-0.8079999923706055, -0.0408832, -0.03990929792, -0.041187328], "1:1:0:46:45": [-0.056912643296000015, -0.8079999923706055, -0.058392602803519364, -0.05662863779840001], "1:2:0:46:45": [-0.054465041312000015, -0.054217007104000015, -0.053865116160000004, -0.055543040768000006], "1:3:180:46:45": [-0.05391388236800001, -0.05020219161600001, -0.054306019200000014, -0.052127087616000004], "2:4:180:46:45": [-0.04671017344, -0.0469888928, -0.0470054528, -0.046353164800000006], "2:5:180:46:45": [-0.04561849600000001, -0.041296768, -0.0418763776, -0.041393256960000006], "2:4:90:46:45": [-0.044986176, -0.04481225600000001, -0.04715719040000001, -0.042748256], "1:4:90:46:45": [-0.8079999923706055, -0.045632992000000004, -0.04422816000000001, -0.048863211520000005], "3:4:180:46:45": [-0.04183859200000001, -0.04464922060800001, -0.04566693120000001, -0.0452676736], "1:4:180:46:45": [-0.050866024960000006, -0.0455378976, -0.047092171520000004, -0.044632588800000005], "3:4:90:46:45": [-0.04286905600000001, -0.8079999923706055, -0.04562556160000001, -0.04537493514240001], "3:5:180:46:45": [-0.045170212864000005, -0.03883018240000001, -0.04121012480000001, -0.03839232000000001], "3:6:180:46:45": [-0.04380712960000001, -0.0343322624, -0.03870976000000001, -0.0354816], "2:5:0:46:45": [-0.04067264921600001, -0.04422274304000001, -0.03932416000000001, -0.0422746752], "2:6:0:46:45": [-0.0326119424, -0.03718144, -0.04087040000000001, -0.03635456], "2:7:0:46:45": [-0.028032512000000002, -0.03791616, -0.030771200000000005, -0.029376000000000006], "2:8:0:46:45": [-0.0243328, -0.026250240000000005, -0.028360000000000003, -0.029952000000000006], "2:9:0:46:45": [-0.01632, -0.022400000000000003, -0.022720000000000004, -0.02809600000000001], "2:10:0:46:45": [-0.01688, -0.014400000000000003, -0.016, -0.01728], "2:11:0:46:45": [-0.0124, -0.014400000000000003, -0.016, -0.013000000000000001], "2:11:270:46:45": [-0.014000000000000002, -0.0184, -0.0138, -0.013000000000000001], "3:11:270:46:45": [-0.8079999923706055, -0.018000000000000002, -0.014400000000000003, -0.013500000000000002], "1:5:0:46:45": [-0.043393112064, -0.04558448000000001, -0.04199057408, -0.04153760000000001], "1:6:0:46:45": [-0.038535161600000006, -0.042564993024000006, -0.039068160000000005, -0.038285120000000006], "1:7:0:46:45": [-0.03123232, -0.03809024000000001, -0.036232, -0.0326144], "1:8:0:46:45": [-0.028639456000000004, -0.029568000000000007, -0.029, -0.03034880000000001], "1:9:0:46:45": [-0.024095200000000004, -0.02957004800000001, -0.024, -0.025], "1:10:0:46:45": [-0.017992, -0.022920000000000003, -0.021, -0.021], "1:11:0:46:45": [-0.009899999999999999, -0.014400000000000003, -0.016, -0.016300000000000002], "1:11:270:46:45": [-0.015500000000000002, -0.8079999923706055, -0.0168, -0.014400000000000003], "3:6:0:46:45": [-0.033895801600000004, -0.03998238656, -0.039227392, -0.03265536], "2:5:270:46:45": [-0.04014950400000001, -0.044787008, -0.03968416000000001, -0.04095846400000001], "3:5:90:46:45": [-0.03539200000000001, -0.8079999923706055, -0.0428798976, -0.038502400000000006], "2:5:90:46:45": [-0.038087680000000006, -0.040912998400000004, -0.041074688, -0.042639976960000006], "1:5:90:46:45": [-0.9695999908447266, -0.036831232000000005, -0.03933743104, -0.04199524352], "2:6:180:46:45": [-0.03987360000000001, -0.034847840000000005, -0.03938560000000001, -0.03794944],