{"3:0:0:55:0": [-0.0171264, -0.016832, -0.0167424, -0.01766399994850159], "3:1:0:55:0": [-0.015744, -0.016832, -0.01536, -0.01536], "3:2:0:55:0": [-0.007680000000000001, -0.013760000000000001, -0.01536, -0.01536], "3:3:0:55:0": [-0.009600000000000001, -0.013760000000000001, -0.01536, -0.008], "3:4:0:55:0": [-0.008, -0.008, -0.008, 0], "4:0:0:55:0": [-0.01568, -0.009600000000000001, -0.03136, -0.01536], "4:1:0:55:0": [-0.016896, -0.016512000000000006, -0.01536, -0.01536], "4:1:270:55:0": [-0.01536, -0.01536, -0.017984000000000003, -0.019507200000000002], "5:1:270:55:0": [-0.01568, -0.01568, -0.01536, -0.01536], "6:1:270:55:0": [-0.022131200000000004, -0.018214400000000006, -0.019507200000000002, -0.016832], "5:1:180:55:0": [-0.01568, -0.01673984, -0.01536, -0.015232], "5:0:180:55:0": [-0.022131200000000004, -0.021799424, -0.022029824000000003, -0.01536], "5:2:180:55:0": [-0.015232, -0.009600000000000001, -0.008, -0.013760000000000001], "5:1:0:55:0": [-0.009600000000000001, -0.023485440000000003, -0.008, -0.016512], "5:2:0:55:0": [-0.009600000000000001, -0.01536, -0.008, -0.008], "5:3:0:55:0": [-0.009600000000000001, -0.01536, -0.008, -0.008], "5:4:0:55:0": [-0.008, -0.013760000000000001, 0, -0.008], "5:5:0:55:0": [-0.008, -0.008, 0, 0], "5:6:0:55:0": [-0.008, -0.008, -0.0112, 0], "5:6:90:55:0": [-0.008, -0.008, -0.008, -0.009600000000000001], "4:6:90:55:0": [-0.008, -0.008, 0, -0.009600000000000001], "4:6:0:55:0": [-0.008, -0.008, -0.008, 0], "4:5:0:55:0": [-0.008, -0.008, 0, 0], "3:6:90:55:0": [0, -0.008, 0, 0], "6:6:90:55:0": [-0.008, 0, 0, 0], "5:6:180:55:0": [-0.008, -0.009600000000000001, -0.008, -0.013760000000000001], "5:5:180:55:0": [-0.008, 0.0, 0, 0], "5:4:180:55:0": [-0.008, -0.008, 0, 0], "5:3:180:55:0": [-0.008, -0.008, -0.008, -0.008], "5:6:270:55:0": [-0.008, 0, 0, -0.008], "6:6:270:55:0": [-0.008, -0.008, 0, 0], "5:4:270:55:0": [-0.008, -0.008, -0.008, 0], "6:4:270:55:0": [-0.008, -0.008, 0, 0], "4:4:270:55:0": [-0.008, 0, 0, -0.008], "5:0:0:55:0": [-0.016832, -0.022131200000000004, -0.022131200000000004, -0.017891840000000003], "5:1:90:55:0": [-0.009600000000000001, -0.01536, -0.01021184, -0.01536], "4:1:90:55:0": [-0.01568, -0.016832, -0.009600000000000001, -0.013760000000000001], "3:1:90:55:0": [-0.009600000000000001, -0.016512000000000006, -0.01536, -0.01536], "2:1:90:55:0": [-0.01536, -0.01536, -0.013760000000000001, -0.008], "1:1:90:55:0": [-0.01568, -0.01536, -0.0159104, -0.017664000000000003], "0:1:90:55:0": [-0.016832000000000003, -0.01766144, -0.01568, -0.0163712], "4:1:180:55:0": [-0.01536, -0.01536, -0.022912000000000002, -0.017664000000000003], "6:1:90:55:0": [-0.01536, -0.0147712, -0.016512000000000006, -0.01536], "6:1:0:55:0": [-0.01536, -0.01568, -0.01536, -0.021811200000000003], "6:2:0:55:0": [-0.009600000000000001, -0.01536, -0.009600000000000001, -0.01536], "6:3:0:55:0": [-0.008, -0.01536, -0.008, -0.008], "6:4:0:55:0": [-0.008, -0.008, 0, 0], "6:5:0:55:0": [-0.008, -0.008, 0, 0], "6:6:0:55:0": [-0.008, -0.008, 0, 0], "6:0:0:55:0": [-0.017984000000000003, -0.01536, -0.020235264000000003, -0.022039040000000003], "6:1:180:55:0": [-0.023310336, -0.01568, -0.016832, -0.01536], "6:0:180:55:0": [-0.022131200000000004, -0.02276096, -0.021811200000000003, -0.020979200000000003], "6:2:180:55:0": [-0.016512000000000006, -0.01536, -0.01536, -0.008], "6:3:180:55:0": [-0.01536, -0.009600000000000001, -0.013760000000000001, -0.008], "6:2:270:55:0": [-0.009600000000000001, -0.01536, -0.016832, -0.013760000000000001], "5:2:270:55:0": [-0.009600000000000001, -0.01536, -0.013760000000000001, -0.016], "6:2:90:55:0": [-0.009600000000000001, 0, -0.008, -0.008], "6:3:90:55:0": [-0.008, -0.008, -0.008, -0.008], "5:3:90:55:0": [-0.008, -0.008, -0.008, -0.008], "4:3:90:55:0": [-0.009600000000000001, -0.008, -0.009600000000000001, 0], "3:3:90:55:0": [-0.009600000000000001, -0.008, -0.008, -0.008], "2:3:90:55:0": [-0.009600000000000001, -0.008, -0.008, 0], "1:3:90:55:0": [-0.009600000000000001, -0.008, -0.008, -0.013760000000000001], "0:3:90:55:0": [-0.008, -0.008, -0.01536, -0.0170624], "6:4:180:55:0": [-0.008, -0.008, 0, 0.0], "5:2:90:55:0": [-0.009600000000000001, -0.008, -0.00736, -0.008], "4:2:90:55:0": [-0.01536, -0.013760000000000001, -0.01536, -0.013760000000000001], "3:2:90:55:0": [-0.01568, -0.01536, -0.008, -0.013760000000000001], "2:2:90:55:0": [-0.009600000000000001, -0.01536, -0.01536, -0.01536], "1:2:90:55:0": [-0.01536, -0.01536, -0.008, -0.009600000000000001], "0:2:90:55:0": [-0.01536, -0.01536, -0.016832000000000003, -0.01536], "5:0:270:55:0": [-0.022419968000000002, -0.022131200000000004, -0.020199424, -0.021811200000000003], "6:0:270:55:0": [-0.022131200000000004, -0.02293504, -0.021799424, -0.022361600000000002], "4:0:270:55:0": [-0.0231707648, -0.01536, -0.01536, -0.01536], "5:0:90:55:0": [-0.01673984, -0.016832, -0.022131200000000004, -0.01536], "4:0:90:55:0": [-0.009600000000000001, -0.015232, -0.01536, -0.013760000000000001], "3:0:90:55:0": [-0.019329024, -0.01536, -0.01536, -0.02065919990730286], "2:0:90:55:0": [-0.0129792, -0.0212736, -0.01536, -0.01536], "1:0:90:55:0": [-0.016832, -0.023360000000000002, -0.020979200000000003, -0.017664000000000003], "0:0:90:55:0": [-0.01536, -0.01536, -0.016512000000000006, -0.015232], "6:0:90:55:0": [-0.016832, -0.021589504000000002, -0.020979200000000003, -0.016512], "3:1:270:55:0": [-0.01536, -0.01536, -0.01689088, -0.014899200000000001], "4:2:0:55:0": [-0.009600000000000001, -0.020659200000000003, -0.009600000000000001, -0.009600000000000001], "4:3:0:55:0": [-0.008, -0.008, -0.008, 0], "4:4:0:55:0": [-0.008, -0.008, 0, 0], "4:2:270:55:0": [-0.01536, -0.01536, -0.01536, -0.008], "3:2:270:55:0": [-0.01536, -0.01536, -0.016512000000000006, -0.008], "4:0:180:55:0": [-0.016832, -0.014067200000000002, -0.01536, -0.008], "3:0:270:55:0": [-0.01536, -0.01536, -0.01536, -0.020979199992847447], "3:0:180:55:0": [-0.022131200000000004, -0.016832, -0.01536, -0.016512000000000006], "4:2:180:55:0": [-0.01536, -0.01536, -0.008, -0.013760000000000001], "3:1:180:55:0": [-0.016832, -0.01536, -0.015766528000000002, -0.013760000000000001], "2:1:270:55:0": [-0.01536, -0.01536, -0.008, -0.01536], "3:2:180:55:0": [-0.01536, -0.008, -0.008, -0.008], "2:1:180:55:0": [-0.0163712, -0.015232, -0.01536, -0.008], "2:0:180:55:0": [-0.01536, -0.015232, -0.01536, -0.021811200000000003], "1:1:270:55:0": [-0.01536, -0.009600000000000001, -0.018214400000000006, -0.008], "2:1:0:55:0": [-0.009600000000000001, -0.016512000000000006, -0.01536, -0.008], "2:2:0:55:0": [-0.00992, -0.01568, -0.013760000000000001, -0.01536], "2:3:0:55:0": [-0.008, -0.014912000000000003, -0.008, 0], "2:4:0:55:0": [-0.008, -0.008, 0, 0], "2:5:0:55:0": [-0.008, -0.008, 0, 0], "2:6:0:55:0": [-0.008, -0.008, 0, 0], "2:0:0:55:0": [-0.01568, -0.01536, -0.01536, -0.01536], "2:0:270:55:0": [-0.01536, -0.01536, -0.01536, -0.019507200000000002], "3:3:180:55:0": [-0.008, -0.008, -0.008, 0], "2:2:270:55:0": [-0.01536, -0.01536, -0.017664000000000003, -0.016512000000000006], "2:2:180:55:0": [-0.014899200000000001, -0.009600000000000001, -0.020979200000000003, -0.01536], "2:3:180:55:0": [-0.01536, -0.008, -0.008, 0], "1:3:0:55:0": [-0.00992, -0.016832, -0.00736, -0.008], "1:2:0:55:0": [-0.016832, -0.009600000000000001, -0.01536, -0.009152], "1:4:0:55:0": [-0.009600000000000001, -0.013760000000000001, -0.008, -0.008], "1:5:0:55:0": [-0.008, -0.008, -0.008, 0], "1:6:0:55:0": [-0.008, -0.008, 0, 0], "1:4:90:55:0": [-0.008, -0.008, -0.008, 0], "0:4:90:55:0": [-0.008, -0.008, -0.008, -0.008], "2:4:90:55:0": [-0.008, -0.008, 0, 0], "1:4:180:55:0": [-0.008, -0.008, -0.008, 0], "1:3:180:55:0": [-0.008, -0.008, -0.008, -0.008], "1:2:180:55:0": [-0.00736, -0.008, -0.008, -0.013760000000000001], "1:1:180:55:0": [-0.019507200000000002, -0.01536, -0.014079999999999999, -0.019507200000000002], "1:0:180:55:0": [-0.0147712, -0.01568, -0.017664000000000003, -0.020659200000000003], "1:5:180:55:0": [-0.008, 0, 0, 0],