{"0:0:0:55:0": [0.40997490494534816, -0.0271872, -0.027364352, -0.0344727102816256], "0:0:270:55:0": [-0.029481299968000002, -0.035788119243489284, 0.2781402845745369, -0.0275820544], "0:0:180:55:0": [-0.0284795904, -0.024202936320000003, -0.02505924608, -0.027362816], "0:1:180:55:0": [-0.0316266496, -0.018048512, -0.030476800000000005, 0.06826858332160002], "0:2:180:55:0": [-0.0208420864, -0.00992, -0.018178560000000003, -0.009600000000000001], "0:3:180:55:0": [-0.0118272, -0.009600000000000001, -0.008, 0], "0:3:270:55:0": [-0.008, 0, -0.0015999999999999999, 0], "0:3:0:55:0": [-0.009600000000000001, -0.008, -0.008, -0.009600000000000001], "1:3:270:55:0": [0.3170283573593321, 0, 0, -0.0176], "2:3:270:55:0": [0.16927692800000005, -0.008, 0.4705659286370353, 0.23093224168399834], "3:3:270:55:0": [0.23982488620236803, -0.008, -0.01632, -0.008], "3:3:180:55:0": [0.2702129552421038, 0.40585129030862904, 0, -0.008], "3:4:180:55:0": [0.4091285820186084, 0.4923611495375407, 0.28422944768, 0.4148370273962348], "4:0:0:55:0": [0.4071843381333732, 0.09569878097104836, -0.02772785152, -0.026216960000000004], "4:1:0:55:0": [-0.0176768, 0.277826433629259, 0.42340052248339766, -0.01728], "4:2:0:55:0": [-0.016384000000000003, 0.23943659940017292, -0.016972800000000003, -0.023027200000000005], "4:2:270:55:0": [-0.016640000000000002, -0.019264, -0.017664, -0.0189568], "4:2:180:55:0": [0.08138474316418252, 0.17025832960000004, -0.019456, 0.10474358784000001], "4:2:90:55:0": [-0.009600000000000001, -0.009600000000000001, 0.16201136947200004, -0.008], "3:2:90:55:0": [-0.017920000000000002, 0.12761230540800003, -0.008, -0.009600000000000001], "2:2:90:55:0": [-0.0099968, 0.04371048448000001, -0.016, 0.42618178646096294], "2:2:0:55:0": [0.4547351047315519, 0.4378357427187868, 0.3146749367317958, 0.43909245660282303], "2:2:270:55:0": [-0.017676800000000003, 0.22540531596766597, 0.4546171220565812, 0.36270328324658385], "3:2:270:55:0": [-0.017679872, -0.0192128, -0.010944, -0.009600000000000001], "3:2:0:55:0": [-0.01632, -0.024204800000000005, -0.009600000000000001, -0.019523072], "4:3:180:55:0": [-0.016, 0.33213522539787066, -0.008, 0.0055633919999999795], "4:4:180:55:0": [-0.009600000000000001, 0.23961600000000002, 0.21753565184, 0.38756654865680695], "4:5:180:55:0": [0.25329378614312964, -0.008, 0.28633600000000003, 0.31200000000000006], "4:4:90:55:0": [0.4101387471510506, 0.23819034722304003, 0.18998857728000004, 0.367980280741148], "4:4:0:55:0": [0.23044719391539198, 0.28288601355059206, 0.39177777850136863, -0.0112], "4:4:270:55:0": [0.271288573952, 0.26872533336064003, 0.23213854162944, 0.23921265541120004], "4:3:90:55:0": [0.13888450559999999, 0.10374081776189445, -0.008, 0.19149502775296007], "3:3:90:55:0": [0.41008872182602973, 0.14554725420236805, 0.1538816, -0.008], "2:3:90:55:0": [-0.008, 0.3379922061247793, 0.3599185990125487, 0.4036552558682747], "3:3:0:55:0": [-0.017599999999999998, -0.00992, -0.008, -0.00992], "2:1:0:55:0": [0.44973114497029837, 0.44087547670529403, 0.4296475332973759, 0.3832657436685621], "2:1:270:55:0": [-0.02602496, -0.033946116096000005, 0.4445930393161263, -0.029765922816], "2:1:180:55:0": [-0.0275460096, -0.026009620480000006, 0.13682857984, 0.43101081105828504], "2:0:180:55:0": [-0.0271872, -0.02752008192, -0.02797340672, -0.0331083776], "2:0:90:55:0": [-0.0290315264, -0.0260755456, -0.02981888, -0.029056409600000003], "3:0:90:55:0": [-0.029577830399999998, -0.027523072000000003, -0.0259206144, -0.0352309248], "4:0:90:55:0": [-0.02762688512, -0.018688, -0.024079872000000002, 0.10368661585104832], "4:0:180:55:0": [-0.029086183424, -0.0257388544, -0.024832000000000003, -0.02732992512], "4:1:180:55:0": [-0.0253746176, -0.017344, -0.019136, 0.2570591718314456], "4:1:90:55:0": [0.4262326494534276, -0.02777866239998856, -0.02496, 0.38572196383373997], "3:1:90:55:0": [0.4343394900708752, 0.3776201273269712, 0.21939902097470249, -0.026111897600000003], "3:1:0:55:0": [-0.01895936, -0.03440486400000001, 0.4318842815173158, -0.0192512], "3:0:0:55:0": [0.4223825550364564, -0.03488, -0.02764470272, 0.11377445779531717], "3:1:180:55:0": [-0.026944, 0.10740224000000001, -0.009600000000000001, 0.23590682767654902], "2:1:90:55:0": [0.41647994104068675, 0.21496808829353975, 0.3665577318957657, 0.4417494998072524], "3:0:270:55:0": [-0.024832000000000003, 0.41977291062900873, -0.030802534399999998, -0.026959896575997712], "4:0:270:55:0": [-0.01856, -0.019712, -0.019456, -0.0206047232], "5:1:90:55:0": [-0.025292800000000004, -0.028964065280000003, -0.0197632, -0.026568806400000002], "5:1:180:55:0": [-0.022720000000000004, -0.0176768, -0.01632, -0.019197440000000003], "5:1:270:55:0": [-0.01806067712, -0.019136, -0.020480000000000005, -0.009600000000000001], "6:1:270:55:0": [-0.01959936, -0.0176, -0.0253568, -0.016399872000000003], "5:2:180:55:0": [-0.009984, -0.01632, -0.016384000000000003, -0.01632], "5:0:180:55:0": [-0.0258048, -0.02432, -0.017856, -0.024256000000000003], "5:2:270:55:0": [-0.024064000000000006, -0.019136, -0.017664, -0.01632], "4:1:270:55:0": [-0.01952, -0.017599999999999998, -0.017280000000000004, -0.017280000000000004], "5:2:0:55:0": [-0.016076800000000002, -0.027133952, -0.009600000000000001, -0.023104000000000006], "5:2:90:55:0": [-0.014144000000000002, -0.00928, -0.010112, -0.00992], "5:3:0:55:0": [-0.009664, -0.0166272, -0.016, -0.01632], "5:3:270:55:0": [0.09514035200000003, 0.23146809941950466, -0.00992, 0.09356339200000005], "5:4:0:55:0": [-0.016384000000000003, -0.009600000000000001, 0.26015243141120004, -0.008], "5:4:270:55:0": [0.255750656, 0.27848105984000004, 0.13714944000000004, 0.24318935285760007], "6:4:270:55:0": [-0.019456, 0.27332710400000004, -0.017920000000000002, -0.025344000000000002], "5:4:180:55:0": [-0.0192, -0.008, 0.27093617049600005, -0.008], "5:3:180:55:0": [-0.011456000000000001, -0.016, 0.16149452800000003, -0.017408], "5:0:270:55:0": [-0.009984, -0.027072000000000002, -0.01982464, -0.016384000000000003], "5:1:0:55:0": [-0.018119168, -0.01983744, -0.0192384, -0.01792], "6:1:90:55:0": [-0.029036748800000005, -0.024, -0.022720000000000004, -0.026037248000000006], "6:1:0:55:0": [-0.019213312, -0.02432, -0.025344000000000002, -0.024627097600000005], "6:1:180:55:0": [-0.0179328, -0.024256000000000003, -0.018329985024, -0.022400000000000003], "6:0:180:55:0": [-0.016, -0.016384000000000003, -0.017664, -0.0176768], "6:0:90:55:0": [-0.02689536, -0.016, -0.0196992, -0.009600000000000001], "5:0:90:55:0": [-0.026802687999999998, -0.01888, -0.025599999999999998, -0.027556249600000002], "5:0:0:55:0": [-0.026434560000000003, -0.025983488000000002, -0.026636800000000002, -0.017679359999999998], "3:0:180:55:0": [-0.017999462400000003, 0.1424547350511616, -0.027654512639908445, -0.021265817599999997], "3:1:270:55:0": [-0.017664, -0.0231808, 0.32173384584082704, -0.017664000000000003], "2:0:0:55:0": [0.4577889896972895, 0.4236778687239267, -0.028631052288, -0.028452352000000004], "1:0:90:55:0": [-0.0278864896, -0.0287978496, -0.02596864, -0.0268928], "2:0:270:55:0": [-0.027642957823945068, -0.03025483776, 0.43969462649696334, -0.017824256], "1:0:270:55:0": [0.06850248704, -0.027977699328000004, -0.023436902400000004, -0.027947413340160005], "0:0:90:55:0": [-0.02610432, -0.02586112, -0.0275313664, 0.27936951465453685], "1:0:180:55:0": [-0.028313595904000004, -0.0199512113152, -0.027541245952000006, -0.02520576], "1:1:180:55:0": [-0.0258124996608, -0.025676800000000003, -0.02433536, 0.3292607055387339], "1:1:270:55:0": [-0.025248768000000005, -0.031621959680000006, 0.3917430377761592, -0.027274731519999998], "3:0:0:56:0": [-0.008, -0.01568, -0.0281609216, 0.4005035174151444], "2:2:180:55:0": [0.14602500197580792, -0.017664, 0.3932427123500374, -0.017536000000000003], "1:2:90:55:0": [-0.016, -0.017971200000000003, -0.0176, -0.02016], "1:2:180:55:0": [-0.027238399999999996, -0.01888, -0.0194688, -0.0176], "3:2:180:55:0": [-0.009600000000000001, 0.3928688728631557, -0.01568, -0.008],