{"0:0:0:56:0": [-0.043959365169177235, -0.05586892800000001, 0, -0.024], "0:1:0:55:0": [-0.058964059843057304, -0.044422144000000004, -0.04940592482693304, -0.0024906129983831068], "0:1:90:55:0": [-0.05081800907161601, -0.03418869387440664, -0.0496562995191101, -0.05730219518524272], "1:1:90:55:0": [-0.052506098799044776, 0.025999815664836265, -0.048227106816, -0.01530477251887764], "1:1:180:55:0": [-0.053356797952000004, 0.07758898294263938, -0.04496896, -0.040441530344113776], "1:2:180:55:0": [-0.05517479426376192, 0.11782634067164703, 0.020638819775491844, 0.029749869773108506], "1:3:180:55:0": [0.06484576532016759, 0.13768263347275358, 0.13939690928963064, 0.10490499644867321], "1:3:90:55:0": [0.06170573053781174, 0.12196923846087407, 0.10967866729125952, 0.10254593820096519], "0:3:90:55:0": [-0.037017600000000005, 0.08202131447428605, -0.04954521600000001, -0.03976814077874028], "0:3:0:55:0": [-0.036679680000000006, -0.053613695795200006, -0.033664000000000006, 0.060279415012686424], "0:4:0:55:0": [0.12367806296580472, -0.03925063889894549, 0.07464142064949013, 0.07313689895198755], "0:3:270:55:0": [0.10469874146262925, 0.060217783292435295, -0.04052373927581847, -0.047185920000000006], "0:2:0:55:0": [-0.05027196928000001, -0.0356965869040112, -0.052540530688000006, -0.04993233715200001], "0:2:270:55:0": [0.03977241414087755, -0.04775661568000001, -0.05916938567680001, -0.05234997657600001], "1:2:270:55:0": [0.08685717075121882, -0.05025599488000001, 0.07191989330877518, -0.041773056], "0:2:180:55:0": [-0.04449587199629211, 0.02814878372939937, -0.04789444608000001, -0.052013875200000004], "0:3:180:55:0": [-0.0378445824, 0.07040361104072748, -0.049514496, 0.061666204137811736], "0:2:90:55:0": [-0.04426240000000001, -0.025665281584227626, -0.0375926784, -0.05317140643840001], "0:1:180:55:0": [-0.05060743168000001, -0.0006322856036140266, -0.041410355107055666, -0.05078930227200001], "2:1:90:55:0": [-0.005915363254201084, -0.0038806266828520994, 0.06096386536323138, 0.08008747172778215], "3:1:90:55:0": [0.04778715105617336, -0.008223471239283492, 0.05745635254045647, -0.0379588608], "3:1:180:55:0": [0.0038447346443227694, 0.21964430928524903, 0.017385122137660417, 0.0007868936333789989], "3:1:270:55:0": [-0.03185273824832568, 0.04559990409299807, -0.03658240000000001, 0.019467279924923378], "2:1:270:55:0": [-0.04850073600000001, 0.019279230312626607, 0.08164421829379337, 0.05948941304137697], "2:1:180:55:0": [0.028995254724168154, 0.09833141078563562, 0.04860856752670188, 0.03012974354258463], "2:2:180:55:0": [0.0662167248540168, 0.1380109815162844, 0.08686053274801882, -0.0507615526912], "2:2:270:55:0": [0.05350161846452793, 0.030241481313658874, 0.10533144002461153, 0.08708846761532932], "3:2:270:55:0": [-0.034284544, 0.08916059979759003, 0.0692787872459935, 0.21948570082935687], "4:2:270:55:0": [-0.033664000000000006, -0.014544893254570743, -0.04374528, -0.0342784], "5:2:270:55:0": [-0.03136, -0.034124800000000004, -0.03757056, -0.019200000000000002], "5:2:180:55:0": [-0.036121600000000004, -0.019200000000000002, -0.03302400000000001, -0.019200000000000002], "5:1:180:55:0": [-0.037109760000000006, -0.0199936, -0.01984, -0.03136], "5:1:90:55:0": [-0.03136, -0.03072, -0.027520000000000003, -0.03072], "6:1:90:55:0": [-0.016, -0.0342784, -0.034395136, -0.049865293824], "6:1:0:55:0": [-0.0338239488, -0.037141504000000006, -0.033664, -0.037270528], "6:1:270:55:0": [-0.03072, -0.03658854400000001, -0.041318400000000005, -0.037135360000000006], "6:2:0:55:0": [-0.034284544, -0.04780699648, -0.03136, -0.016], "6:0:0:55:0": [-0.0493461504, -0.049724416000000014, -0.05939265608404174, -0.050300928], "6:2:270:55:0": [-0.019200000000000002, -0.03596800000000001, -0.03136, -0.016], "6:3:0:55:0": [-0.037049344000000005, -0.019968, -0.019200000000000002, -0.01984], "6:3:90:55:0": [0.1252555048698663, 0.05543781232251713, 0.019308172368198175, -0.03596800000000001], "6:4:0:55:0": [-0.0420864, -0.03302400000000001, -0.0315136, -0.019200000000000002], "6:4:270:55:0": [0, -0.03136, -0.027520000000000003, -0.016], "5:4:270:55:0": [-0.01984, 0.1626108455573232, -0.0342784, -0.01984], "5:4:0:55:0": [0.16022289217331254, -0.01984, 0.02546870268923003, -0.03382272], "5:5:0:55:0": [-0.033664, 0.08784346448205002, 0.06312484290837503, 0.36355789569921876], "5:4:90:55:0": [-0.01984, -0.03072, -0.03612672000000001, 0.10857479389572502], "5:4:180:55:0": [-0.019200000000000002, -0.034284544, -0.033664, -0.027520000000000003], "5:5:180:55:0": [-0.03302400000000001, -0.0199936, -0.033792, -0.03722752000000001], "5:6:180:55:0": [-0.031488, -0.019200000000000002, -0.0342784, 0], "5:5:270:55:0": [-0.03136, 0.40999424846679683, 0.0920360988476563, -0.03421696], "4:5:270:55:0": [0.3124041796871093, 0.47616000946044923, 0.1715456039550782, -0.016], "4:0:0:55:0": [-0.014668045133876132, -0.04697088, -0.057200025599999996, -0.04225279999999999], "4:1:0:55:0": [0.016219895909865587, -0.033664, 0.00042219499612507205, -0.049859584000000005], "4:1:270:55:0": [-0.036096, 0.006934787599515241, -0.011863025344896774, -0.033792], "5:1:270:55:0": [-0.0448768, -0.03757056, -0.036588789760000004, -0.019200000000000002], "5:1:0:55:0": [-0.0365568, -0.019999744, -0.01984, -0.01999872], "5:0:0:55:0": [-0.03151872, -0.03072, -0.034388992, -0.019968], "5:0:90:55:0": [-0.033024, -0.05903271315374081, -0.04788633600000001, -0.03667968], "5:0:180:55:0": [-0.036587520000000005, -0.037252096000000005, -0.034124800000000004, -0.0426614784], "5:2:0:55:0": [-0.01984, -0.0368896, -0.036587520000000005, -0.036096], "5:3:0:55:0": [-0.0342528, -0.0370176, 0.0645572738080379, 0], "5:6:0:55:0": [-0.03072, 0.09592627484765631, -0.019200000000000002, -0.03136], "5:6:270:55:0": [-0.01984, -0.019200000000000002, -0.019200000000000002, -0.019200000000000002], "6:6:270:55:0": [0, -0.016, -0.033792, -0.019200000000000002], "5:6:90:55:0": [-0.016, -0.01984, -0.019200000000000002, 0.049866917890312557], "4:6:270:55:0": [0, 0.11862681207172501, 0, 0], "3:6:270:55:0": [-0.019200000000000002, 0.15144539338270888, 0.26331607666484375, -0.036121600000000004], "3:6:180:55:0": [-0.019200000000000002, -0.037135360000000006, 0.12093081207172501, 0.18256340286402753], "3:6:90:55:0": [0.023132381460311373, -0.019968, 0.07714251599044802, 0.25015877411946874], "3:6:0:55:0": [0, 0.3335798857722656, 0.17820770194769253, 0], "3:5:0:55:0": [0, 0.09065363997005008, 0.34237166295523436, 0.41149215577285153], "3:4:0:55:0": [0.4747532792163281, 0.3248184545244484, 0.24809880289827876, 0.2965076722664268], "3:4:90:55:0": [0.20290356786724145, 0.20125159447272872, 0.2967799176657723, 0.2948161742584378], "3:4:180:55:0": [0.28843340948434876, 0.4748586460549333, 0.22910214110741325, 0.24844454479829034], "3:3:180:55:0": [0.21498623207672635, 0.37097881730581617, 0.18864138011737444, 0.10199874352168602], "3:3:90:55:0": [0.11574756813470927, 0.09310726965195687, 0.13205665380270054, 0.2710627368148138], "2:3:90:55:0": [0.10634739044961868, 0.16141394393685937, 0.1370645097200337, 0.12641232013791456], "0:4:180:55:0": [-0.01984, 0.12939168200101037, 0.08857859263962847, 0.07096258747036122], "0:4:270:55:0": [0.1934615783618548, -0.016, 0.09090503247129286, 0.023447280004319185], "0:5:180:55:0": [0.08433367590492684, 0.08943611063787893, 0.1710983680581363, 0.09891731621576826], "0:6:180:55:0": [0.1323462217345405, 0.08671925869315811, 0.032955716728582635, 0.039814833371332195], "0:5:90:55:0": [-0.016, 0.13492550153757482, 0.07523375026765836, 0.10717742454824486], "1:5:90:55:0": [0.09537222053760948, 0.01615872109619139, 0.17344468752403225, 0.14664615512214293], "1:5:180:55:0": [0.14129374565860883, 0.17233319078660161, 0.29849323153330914, 0.13654680770365168], "1:4:180:55:0": [0.14137382112099586, 0.23358297639583228, 0.13508416811861762, 0.16904226692600252], "1:4:270:55:0": [0.23988349314722024, 0.13534318445498064, 0.1414935470853826, 0.14090225234351453],