{"4:1:0:46:45": [-0.8441896903608794, -0.844492416610286, -0.07309750128221665, -0.3902526564919264], "4:1:90:46:45": [-0.05963988596125938, -0.8683704654600719, -0.3299883864965795, -0.2966690049316124], "4:1:270:46:45": [-0.5234541188836, -0.17447184315735093, -0.29401090023027865, -0.26363700903181275], "3:1:270:46:45": [-0.14313914124687355, -0.04431797027587891, -0.04421968173235655, -0.04082653045654297], "3:1:0:46:45": [-0.04352948874235153, -0.7574999928474426, -0.047939720167778435, -0.046565433796495206], "3:2:0:46:45": [-0.03647780418395996, -0.0430287715792656, -0.0357781982421875, -0.035664062499999996], "3:3:0:46:45": [-0.028533935546875, -0.028210449218750003, -0.029101562500000004, -0.03169921875], "3:3:90:46:45": [-0.026171875000000004, -0.7574999928474426, -0.023984375000000002, -0.027099609375], "2:3:90:46:45": [-0.025312499999999998, -0.025546875, -0.0276171875, -0.029492187500000003], "2:3:180:46:45": [-0.02921875, -0.02498046875, -0.030488281250000002, -0.027539062500000003], "2:3:270:46:45": [-0.028720703125, -0.031962890625000004, -0.03125, -0.02857421875], "3:3:270:46:45": [-0.8837499916553497, -0.027060546875, -0.030231933593750003, -0.0303515625], "3:3:180:46:45": [-0.0306396484375, -0.026425781250000002, -0.0312646484375, -0.026796875], "3:2:180:46:45": [-0.03395065307617188, -0.031180267333984376, -0.034433593750000005, -0.03333480834960938], "3:1:180:46:45": [-0.8701855386793613, -0.03788409233093262, -0.10097247064113617, -0.03700187683105469], "2:1:270:46:45": [-0.03956809997558594, -0.04189872741699219, -0.04129058837890626, -0.04142795562744141], "2:1:0:46:45": [-0.03684295654296875, -0.5049999952316284, -0.03833831787109375, -0.04163406372070313], "2:1:180:46:45": [-0.8230078047513962, -0.5145312452316284, -0.04315155029296875, -0.04097850799560547], "2:2:180:46:45": [-0.039166717529296874, -0.028203125, -0.03376953125, -0.035540771484375004], "2:4:180:46:45": [-0.029355468750000002, -0.0225, -0.02640625, -0.0225], "2:4:90:46:45": [-0.023671875000000002, -0.02359375, -0.02328125, -0.023906249999999997], "1:4:90:46:45": [-0.5049999952316284, -0.0228125, -0.02703125, -0.02609375], "4:1:180:46:45": [-0.6092481898173422, -1.00901366234757, -0.26710971677104567, -0.6161639604113965], "3:1:90:46:45": [-0.048799676015041774, -0.08077608301130426, -0.049390006065368655, -0.050859153438359506], "2:1:90:46:45": [-0.04252779960632325, -0.03714110374450684, -0.044683837890624994, -0.04141860961914062], "2:3:0:46:45": [-0.029384765625, -0.0306640625, -0.0276953125, -0.029531250000000002], "2:2:0:46:45": [-0.0318017578125, -0.034982299804687506, -0.035424804687500006, -0.031757812499999996], "2:2:90:46:45": [-0.0332373046875, -0.03197021484375, -0.03361328125, -0.035340576171875], "1:2:90:46:45": [-0.5049999952316284, -0.033320312500000004, -0.035479736328125, -0.036060791015625], "1:1:90:46:45": [-0.8837499916553497, -0.04040771484375, -0.0348828125, -0.036386718750000005], "3:2:90:46:45": [-0.2753124976158142, -0.45359374582767487, -0.03543563842773438, -0.032814712524414064], "1:1:270:46:45": [-0.0382440185546875, -0.8837499916553497, -0.038564453125, -0.03798095703125], "1:1:180:46:45": [-0.9784374907612801, -0.03429931640625, -0.03796142578125, -0.03712890625], "3:2:270:46:45": [-0.7574999928474426, -0.03421875, -0.0349609375, -0.033740234375000004], "3:4:0:46:45": [-0.025029296875000002, -0.026914062500000002, -0.0234375, -0.024296875000000002], "3:5:0:46:45": [-0.020546875, -0.022187500000000002, -0.016875, -0.0234375], "3:5:90:46:45": [-0.020937499999999998, -0.5049999952316284, -0.022187500000000002, -0.01796875], "3:6:0:46:45": [-0.014062499999999999, -0.015625, -0.013749999999999998, -0.014374999999999999], "3:6:270:46:45": [-0.7574999928474426, -0.015624999999999998, -0.01125, -0.013749999999999998], "1:2:180:46:45": [-0.03326416015625, -0.034879150390625, -0.032695312500000004, -0.0339111328125], "2:4:0:46:45": [-0.023359375, -0.028916015625, -0.023593749999999997, -0.023593750000000004], "3:4:90:46:45": [-0.024609375000000003, -0.7574999928474426, -0.0246875, -0.02359375], "2:5:180:46:45": [-0.024218749999999997, -0.021484375, -0.0196875, -0.021562500000000002], "2:6:180:46:45": [-0.01625, -0.016562499999999997, -0.0190625, -0.017187499999999998], "1:3:90:46:45": [-0.9942187406122684, -0.0282421875, -0.02939453125, -0.028417968749999998], "2:2:270:46:45": [-0.032763671875, -0.0309423828125, -0.0338916015625, -0.032128906250000006], "1:1:0:46:45": [-0.03392578125, -0.7574999928474426, -0.0355126953125, -0.034365234375000005], "1:2:0:46:45": [-0.034327392578125004, -0.0336669921875, -0.034912109375, -0.0321484375], "1:3:0:46:45": [-0.029755859375, -0.03302734375, -0.027421875, -0.029921875], "1:4:0:46:45": [-0.02416015625, -0.025703124999999997, -0.027109374999999998, -0.02546875], "1:5:0:46:45": [-0.020273437499999998, -0.022890624999999998, -0.0228125, -0.020625], "1:6:0:46:45": [-0.014062500000000002, -0.023886718749999997, -0.0125, -0.0125], "1:7:0:46:45": [-0.009375000000000001, -0.013437500000000002, -0.009999999999999998, -0.01125], "1:8:0:46:45": [-0.0075, -0.0075, -0.009999999999999998, -0.005], "1:8:90:46:45": [-0.5049999952316284, -0.009999999999999998, -0.0075, -0.0075], "1:2:270:46:45": [-0.03310546875, -0.5049999952316284, -0.0302001953125, -0.03353515625], "1:3:270:46:45": [-0.029687500000000002, -0.5049999952316284, -0.03025390625, -0.032958984375], "1:3:180:46:45": [-0.03163330078125, -0.02873046875, -0.032607421875, -0.030332031250000002], "1:4:180:46:45": [-0.02900390625, -0.024375, -0.025312499999999998, -0.026328124999999997], "1:5:180:46:45": [-0.020156249999999997, -0.01984375, -0.0196875, -0.016875], "1:6:180:46:45": [-0.0171875, -0.0159375, -0.01625, -0.016875], "2:5:0:46:45": [-0.0184375, -0.024531249999999998, -0.0196875, -0.024140625], "2:5:90:46:45": [-0.0184375, -0.021562500000000002, -0.021562500000000002, -0.0215625], "1:5:90:46:45": [-0.5049999952316284, -0.021562500000000002, -0.0171875, -0.01859375], "3:4:180:46:45": [-0.0221484375, -0.022929687499999997, -0.020624999999999998, -0.025625000000000002], "3:4:270:46:45": [-0.7574999928474426, -0.019062499999999996, -0.025888671875, -0.022109375], "2:4:270:46:45": [-0.0228125, -0.025156249999999998, -0.021875, -0.026796875], "1:4:270:46:45": [-0.024843749999999998, -0.5049999952316284, -0.024687499999999998, -0.0260546875], "2:6:0:46:45": [-0.01875, -0.016875, -0.016875, -0.018125], "2:7:0:46:45": [-0.013125, -0.016875, -0.0184375, -0.012499999999999997], "2:8:0:46:45": [-0.00875, -0.012499999999999997, -0.009999999999999998, -0.009999999999999998], "1:5:270:46:45": [-0.02484375, -0.7574999928474426, -0.01875, -0.0178125], "1:7:180:46:45": [-0.013124999999999998, -0.011875, -0.01125, -0.01375], "1:6:270:46:45": [-0.016875, -0.5049999952316284, -0.0125, -0.01625], "2:6:270:46:45": [-0.017499999999999998, -0.016875, -0.019375000000000003, -0.01375], "3:5:180:46:45": [-0.01875, -0.020234375, -0.022031250000000002, -0.0209375], "3:6:180:46:45": [-0.016875, -0.016562499999999997, -0.01375, -0.01375], "3:5:270:46:45": [-0.7574999928474426, -0.0221875, -0.02109375, -0.022265625], "2:5:270:46:45": [-0.02140625, -0.02234375, -0.0215625, -0.0251171875], "1:6:90:46:45": [-0.5049999952316284, -0.014375, -0.0171875, -0.01375], "2:6:90:46:45": [-0.015000000000000001, -0.015624999999999998, -0.0171875, -0.0175], "1:7:90:46:45": [-0.5049999952316284, -0.01125, -0.01375, -0.009999999999999998], "3:7:0:46:45": [-0.011875, -0.011875, -0.009999999999999998, -0.009999999999999998], "3:8:0:46:45": [-0.0075, -0.011875, -0.009999999999999998, -0.009999999999999998], "3:9:0:46:45": [-0.005, -0.005, -0.005, -0.005], "3:10:0:46:45": [-0.005, -0.005, 0, 0], "3:11:0:46:45": [0, -0.005, 0, 0], "3:6:90:46:45": [-0.015624999999999998, -0.5049999952316284, -0.016875, -0.0125], "2:7:180:46:45": [-0.013124999999999998, -0.013125, -0.012499999999999999, -0.01375], "2:7:90:46:45": [-0.011875, -0.0125, -0.01625, -0.01625],