{"1:0:0:55:0": [0.2590259166710918, -0.06915384292602539, -0.04058418846263834, -0.06941907936476721], "1:0:90:55:0": [-0.05087860107421875, 0.02266978233375147, -0.050057744979858404, -0.054474052097648384], "1:0:180:55:0": [-0.04872167314931451, 0.21797493945498797, -0.05545661143039947, -0.04693469047546387], "1:1:180:55:0": [-0.031070844712046346, 0.2042434805341451, -0.046563720703125006, -0.04087444714396592], "1:2:180:55:0": [-0.015269740831266886, -0.02807861328125, 0.16831093845681055, -0.0406195068359375], "1:1:270:55:0": [-0.04093406677246095, 0.04632356480380363, -0.04318126678466797, 0.27005388964229055], "0:1:270:55:0": [-0.04418193817138673, -0.045448913580039524, -0.041606445312500004, 0.20414023597785086], "0:1:0:55:0": [-0.039484863281250004, -0.04278961182804779, -0.0399462890625, -0.042367553710937506], "2:1:270:55:0": [-0.0330322265625, -0.04431732177734375, 0.01940049352388975, -0.036044921875], "2:1:0:55:0": [0.5329084714295834, -0.03573486328125, -0.03189588261821509, -0.035410156250000005], "1:1:0:55:0": [-0.04842382192611695, 0.07140066552319894, -0.04345947265625, 0.2913172149713066], "1:1:90:55:0": [-0.03490966796875, -0.0358740234375, 0.09339722263154951, 0.31271327520339587], "1:0:270:55:0": [-0.055336201190948495, -0.05545729639474303, -0.05899190978117986, -0.044356543513372426], "1:2:0:55:0": [0.42855364506990956, -0.03601898193359375, 0.15681191223272478, -0.036334228515625004], "1:2:90:55:0": [0.1641944183117902, -0.039682617193320766, -0.0345361328125, -0.037570800781250004], "1:2:270:55:0": [0.1517040855762346, 0.1514793748242328, -0.041787109375000006, -0.025120476319181826], "2:2:270:55:0": [0.1408566763995996, 0.15364312049036463, 0.08262228591869894, -0.027783203125], "3:2:270:55:0": [0.09129720946586567, -0.023125, 0.09206490970486014, -0.031162109375], "3:2:0:55:0": [0.09274689839776573, 0.09456432854423416, 0.09477873060917069, 0.09597933000237677], "3:1:0:55:0": [0.09353987559037502, 0.09391782146708455, -0.024960937500000002, 0.02710354394202269], "3:1:270:55:0": [-0.024372558593749996, -0.02962890625, 0.4132187587305653, -0.028554687500000002], "3:0:0:55:0": [0.09308381476974611, -0.028593749999999998, -0.0299609375, -0.024453125000000003], "3:1:90:55:0": [-0.0253125, -0.0246875, -0.025751953125, -0.023427734375000002], "3:1:180:55:0": [-0.030605468750000003, -0.0317822265625, -0.026679687500000004, -0.026005859375000002], "3:2:180:55:0": [-0.02943359375, -0.025263671875, 0.29081225514139797, -0.026044921875], "2:0:0:55:0": [0.14364251340021678, -0.048259147235973174, -0.03827575683593751, -0.04050098419189453], "2:2:0:55:0": [0.19362533107643584, -0.02814453125, -0.02421875, -0.028847656250000003], "2:2:90:55:0": [-0.027421875, 0.06637060240628687, -0.031389160156250005, -0.02564453125], "2:2:180:55:0": [-0.030907960327516644, 0.5808355731682804, -0.025898437500000003, -0.029824218750000003], "2:1:180:55:0": [-0.03626098632812501, 0.6334395409119731, -0.034257812500000005, -0.029492187500000003], "4:1:270:55:0": [-0.022109375, -0.028033447265624997, -0.0253125, -0.025234375000000003], "4:1:180:55:0": [-0.029140625000000003, -0.0243359375, -0.026484374999999998, -0.023671875000000002], "4:0:180:55:0": [-0.029375000000000002, -0.0290234375, -0.02734375, -0.026777343749999998], "4:0:270:55:0": [-0.028828125, -0.029296875, -0.025156249999999998, -0.029409179687500002], "4:0:0:55:0": [-0.028749999999999998, -0.0259375, -0.025859375, -0.021953125], "4:1:0:55:0": [-0.0234375, -0.02578125, -0.022890625, -0.02828125], "4:1:90:55:0": [-0.027890625000000002, -0.0017864308552816566, -0.025078125, -0.0259375], "5:1:90:55:0": [-0.020078125000000002, -0.015312500000000001, 0.05698467935435473, -0.021484375], "5:1:0:55:0": [-0.02, -0.03208984393626452, -0.02140625, -0.0190625], "5:1:270:55:0": [-0.01828125, -0.02, -0.0190625, -0.0196875], "5:2:0:55:0": [-0.022578124999999998, -0.024531249999999998, -0.019453125, -0.021015625], "5:2:90:55:0": [-0.0269921875, -0.025859374999999997, -0.04000000037252903, -0.025917968750000003], "4:2:90:55:0": [0.1855311681487976, -0.02912109375, -0.022578125, -0.020625], "5:0:0:55:0": [-0.0171875, -0.0175, -0.0203515625, -0.019609375], "5:0:90:55:0": [-0.01828125, -0.019375, -0.0178125, -0.0208203125], "4:0:90:55:0": [-0.032324218749999994, -0.022890625, -0.028984375, -0.026171875], "3:0:270:55:0": [-0.028671875, -0.03815582275390625, 0.41717249409432955, -0.029316406250000003], "2:0:270:55:0": [0.03472335547737928, -0.05087448358535767, -0.04116607666015626, -0.044614212287971876], "2:0:180:55:0": [-0.033984375000000004, -0.031924775680956224, -0.038514404296875006, -0.041109619140625], "2:1:90:55:0": [-0.03238433837890625, -0.030234375, 0.5372467538662578, -0.051252441257238386], "0:2:90:55:0": [-0.037500000000000006, -0.038951416015625004, 0.16565437924929022, -0.0394720458984375], "0:2:0:55:0": [-0.03837310791015625, -0.03685791015625, -0.036953125, -0.0390625], "0:2:270:55:0": [0.15142227066992914, -0.03796875000000001, -0.03589111328125, -0.03598632812500001], "0:2:180:55:0": [-0.03660644533869345, -0.035537109375, -0.03670410156250001, -0.03811279298039154], "0:3:180:55:0": [-0.031411132812500006, -0.030283203124999998, -0.031132812500000002, -0.0309814453125], "0:3:90:55:0": [-0.03089599609375, -0.02837890625, -0.0298681640625, -0.032138671875000004], "4:2:270:55:0": [-0.019375, 0.09052304222813004, -0.019999999999999997, -0.02109375], "4:2:180:55:0": [-0.026835937500000004, 0.0012487944960594168, -0.0245703125, -0.0159375], "4:2:0:55:0": [-0.004323720335960388, -0.020312499999999997, -0.024453125, -0.016875], "4:3:0:55:0": [-0.013593750000000002, -0.01828125, -0.022031250000000002, 0.05343388348817825], "4:3:90:55:0": [-0.0184375, 0.15071955761091177, -0.016875, -0.03750000037252903], "3:3:90:55:0": [-0.0159375, -0.01821016535162926, -0.013437500000000002, 0.5282796655671473], "2:3:90:55:0": [-0.027724609375, -0.02109375, -0.02291015625, 0.242934056853975], "2:3:180:55:0": [-0.023046874999999998, -0.019355468749999997, 0.09001284918169875, -0.024238281250000004], "2:3:270:55:0": [0.12492144532078445, 0.049076275477015235, -0.023554687499999998, 0.10222257128190333], "3:3:270:55:0": [0.10859817156275182, 0.009204878514446742, 0.11391886808518586, -0.0173828125], "1:3:90:55:0": [-0.028681640625, -0.027722167968750003, -0.02926198784194416, -0.030068359375], "2:0:90:55:0": [-0.04824939370155335, 0.10219905881718784, -0.041681060791015634, -0.044586181640625], "0:0:90:55:0": [-0.04570312500000001, -0.048608075082302096, -0.04725341797166038, -0.046579589843750005], "0:0:0:55:0": [-0.04978739261627198, -0.04724945068359375, -0.04389007568359375, -0.04221961977425963], "1:0:0:56:0": [0.27081540386629954, -0.04321834206581117, -0.041021910160779954, -0.04384729981422425], "0:0:270:55:0": [-0.04933804512023926, -0.04537780762882904, -0.04819171907845886, -0.047672424319316634], "1:3:0:55:0": [-0.02861328125, -0.03462646484375, -0.034681396484375, 0.4866423033554423], "2:3:0:55:0": [0.17639605687628557, -0.0251171875, -0.01703125, 0.1618122882592692], "2:4:0:55:0": [0.1496117819623007, -0.0196875, 0.04906258551475461, -0.021796875], "2:4:180:55:0": [-0.0249609375, -0.021015625, -0.025996093749999998, 0.09639322750099726], "2:5:180:55:0": [0.11633275857822224, 0.10778300340221741, 0.12452377750440294, 0.040182789744815206], "2:5:270:55:0": [0.12195009777293978, 0.12175407166182547, 0.12182437264762705, 0.17851106966903724], "1:5:270:55:0": [0.12169823751594375, 0.11878003816525379, 0.11631966283810469, -0.017343749999999998], "2:6:180:55:0": [0.3296748793271173, -0.018125, -0.012499999999999999, 0.30123675330467037], "2:6:90:55:0": [0.16277174506908457, 0.15007380695769265, -0.01375, 0.14213321641644244], "2:6:0:55:0": [-0.0165625, 0.1250075385117676, -0.01125, -0.01125], "2:5:0:55:0": [0.12605275486812575, 0.04855338520001709, 0.2139825332443026, 0.12433023835542564], "2:5:90:55:0": [0.13178797371618506, 0.18641878284098573, 0.13241128229913873, 0.025535614595020822],