{"3:0:0:55:0": [-0.09680273714180256, -0.10992838891203553, -0.010815038212475175, -0.06618317009991796], "3:2:0:55:0": [-0.1097994926437898, -0.05693567458241914, -0.10998711118319396, -0.09714033020941118], "2:2:90:55:0": [-0.09623843026182818, -0.059208063617787944, -0.02344815155443102, 0.15828715927083023], "2:1:180:55:0": [-0.08900699478963461, -0.0023482690295671405, -0.07553708117738654, -0.09986266899306853], "1:2:180:55:0": [0.002405457130317465, -0.09684129052324843, -0.09187183742895741, -0.10947249467777492], "1:2:270:55:0": [-0.09044238024753587, -0.10569347105624059, -0.09302126920917492, -0.09157071102980599], "1:1:180:55:0": [-0.10097293379590314, -0.0702321111362659, -0.08998348117514225, -0.0322852302244078], "1:2:90:55:0": [-0.10931324164611005, -0.1099852383480076, -0.03563380770729438, -0.10977123207545032], "1:3:180:55:0": [-0.10840905470977798, -0.10607319030058586, -0.0975954512436587, -0.08228214951320856], "1:3:90:55:0": [-0.049558978734651565, -0.07740736095611221, -0.09386906750624337, -0.06087135866657534], "0:3:90:55:0": [-0.09079807300259779, -0.005386036105443186, -0.10900248911244287, -0.10912447380331988], "0:3:0:55:0": [-0.1098198526037784, -0.10993329126886897, -0.09371409274211012, -0.10999869324061566], "0:2:0:55:0": [-0.10999921594183752, -0.1086054038891363, -0.10983322818300328, -0.0918487038132772], "0:2:90:55:0": [-0.10993438868402537, -0.08244852721691914, -0.10999861106897278, -0.10898191043495642], "1:2:0:55:0": [-0.10998904913948229, -0.0508086362364496, -0.091655404964489, -0.09587041017076822], "1:1:0:55:0": [-0.09852788914236671, -0.07864043070694299, -0.030161824424859297, -0.09827976220705505], "1:3:0:55:0": [-0.043557852692826464, -0.08099060322568512, -0.06335354677454733, -0.08799170851093482], "1:3:270:55:0": [-0.10949289236293007, -0.09823553713664906, -0.08453513717607743, -0.09596985116622173], "1:1:90:55:0": [-0.10999895140399986, -0.014236469654697994, -0.07336364690203886, -0.0958530554532002], "0:1:90:55:0": [-0.0845257259766575, -0.0939087956012058, -0.06651783662651956, -0.10147338032597143], "0:1:180:55:0": [-0.09336198613773053, -0.061688577474092614, -0.10999991808909565, -0.06263456180610798], "0:2:180:55:0": [-0.10999919837804356, -0.040465182628227236, -0.09044442878783687, -0.1099980947448186], "0:2:270:55:0": [-0.09204756917210206, -0.07740740738788424, -0.10906150370342693, -0.10999998030069832], "0:3:270:55:0": [-0.09166666666500464, -0.10999999962537536, -0.10994595564033283, -0.10999903192759197], "2:3:90:55:0": [-0.0971397076093564, -0.09360843117786127, -0.0025582466625464415, -0.10999999999976089], "3:3:90:55:0": [-0.09617981390361804, -0.009152571176452351, -0.10882004376743273, -0.09591008141507743], "4:3:90:55:0": [-0.04130722479004253, -0.08535840809733106, -0.10952255534157815, 0.12339962944401814], "1:4:180:55:0": [-0.10812300776450534, -0.06951791705579338, -0.10999999999998877, -0.1008835692509851], "1:4:270:55:0": [0.012853956274612457, -0.05533590354527409, -0.0602897210298945, -0.10179521237877118], "1:4:0:55:0": [-0.04927231241325538, -0.06573706597532912, -0.1099967126696596, -0.02666881582007531], "0:4:270:55:0": [-0.10999999999996772, 0, 0, -0.05117474336686384], "0:4:180:55:0": [0, -0.028179799503671582, -0.0824999999999796, -0.06500777908675173], "0:4:90:55:0": [-0.10999601658471674, 0.03997008629552317, -0.09284582730681307, -0.08249616138650687], "2:3:0:55:0": [0.24364912582916246, -0.0023502353678137404, -0.05224676023801274, -0.08238404194817327], "2:2:0:55:0": [0.14898139139734198, -0.07776001980249747, -0.018279137529921437, -0.009151040357771999], "2:1:0:55:0": [0.07682378795427043, -0.026732263086985314, -0.04465684384298294, -0.009203509226545073], "2:0:0:55:0": [0.028295482772377038, -0.07113701027914243, -0.05991810211931192, -0.103606400584742], "2:0:270:55:0": [-0.10075282020622135, -0.08458326120148292, -0.10497378668417548, -0.0977685856782934], "3:0:270:55:0": [-0.10960690328567811, -0.1096340690705724, -0.10031030991510237, -0.08480832857972527], "4:0:270:55:0": [-0.10999995511341315, -0.10953343280124916, -0.05587038246194867, -0.07053355333564894], "4:0:180:55:0": [-0.09594544782071729, -0.10971505271351993, -0.06817620955085316, -0.10992891254416837], "4:0:90:55:0": [-0.10853232894142505, -0.034700781856534337, -0.10998405102941729, -0.06517478525242903], "3:0:90:55:0": [-0.011085435798026223, -0.10999984112854624, -0.10850708892588037, -0.06706923740567744], "3:0:180:55:0": [-0.08224402412399916, -0.05491310897008936, -0.08104219949965098, -0.09554109981092779], "3:1:180:55:0": [-0.10368350727675996, 0.025194416442671525, -0.015075327423815246, -0.06233111124300194], "3:1:90:55:0": [-0.07976311940095397, -0.08393607231130139, -0.016464192298483435, -0.08232227926096845], "2:1:90:55:0": [-0.08777935849066686, -0.07735534300545688, -0.05304380211112335, 0.009082450425680358], "2:0:180:55:0": [-0.10997895166550817, -0.10221446370431797, -0.10118127977981169, -0.10955930899673043], "2:1:270:55:0": [-0.09526427524244202, -0.10907449682993386, 0.022065780492597983, -0.09017912065123235], "4:1:90:55:0": [-0.0807546373111039, -0.10989471600411677, -0.10929184312069964, -0.10915154074489478], "3:1:0:55:0": [-0.07653143673158845, -0.06792455813927345, -0.07525382632496247, -0.030321478422386135], "3:1:270:55:0": [-0.08510694020047113, -0.0905960375914141, -0.07413488630083681, -0.029567398153207435], "1:0:270:55:0": [-0.09788061408841142, -0.09101510286460968, -0.08944222613809923, -0.09903121211953056], "0:0:270:55:0": [-0.08941064675168896, -0.08491245528567588, -0.046973784948469946, -0.10556941465508907], "0:0:180:55:0": [-0.10984344805982038, -0.10677009373117352, -0.02719496701598627, -0.10682169113958376], "1:0:180:55:0": [-0.0992331974848657, -0.06849437407898892, -0.1099990692835753, -0.09872594484930944], "1:1:270:55:0": [-0.05991334015912811, -0.09729320473937697, -0.09590209969571942, -0.09978702943084772], "0:1:270:55:0": [-0.04869379433826931, -0.10999999829018695, -0.08381148494521624, -0.09591999855326812], "1:0:90:55:0": [-0.07867805813445652, -0.01463956967817311, -0.07144795307672186, -0.09101540463002193], "2:0:90:55:0": [-0.0786807906657341, -0.09294235491879205, -0.10927240165952952, 0.0161589827385119], "0:0:0:55:0": [-0.07622419729936455, -0.07527050634194242, -0.03713249274337051, -0.09333890857542491], "0:0:90:55:0": [-0.07983586832841243, -0.027136266422178108, -0.1078188016445144, -0.10744130666964688], "1:5:0:55:0": [-0.03183625401988775, -0.056933196809599095, 0.09280121646149224, -0.012177381014041835], "2:3:180:55:0": [0.048234452933854075, -0.10999858491208003, -0.09171736823372051, -0.08549186171375758], "2:2:180:55:0": [-0.10993524205093975, -0.10244362249602983, -0.05355533400831865, 0.07063429701942056], "4:3:180:55:0": [-0.08012772520451006, 0.17790905410876295, 0.0724494402088947, -0.08303598421970053], "4:2:180:55:0": [-0.08276631179575789, 0.09494922535188557, -0.06130250555987635, -0.10932733069764512], "4:3:270:55:0": [0.05755917049067713, -0.0067632332072042785, 0.12488111834737148, 0.05739931437219576], "3:3:270:55:0": [-0.053770471445893996, -0.10140505262651474, -0.028622074240606754, 0.0016393452034075716], "2:3:270:55:0": [-0.07555943723460051, -0.10623990952737335, -0.08593878086492304, -0.10958795845718901], "2:4:180:55:0": [-0.10998706725467651, 0.042057828301374764, -0.09749382194671888, 0.04383848610888523], "2:4:270:55:0": [0.1302876738630287, -0.08249823187568127, -0.08749029459201398, -0.10998836052920886], "1:4:90:55:0": [-0.07912248915228255, -0.0897412651328126, -0.054017994914664885, -0.10999999986937652], "1:5:180:55:0": [-0.06344222910750458, -0.0009788736002861245, 0.04329946333962584, 0.10053970792863738], "1:5:270:55:0": [0.2541785500598241, -0.10461433363646488, -0.035348724712493465, 0], "0:5:270:55:0": [-0.0010508272875416752, -0.08765926918923364, -0.007126588828794106, -0.009157509143415463],