{"0:0:0:55:0": [-0.060734898943982096, -0.023386559399037995, -0.10828176132151279, -0.10636025500287762], "0:0:270:55:0": [-0.1096242897873864, -0.10867175632417775, -0.10908473594982486, -0.1084620852454652], "0:0:180:55:0": [-0.10846944335121037, -0.11, -0.10575074619142741, -0.10736698059592609], "0:0:90:55:0": [-0.107851960347099, -0.11, -0.10823581162023721, -0.10569079093881942], "2:0:90:55:0": [-0.1076183277527015, -0.10818861640577727, -0.10430722636638173, -0.10476718006037022], "2:0:0:55:0": [0.2092013917940122, 0.0049626555586584605, -0.1099420069442827, -0.1030042988304713], "2:0:180:55:0": [-0.10711373037878706, -0.09649148282327011, -0.09756635181755584, -0.10276640140729205], "2:1:180:55:0": [-0.09933886262865857, -0.09790043999586533, -0.10650454494996507, -0.10421600726462091], "2:1:90:55:0": [-0.10436714327462296, -0.10500075864177774, -0.10955376860284277, -0.0952080075497265], "2:1:0:55:0": [-0.10246581350694525, -0.10999254586434923, -0.10974603894856726, -0.09695626932612175], "2:2:0:55:0": [-0.09102613363121616, -0.10326217422207654, -0.10071696323208948, -0.09875477904925593], "2:3:0:55:0": [-0.0891798287577899, -0.10460029131174661, -0.0945982786448666, -0.09623740200939523], "2:3:90:55:0": [-0.10052366408527597, -0.1022497380619272, -0.0982786030211758, -0.09605286238970846], "1:3:90:55:0": [-0.10781947524830206, -0.10418282515482312, -0.10087614478622858, -0.10992240141845003], "2:3:270:55:0": [-0.10272300131598201, -0.10344641813973755, -0.1099941011875623, -0.09908709758985942], "2:2:270:55:0": [-0.10103600523992676, -0.10592763093918081, -0.062170310000000006, -0.10985759150911449], "2:2:180:55:0": [-0.09578402722571386, -0.09409680780880465, -0.08621908439678562, -0.09166666665416096], "2:2:90:55:0": [-0.10295673381795546, -0.10177739437264446, -0.08755332359319018, -0.08761920691235123], "2:1:270:55:0": [-0.10539053448574197, -0.10912530487224896, -0.10848668340472178, -0.10782966485605709], "3:0:90:55:0": [-0.10738539425515745, -0.10831069960010545, -0.10999999582663045, -0.10996796769471878], "4:0:90:55:0": [-0.10740465687148577, -0.10881794410776581, -0.10986861874814541, -0.10994154141005542], "4:0:0:55:0": [0.20093500476837162, 0.061776449336998565, -0.10929377935488792, -0.10724568608905743], "5:0:90:55:0": [-0.10881033527460394, -0.10888269813757401, -0.1050212133770024, -0.10767969142396343], "5:0:180:55:0": [-0.10866801500868542, -0.0825, -0.10947330595366041, -0.1098700506179179], "5:0:270:55:0": [-0.1065173570970178, -0.10764497997933777, -0.1077352276152754, -0.10419237146938207], "6:0:270:55:0": [-0.10935221009782109, 0, -0.10963802963985046, -0.10794234766413467], "6:0:180:55:0": [-0.10856342157858094, -0.10906394942650557, -0.10881301987939436, -0.10885660873023315], "1:0:90:55:0": [-0.10782653538235418, -0.10775426211555346, -0.1048441567660579, -0.10619355927507093], "1:0:0:55:0": [-0.11999852436672848, -0.012696389753290849, -0.10596470700406141, -0.10681192120697612], "1:1:0:55:0": [-0.10753666414851776, -0.1093074756365314, -0.10978849403329906, -0.10913264092868585], "1:2:0:55:0": [-0.10968142955936604, -0.10825060296088047, -0.09562660880636836, -0.1096149153469287], "1:1:90:55:0": [-0.10850594594740468, -0.10768861600550748, -0.105567708538702, -0.10235206890333162], "0:1:90:55:0": [-0.10777620455161335, 0, -0.10592380001039381, -0.10414385651608449], "0:1:0:55:0": [-0.10677461547869452, -0.10872544163657967, -0.10829561908462787, -0.10187229896968457], "0:2:0:55:0": [-0.10517073636643115, -0.1095655659620196, -0.10998862918779732, -0.09509085233714683], "0:1:270:55:0": [0, -0.10890039606171388, -0.10993051084648923, -0.10284825131778091], "0:1:180:55:0": [-0.1075027487712858, -0.10751492682716873, -0.10609873463580094, -0.10645846800010854], "1:0:270:55:0": [-0.1085020964101401, -0.10846041041883286, -0.10573169755540253, -0.10998852499744077], "1:0:180:55:0": [-0.10799673223248892, 0, -0.10281924285643834, -0.10573759959694287], "1:1:180:55:0": [-0.10973890087653408, -0.10469220587604368, -0.10252321969303634, -0.10999978439423881], "1:2:180:55:0": [-0.10745069727969044, -0.10992498198922321, -0.10353007618731208, -0.10083331742473983], "1:2:270:55:0": [-0.10893616356406702, -0.10987240891782346, -0.10040496877145777, -0.10999469770566936], "3:2:270:55:0": [-0.10220661588950017, -0.0905003983042362, -0.10943250408722839, -0.10853850870936241], "1:2:90:55:0": [-0.10385160408228944, -0.10597168742375582, -0.09899547924348819, -0.10981288328638383], "2:3:180:55:0": [-0.09935300335559784, -0.08595522475948525, -0.06463053899749982, -0.08653242857759537], "1:1:270:55:0": [-0.10985798295508188, -0.10877579235660145, -0.10512535881146141, -0.09594611323656103], "3:1:270:55:0": [-0.10866326303086643, -0.10727274690953308, -0.1099646527469612, -0.09628295029525327], "3:2:90:55:0": [-0.10526822605516302, -0.09704134767426864, -0.09690907453807616, -0.10953866620962618], "2:4:180:55:0": [-0.10293154106190572, -0.07396313899924899, -0.1085462565658131, -0.10994453669494411], "2:5:180:55:0": [-0.09721281642089943, -0.0944093018257813, -0.0735499906110097, -0.08249999999829825], "3:2:0:55:0": [-0.09675884334356216, -0.10085479772636273, -0.09944441091723732, -0.0776464982967795], "4:2:90:55:0": [-0.10567490099851772, -0.10956262876857821, -0.10934418159648775, -0.10212322275615407], "4:2:0:55:0": [-0.09579022525195434, -0.10460531135077558, -0.10612762054234894, -0.1092363890226659], "4:2:180:55:0": [-0.10341756959060773, -0.1099984419697392, -0.10999969128709497, -0.10999751373822782], "1:3:180:55:0": [-0.10022285996062603, -0.10669494003326314, -0.10852740297721437, -0.10179759100297721], "1:3:270:55:0": [-0.10912507629738977, -0.10996060774078109, -0.0971479998287298, -0.10212563456686366], "2:4:270:55:0": [-0.10332677545742626, -0.10935078583996301, -0.10998645253751818, -0.10629746402169322], "2:4:0:55:0": [-0.08265344126060241, -0.09163827913105568, -0.10834715293756945, -0.1031462934409995], "2:4:90:55:0": [-0.10717574773517828, -0.10869300253409389, -0.10999231864941948, -0.09467268993563123], "3:4:270:55:0": [-0.10949756253377854, -0.10312201812763144, -0.0952377495376998, -0.09899934403395914], "4:4:270:55:0": [-0.10228932147234725, -0.0926334177646748, -0.08299999997530504, -0.10997341900557062], "4:4:0:55:0": [-0.07469760441416935, -0.10999998947785546, -0.0664114547845781, -0.04999999999647026], "4:4:180:55:0": [-0.1088682578128316, -0.0925689927331899, -0.0557, -0.08557221782708724], "4:3:180:55:0": [-0.0985529014592606, -0.10165863248583049, -0.10500624695075474, -0.09266813645500233], "0:2:90:55:0": [-0.10962189456915732, 0, -0.10263653782829435, -0.10789545193792488], "3:2:180:55:0": [-0.09733357433254143, -0.09462423165210372, -0.10441196165385927, -0.07667863754251983], "4:2:270:55:0": [-0.10546123088832553, -0.09793940140312675, -0.10536642761869666, -0.10999999999937925], "3:1:0:55:0": [-0.09533979916880674, -0.10414253880637726, -0.10198916239491544, -0.10856253130403426], "3:3:0:55:0": [-0.09727963744255226, -0.1098718928332063, -0.10901147069927757, -0.10980361883962642], "3:3:270:55:0": [-0.1055829148396269, -0.10070201100352923, -0.10664347901956583, -0.09918457635015936], "4:3:270:55:0": [-0.10479980768346961, -0.10054829205200437, -0.08249999994621793, -0.10641936096721487], "5:3:270:55:0": [-0.10465486020333438, -0.10592240719238923, -0.10121015918839799, -0.10369785966975004], "5:3:0:55:0": [-0.0979663104974168, -0.10274987937073643, -0.1089514191751805, -0.0784395369547756], "5:2:0:55:0": [-0.10629270490489688, -0.10181760210757762, -0.10195071482027256, -0.10998476898220784], "5:1:0:55:0": [-0.10819736399718406, -0.10918211868215431, -0.10986747395492459, -0.09777027631430407], "5:4:0:55:0": [-0.09940322112698181, -0.10407561152680739, -0.08985476928019122, -0.08532369240903903], "5:4:90:55:0": [-0.09558679433133108, -0.10015355576371342, -0.08222409537996266, -0.10016787107602887],