{"3:0:0:55:0": [0.49000000953674316, 0, 0, 0], "3:1:0:55:0": [-0.06439, 0, 0, 0], "3:2:0:55:0": [-0.03710000000000001, 0, 0, 0], "3:3:0:55:0": [-0.029000000000000005, 0, 0, 0], "3:4:0:55:0": [-0.02, 0, 0, 0], "0:0:0:55:0": [-0.009999999776482582, 0, 0, 0], "0:1:0:55:0": [-0.0820243275, 0, 0, 0], "0:3:0:55:0": [-0.10927100000000001, 0, 0, 0], "0:4:0:55:0": [-0.07342074074074074, 0, 0, 0], "0:5:0:55:0": [-0.13, 0, 0, 0], "0:6:0:55:0": [-0.06865375437630374, 0, 0, 0], "2:0:0:56:0": [-0.12999999887403155, 0, 0, 0], "2:2:0:55:0": [-0.10999999874892392, 0, 0, 0], "2:3:0:55:0": [-0.10999999860991547, 0, 0, 0], "2:4:0:55:0": [-0.10999999845546164, 0, 0, 0], "2:5:0:55:0": [-0.10999999828384627, 0, 0, 0], "2:6:0:55:0": [-0.06865565514204133, 0, 0, 0]}