{"4:0:0:55:0": [0.34006355386765436, 0.47285715217588875, 0.49000000953674316, -0.10985696953147832], "4:1:0:55:0": [-0.10590492094744151, -0.10997756489273247, -0.096156691039511, -0.10135859554756162], "4:1:180:55:0": [-0.10998385736634998, -0.10292995675852307, -0.10312240204537855, -0.1053320811136231], "4:0:180:55:0": [-0.10671096464984366, -0.06407147274461476, -0.10429608869145286, -0.10716557364138679], "4:0:270:55:0": [-0.10739924917837944, -0.10633713174323019, -0.10981734847874346, -0.09921154554171123], "5:1:90:55:0": [-0.10128826550741196, -0.09984860433987715, -0.10914156024054296, -0.10999277185883312], "5:1:0:55:0": [-0.10880777468227426, -0.1099997427912059, -0.10942128778794957, -0.10506837547051927], "5:0:0:55:0": [0, -0.10985743988389014, -0.10982961853209827, -0.10681052036532039], "5:2:0:55:0": [-0.10557313392487638, -0.1099250021498763, -0.09376090494612419, -0.1082470686708301], "5:2:90:55:0": [-0.09887200161829228, -0.10944327460343181, -0.09481476442489342, -0.10702039474700162], "6:2:90:55:0": [0, -0.10774440201609765, -0.10351364541474568, -0.10004508379457924], "6:2:0:55:0": [-0.10654130001542753, -0.10751284843290076, -0.09530301224469369, -0.109838358069805], "6:1:0:55:0": [-0.10958628010531943, -0.10767654694520307, -0.10763985400288471, -0.10419247634412904], "6:1:270:55:0": [-0.10727509453976379, 0, -0.10167216302097733, -0.1048461847660029], "5:1:270:55:0": [-0.1094386671223751, -0.10945719591866956, -0.10999999999995642, -0.10940171681098831], "4:1:270:55:0": [-0.10518856058015708, -0.10980790673589762, -0.10978011495516629, -0.10292159832706785], "3:0:270:55:0": [-0.10730183938451768, -0.1087042633981943, -0.10513931344599056, -0.10997418776487143], "3:0:180:55:0": [-0.10808549112511287, -0.10999113747242484, -0.10159394882959616, -0.10999220430522702], "2:0:270:55:0": [-0.10930165362875593, -0.10533792877671457, -0.10623016476668648, -0.10957806112949835], "3:0:0:55:0": [-0.009999999776482582, -0.03884393852794988, -0.10320168514573047, -0.05971903166057231], "1:0:270:55:0": [-0.1067754109617188, -0.10790886284593919, -0.1050778180328806, -0.10889067891881136], "1:0:0:55:0": [0.49000000953674316, -0.10965426238233546, -0.10709034663058177, -0.10717232836544757], "1:1:0:55:0": [-0.10821855091157628, -0.10317281190460444, -0.10392649992016766, -0.10996733426738652], "1:1:90:55:0": [-0.10510664450473907, -0.10960242063726496, -0.10969129467469563, -0.10653355144389627], "1:1:180:55:0": [-0.10322815777084954, -0.10007453018983274, -0.10230505582175076, -0.10451941740114093], "1:2:180:55:0": [-0.10174156308734503, -0.10816783585041935, -0.10675822796657906, -0.09336639199575672], "1:2:90:55:0": [-0.10773403246464118, -0.10289657513163092, -0.10982920691369878, -0.10645188982760964], "1:2:0:55:0": [-0.10719176621119576, -0.10840000549394656, -0.10987119754375792, -0.1083538572741453], "1:2:270:55:0": [-0.109874480473852, -0.10661701517738469, -0.10170971695795478, -0.10585707810720554], "1:3:0:55:0": [-0.10747506037526688, -0.09862322505856834, -0.1099803906496759, -0.10787731586616689], "5:0:270:55:0": [-0.1099141030233597, -0.10870202091553362, -0.10889073033444326, -0.10745671615294501], "5:0:180:55:0": [-0.10943032211900842, 0, -0.10970601354582751, -0.1085301130911138], "5:0:90:55:0": [-0.11006456625945624, -0.10929035075200542, -0.10494606727235178, -0.10964603398774268], "6:0:90:55:0": [0, -0.1097949228221813, -0.10995747279492436, -0.10953646929808565], "6:0:0:55:0": [-0.10995076021886331, -0.10983729211851492, -0.10976415130638309, -0.10961843101720177], "6:1:90:55:0": [0, -0.10998968788347475, -0.1016838296187129, -0.104868363704046], "4:1:90:55:0": [-0.10616393756189342, -0.10507928524747404, -0.10933109648887046, -0.1095890752913681], "6:2:180:55:0": [-0.10982017695016691, -0.10735121896490327, -0.10680374709868787, -0.10445224777167213], "6:2:270:55:0": [-0.10201180711119527, 0, -0.10474339560129943, -0.10445287067862208], "6:1:180:55:0": [-0.10892035502140007, -0.10804028306425423, -0.10975306028455731, -0.1020095881770073], "6:3:0:55:0": [-0.10880480680613644, -0.10995315653342791, -0.1043093313638154, -0.10481688199945197], "6:4:0:55:0": [-0.10862369312909052, -0.10991545295300906, -0.10999999964302615, -0.10999965616072466], "6:5:0:55:0": [-0.10837319891277132, -0.10394742726388342, -0.09624875601886193, -0.10666801025918334], "6:6:0:55:0": [-0.10503003947796588, -0.10999999999991422, -0.10626015934880124, -0.10710285713116806], "6:6:90:55:0": [0, -0.10846391381682725, -0.10337873563326146, -0.10693572382178393], "5:6:90:55:0": [-0.10447306422547577, -0.10879071789242248, -0.09542751957745699, -0.10957476946300027], "4:6:90:55:0": [-0.1051785619527891, -0.09583168338845036, -0.0959296330829468, -0.0998333402048472], "3:6:90:55:0": [-0.09914879531442027, -0.10044645953160938, -0.09561878202219817, -0.10999985233693302], "4:6:180:55:0": [0, -0.10665238684555724, -0.10267061311556201, -0.08476452527171195], "4:5:180:55:0": [-0.10582086611553522, -0.08047417193005565, 0, -0.07951914677512859], "2:6:90:55:0": [-0.10060044904461221, -0.10252931301134682, -0.10445805273381623, -0.10999738329608004], "4:6:0:55:0": [-0.10754931690061983, 0.0, -0.08749809556408342, -0.08034486464158312], "4:6:270:55:0": [-0.105492813480873, -0.10653411761112615, -0.08249115178272863, -0.10167470818829372], "3:6:270:55:0": [-0.1031337168528173, -0.10710534125224028, -0.10421597000109886, -0.10999999999650911], "3:6:0:55:0": [-0.10228160900475375, 0, -0.08765624475327767, -0.09784547375262154], "3:6:180:55:0": [0, -0.10155662747639985, -0.08953041257767787, -0.10788024275006526], "2:0:0:55:0": [-0.02997276652335487, -0.1084002323007251, -0.06499999989941073, -0.11026391415411808], "2:2:0:55:0": [-0.0901538645128254, -0.10915373790480642, -0.10327512905259845, -0.09724021647312696], "2:3:0:55:0": [-0.0907647883500456, -0.07532531913745892, -0.10995816194769524, -0.0825], "1:3:90:55:0": [-0.10940832646870975, -0.10867604216763434, -0.10972999999386804, -0.08059239787761528], "1:3:270:55:0": [-0.09834927025501765, -0.09306160377251921, -0.09370351891565037, -0.1096861968257872], "1:5:0:55:0": [-0.10471704037954377, -0.10177848852610129, -0.1048105874273024, -0.07600424198245936], "1:6:0:55:0": [-0.1057006646864121, 0, -0.10993824260276107, -0.09844957866044207], "1:5:270:55:0": [-0.07608507126745297, -0.06949657201933795, -0.0684911416100658, -0.09559135941891164], "1:5:180:55:0": [-0.10262983864987406, -0.08247583067442739, -0.08371162937317629, -0.09378280953768049], "1:4:180:55:0": [-0.10970874977082623, -0.08906232954803675, -0.09693710935854231, -0.1099976090302657], "1:4:90:55:0": [-0.10659379844123808, -0.10614582545102828, -0.09412263414836929, -0.10996462944622457], "0:4:90:55:0": [-0.10949088739392127, 0, -0.10153807937810627, -0.10345531934071112], "0:4:0:55:0": [-0.10537033666256385, -0.10911198200017679, -0.0953457470229532, -0.1073787924520899], "0:3:0:55:0": [-0.1057096705281446, -0.10944497062480635, -0.10993668472588188, -0.10804028773965217], "0:2:0:55:0": [-0.10825527060550362, -0.10794512766905386, -0.10660280827686586, -0.09811190543633325], "0:1:0:55:0": [-0.10778979565596523, -0.10858755518469558, -0.1095894199182935, -0.10626137469641402], "0:1:270:55:0": [0, -0.10678565227695577, -0.10084876924458278, -0.10810842654763682], "0:1:180:55:0": [-0.10791932579752095, -0.10721310523275877, -0.10881638860648281, -0.10870142016830439], "0:1:90:55:0": [-0.10778847050031903, 0, -0.1095766583721688, -0.10427858705659765], "2:1:90:55:0": [-0.09579456161264165, -0.10596178004326504, -0.10243964453156575, -0.10807594293827702], "2:1:0:55:0": [-0.10173669850108123, -0.09526683042337823, -0.09896748196762263, -0.10700486917535672], "2:0:90:55:0": [-0.10833727295284847, -0.1085153250359152, -0.108389706044696, -0.10990019760721337], "2:0:180:55:0": [-0.10202311674594199, 0, -0.1097789828042855, -0.10264552503970485], "2:1:180:55:0": [-0.09695207983044218, -0.10245783590549895, -0.1069366294635425, -0.10097389929395229],