{"1:0:0:55:0": [-0.10999886748727028, -0.018559995855472005, -0.10553981158560434, -0.06513020865125752], "1:1:0:55:0": [-0.10379183969589902, -0.10923172476685263, -0.10987086791189456, -0.10939173307127406], "1:1:90:55:0": [-0.10952566663067288, -0.10922079965394116, -0.1099259417751297, -0.10990441556860046], "2:1:90:55:0": [-0.10948861196039625, -0.10941137051035243, -0.109999940356613, -0.1076701709069356], "2:1:0:55:0": [-0.10893863743319944, -0.10187568396062277, -0.1099998702238451, -0.10991607832212069], "2:1:270:55:0": [-0.10969020411882632, -0.10904856393128458, -0.10107387912736242, -0.10988130999272595], "2:1:180:55:0": [-0.09810299397018865, -0.09479768762901082, -0.09908624027656272, -0.10956542836134198], "0:1:90:55:0": [-0.10931444206479571, 0, -0.10999856202047108, -0.1096399190516327], "0:1:0:55:0": [-0.10862261889051815, -0.10863609715217239, -0.1094780679471492, -0.1095292749641947], "0:0:0:55:0": [-0.11280911943676555, -0.015462325400597936, -0.10986667154963664, -0.10825310700347512], "0:1:270:55:0": [0, -0.10992247568232169, -0.1098478995928265, -0.10977603460426691], "0:0:270:55:0": [-0.11, -0.1090905014474053, -0.10791599542984535, -0.10877541498044747], "1:0:270:55:0": [-0.10886013068253145, -0.10779630441813368, -0.10713918333492045, -0.10702758892597966], "2:0:270:55:0": [-0.1071456354754301, -0.10757346179161395, -0.10999800781767897, -0.10730956016997185], "3:0:270:55:0": [-0.10761558399198883, -0.10752650237444043, -0.10917979009499999, -0.10481814663509843], "3:0:0:55:0": [-0.009999999776482582, -0.04693170290293086, -0.10443859991157729, -0.10184933724768638], "3:0:90:55:0": [-0.1059043225782861, -0.10736117449860465, -0.10776662255617359, -0.10720483709634132], "3:0:180:55:0": [-0.1067911156317455, 0, -0.09544448803283334, -0.09602776580776876], "3:1:0:55:0": [-0.09908074613870649, -0.10489975312308017, -0.1076362674130662, -0.10827533758537146], "3:1:270:55:0": [-0.10677402544928234, -0.109335661247483, -0.10994608876219386, -0.10846224082112865], "3:2:0:55:0": [-0.0991825080683344, -0.10603576007617735, -0.10797218560682602, -0.10594623033400036], "3:2:270:55:0": [-0.10253526217153353, -0.09818921093081652, -0.10538444787727175, -0.10635270019589288], "3:2:90:55:0": [-0.10513737962645522, -0.10442490330544532, -0.10662259067892617, -0.09968297165151965], "2:2:90:55:0": [-0.10856324764706818, -0.10560917921359256, -0.10055384861894012, -0.10999804196077576], "1:2:90:55:0": [-0.1089171829253417, -0.10317737150445722, -0.10468706556505479, -0.09817199954078011], "1:2:180:55:0": [-0.10979999378620331, -0.10177258320810786, -0.10670151825344884, -0.10999999383706971], "1:3:180:55:0": [-0.10517062870357205, -0.10212197529842387, -0.10999283294393195, -0.10953198019820923], "1:3:270:55:0": [-0.1035042163841634, -0.10966953784744918, -0.10652248589404625, -0.10722077376699936], "0:3:270:55:0": [0, -0.10674291080460661, -0.09904280786740893, -0.09889276970011532], "0:3:0:55:0": [-0.10664288168639069, -0.10835788377805435, -0.1027626670150892, -0.10282593454594885], "0:4:0:55:0": [-0.10471119138817513, -0.10863426385370009, -0.10113380260582742, -0.09575064805061448], "0:5:0:55:0": [-0.10636422311200786, -0.1052651882798181, -0.10999985234357486, -0.10980602421052912], "0:5:90:55:0": [-0.09896105582733918, 0, -0.08674629700700935, -0.07438659257098754], "0:5:180:55:0": [-0.10484629555926063, -0.10593903945805923, -0.09881489020838781, -0.099], "0:5:270:55:0": [0, -0.1086127390519385, -0.07985347116488895, -0.072065], "1:5:270:55:0": [-0.06490856261436051, -0.08183725035218269, -0.09642758876291704, -0.07915656996253691], "2:5:270:55:0": [-0.0438391129693716, -0.10705953830330381, -0.08924307624526792, -0.06660487227349808], "2:5:180:55:0": [-0.0959059340943791, -0.10877649479119708, -0.10999999999140775, -0.0822901719126063], "3:5:270:55:0": [-0.04088472952769334, -0.02, -0.07950729081525462, -0.037499980900572584], "4:0:0:55:0": [-0.053749999874271454, -0.02253545695342371, -0.09603243498586894, -0.10812106034609789], "4:0:270:55:0": [-0.10539519097856646, -0.10726199102694993, -0.10021233497187967, -0.10698747050805274], "4:0:90:55:0": [-0.10943384107495543, -0.10877736947455068, -0.10874247381094536, -0.10258791923932328], "4:0:180:55:0": [-0.10043046502088115, -0.10988209815422267, -0.09725086601287729, -0.10168560400763517], "4:1:180:55:0": [-0.10230508163291961, -0.10210415930304731, -0.1000819260455507, -0.10327420299398896], "4:1:270:55:0": [-0.1092233004618986, -0.109249071018964, -0.10672033880027867, -0.10999999999537895], "4:1:90:55:0": [-0.10527506619672415, -0.10968731413428201, -0.10127471417091508, -0.10404558822198884], "4:1:0:55:0": [-0.10060516566859812, -0.10502948873190106, -0.10153637933987514, -0.10494097767762492], "4:2:180:55:0": [-0.10844463381799922, -0.09306833580932695, -0.09547742114043138, -0.0886728899298299], "4:3:180:55:0": [-0.09394571049853553, -0.08744784430525682, -0.10930467802676258, -0.10807551873732114], "4:4:180:55:0": [-0.08980876741213109, -0.07977277615411409, -0.08489825679093987, -0.09986481928980201], "4:5:180:55:0": [-0.10915565135219142, -0.09439822970116661, -0.10241825833948791, -0.08406552485640482], "4:5:270:55:0": [-0.10999995637767473, -0.053896917466692354, -0.08371894922590638, 0], "4:5:90:55:0": [-0.06396882692549441, -0.07537305305614561, -0.0952639495991652, -0.07964863682405814], "3:5:90:55:0": [-0.02, -0.03754943200910123, -0.09176572748700047, -0.07313574775053104], "0:2:0:55:0": [-0.10637069618421462, -0.10906854641642688, -0.10998210070999755, -0.10984917425463336], "0:0:90:55:0": [-0.108593349284658, 0, -0.10724899299433995, -0.10891762042831249], "0:0:180:55:0": [-0.10884447366143514, -0.11, -0.10989720576325167, -0.10776523119200979], "1:0:90:55:0": [-0.10963651234841143, -0.10820898462093846, -0.1082407890778569, -0.10828357081185486], "2:0:90:55:0": [-0.10906599771544523, -0.1085814044630148, -0.10685367197087253, -0.109256027078349], "3:1:90:55:0": [-0.10876959612476922, -0.10975195641034198, -0.1098282005382817, -0.10970437700228226], "5:1:90:55:0": [-0.10389139684204413, -0.10629388935129792, -0.10968378919935316, -0.10999993853613141], "5:1:0:55:0": [-0.10717164921122652, -0.1010806009365004, -0.1058414368391668, -0.10975007935573265], "5:2:0:55:0": [-0.10096688617289047, -0.10137464990029907, -0.08801657455993321, -0.10268582734498011], "5:3:0:55:0": [-0.10563990753343419, -0.10803320326191629, -0.10999999997137565, -0.10067501548794561], "5:3:270:55:0": [-0.10383391545922145, -0.10999245864868307, -0.10951511313506884, -0.10936712315842495], "5:3:180:55:0": [-0.10419786636587607, -0.10160086260764503, -0.10049319340720285, -0.10922700417937417], "5:2:180:55:0": [-0.10680785620315011, -0.10744242750142903, -0.09987680906932789, -0.09149487415923586], "5:2:270:55:0": [-0.09938423883589446, -0.09564740557299324, -0.10173713875571998, -0.08875376614281968], "5:3:90:55:0": [-0.10887016113057, -0.10682441652297119, -0.09868712742387062, -0.09496685684176767], "4:2:270:55:0": [-0.10989981046645808, -0.08970763238264408, -0.09010470196117493, -0.10996553492577057], "2:2:270:55:0": [-0.10716971545087303, -0.0880677462773661, -0.10164797759279083, -0.10970045558448899], "1:2:270:55:0": [-0.10959176890478164, -0.10655800955001378, -0.10082935271583496, -0.10961881717283593], "0:2:270:55:0": [0, -0.10836213674841323, -0.1073836983644397, -0.10925235429198567], "0:2:180:55:0": [-0.1073415397755701, -0.10839478769179756, -0.10968542252695755, -0.10492289316704757], "0:1:180:55:0": [-0.10935666278389629, -0.1085156850687668, -0.10263582987536152, -0.10923221789381934], "1:1:270:55:0": [-0.10661943052409056, -0.10926883345966924, -0.10954206611240927, -0.10916183054325525], "1:2:0:55:0": [-0.10484784246689975, -0.10970249941867309, -0.10990238568961812, -0.10977470395827445], "2:2:180:55:0": [-0.09975929959554483, -0.09421898739215798, -0.09958479191913552, -0.09177581779598257],