{"3:0:0:55:0": [-0.09680273714180256, -0.10992838891203553, -0.06172612989501005, -0.09856386071675291], "3:2:0:55:0": [-0.1097994926437898, -0.05693567458241914, -0.10998711118319396, -0.09714033020941118], "2:2:90:55:0": [-0.09623843026182818, -0.059208063617787944, -0.02344815155443102, 0.021216218960382036], "2:1:180:55:0": [-0.08900699478963461, -0.07467324098286256, -0.08341660295917665, -0.09986266899306853], "1:2:180:55:0": [-0.08248940208522117, -0.09684129052324843, -0.09187183742895741, -0.10947249467777492], "1:2:270:55:0": [-0.09044238024753587, -0.10569347105624059, -0.09302126920917492, -0.09157071102980599], "1:1:180:55:0": [-0.10097293379590314, -0.10083322101362607, -0.08998348117514225, -0.08962397109753317], "1:2:90:55:0": [-0.10931324164611005, -0.1099852383480076, -0.09043839037502355, -0.10977123207545032], "1:3:180:55:0": [-0.10840905470977798, -0.10607319030058586, -0.0975954512436587, -0.080385151691944], "1:3:90:55:0": [-0.049558978734651565, -0.07740736095611221, -0.09393872819340966, -0.03638752800201174], "0:3:90:55:0": [-0.09079807300259779, -0.04478557689902603, -0.10900248911244287, -0.10912447380331988], "0:3:0:55:0": [-0.1098198526037784, -0.10993329126886897, -0.09371409274211012, -0.10999869324061566], "0:2:0:55:0": [-0.10999921594183752, -0.1086054038891363, -0.10983322818300328, -0.0918487038132772], "0:2:90:55:0": [-0.10993438868402537, -0.08244852721691914, -0.10999861106897278, -0.10898191043495642], "1:2:0:55:0": [-0.10998904913948229, -0.09118024785598, -0.091655404964489, -0.09587041017076822], "1:1:0:55:0": [-0.09852788914236671, -0.09213109327377635, -0.08738099644508245, -0.1045891856599975], "1:3:0:55:0": [-0.043557852692826464, -0.08432724952172144, -0.037781180073303645, -0.08518190969415863], "1:3:270:55:0": [-0.10949289236293007, -0.09823553713664906, -0.08058649763093916, -0.09596985116622173], "1:1:90:55:0": [-0.10999895140399986, -0.06734616110036556, -0.09360891375087939, -0.0958530554532002], "0:1:90:55:0": [-0.08997175209565236, -0.10427852626695522, -0.09118520718699312, -0.09610471004358602], "0:1:180:55:0": [-0.09336198613773053, -0.09166608446355677, -0.10999991808909565, -0.08249999948319885], "0:2:180:55:0": [-0.10999919837804356, -0.08249996477250744, -0.09044442878783687, -0.1099980947448186], "0:2:270:55:0": [-0.09204756917210206, -0.07740740738788424, -0.10906150370342693, -0.10999998030069832], "0:3:270:55:0": [-0.09166666666500464, -0.10999999962537536, -0.10994595564033283, -0.10999903192759197], "2:3:90:55:0": [-0.09460879818152604, -0.08209959224108644, -0.08544560983705618, -0.10999999999976089], "3:3:90:55:0": [-0.0854483605621777, -0.09166646344572028, -0.10882004376743273, -0.09591008141507743], "4:3:90:55:0": [-0.10252157975460724, -0.08535840809733106, -0.10952255534157815, -0.030299747369020878], "1:4:180:55:0": [-0.10812300776450534, -0.06951791705579338, -0.10999999999998877, -0.1008835692509851], "1:4:270:55:0": [0.012853956274612457, -0.05533590354527409, -0.0602897210298945, -0.10179521237877118], "1:4:0:55:0": [-0.04927231241325538, -0.06573706597532912, -0.1099967126696596, -0.02666881582007531], "0:4:270:55:0": [-0.10999999999996772, 0, 0, -0.05117474336686384], "0:4:180:55:0": [0, -0.028179799503671582, -0.0824999999999796, -0.06500777908675173], "0:4:90:55:0": [-0.10999601658471674, 0.03997008629552317, -0.09284582730681307, -0.08249616138650687], "2:3:0:55:0": [0.09443405858788671, -0.0023502353678137404, -0.10804153255092964, -0.07632469894118021], "2:2:0:55:0": [0.027646443842971533, -0.08422539579511779, -0.018279137529921437, -0.05471741326353988], "2:1:0:55:0": [-0.03224735105269076, -0.07704556012726997, -0.04465684384298294, -0.07335775962998263], "2:0:0:55:0": [-0.05320151918514953, -0.09264959710965676, -0.11089154215045371, -0.103606400584742], "2:0:270:55:0": [-0.10075282020622135, -0.08458326120148292, -0.10497378668417548, -0.0977685856782934], "3:0:270:55:0": [-0.10960690328567811, -0.1096340690705724, -0.10031030991510237, -0.08480832857972527], "4:0:270:55:0": [-0.10999999996679732, -0.10953343280124916, -0.05029565203462874, -0.07053355333564894], "4:0:180:55:0": [-0.09594544782071729, -0.10971505271351993, -0.06817620955085316, -0.10992891254416837], "4:0:90:55:0": [-0.10853232894142505, -0.10937165000859184, -0.10998405102941729, -0.07810709499944368], "3:0:90:55:0": [-0.08217386864792862, -0.10999984112854624, -0.10835217923520672, -0.09775000909622686], "3:0:180:55:0": [-0.08224402412399916, -0.07900230235726956, -0.08104219949965098, -0.10909385591383695], "3:1:180:55:0": [-0.10368350727675996, 0.03135939459486479, -0.0484886823309515, -0.06233111124300194], "3:1:90:55:0": [-0.08144565155865605, -0.08393607231130139, -0.016464192298483435, -0.08232227926096845], "2:1:90:55:0": [-0.08777935849066686, -0.07735534300545688, -0.07054586364290336, -0.037829978535575175], "2:0:180:55:0": [-0.10997895166550817, -0.10221446370431797, -0.10118127977981169, -0.10955930899673043], "2:1:270:55:0": [-0.09526427524244202, -0.10907449682993386, -0.052416469405273426, -0.09017912065123235], "4:1:90:55:0": [-0.0807546373111039, -0.10989471600411677, -0.10929184312069964, -0.10915154074489478], "3:1:0:55:0": [-0.07653143673158845, -0.06792455813927345, -0.07525382632496247, -0.06192626499733753], "3:1:270:55:0": [-0.08510694020047113, -0.0905960375914141, -0.07413488630083681, -0.03369533973358512], "1:0:270:55:0": [-0.09788061408841142, -0.09037671042973106, -0.08829531215175725, -0.09903121211953056], "0:0:270:55:0": [-0.08941064675168896, -0.09157569566475547, -0.08455618460083354, -0.10999999995581441], "0:0:180:55:0": [-0.10984344805982038, -0.10677009373117352, -0.1016630264522928, -0.10682169113958376], "1:0:180:55:0": [-0.0992331974848657, -0.08928020366606877, -0.1099990692835753, -0.09872594484930944], "1:1:270:55:0": [-0.09367873887036791, -0.10999999899037252, -0.09344162346188395, -0.10936473215061401], "0:1:270:55:0": [-0.08249999808868641, -0.10999999829018695, -0.08704497832595152, -0.09591999855326812], "1:0:90:55:0": [-0.0941994526057333, -0.07738313775813312, -0.09532912965686167, -0.0996006225908049], "2:0:90:55:0": [-0.10944659973604713, -0.09466983813960574, -0.10927240165952952, -0.05231131493543196], "0:0:0:55:0": [-0.10123930052957833, -0.07073589051022652, -0.0835445541218768, -0.1043638217514736], "0:0:90:55:0": [-0.09231891847675168, -0.07603462949711214, -0.1078188016445144, -0.10706337991448467], "1:5:0:55:0": [-0.03183625401988775, -0.056933196809599095, 0.09280121646149224, -0.012177381014041835], "2:3:180:55:0": [-0.08332492015849838, -0.10999858491208003, -0.09171736823372051, -0.08549186171375758], "2:2:180:55:0": [-0.10993524205093975, -0.10244362249602983, -0.07843460350708122, 0.007170877377825981], "4:3:180:55:0": [-0.08012772520451006, 0.1621089482372604, 0.010534298523046926, -0.08303598421970053], "4:2:180:55:0": [-0.08276631179575789, 0.034232631716828374, -0.06130250555987635, -0.10932733069764512], "4:3:270:55:0": [0.05755917049067713, -0.0067632332072042785, 0.10057922940963243, 0.05739931437219576], "3:3:270:55:0": [-0.053770471445893996, -0.10140505262651474, -0.028622074240606754, 0.010733872360359706], "2:3:270:55:0": [-0.067887792660988, -0.10623990952737335, -0.08593878086492304, -0.10958795845718901], "2:4:180:55:0": [-0.10998706725467651, 0.042057828301374764, -0.09749382194671888, 0.04383848610888523], "2:4:270:55:0": [0.07808943269714858, -0.08249823187568127, -0.08749029459201398, -0.10998836052920886], "1:4:90:55:0": [-0.07912248915228255, -0.0897412651328126, -0.054017994914664885, -0.10999999986937652], "1:5:180:55:0": [-0.06344222910750458, -0.0009788736002861245, 0.04329946333962584, 0.10053970792863738], "1:5:270:55:0": [0.22637497363928327, -0.10461433363646488, -0.035348724712493465, 0], "0:5:270:55:0": [-0.0010508272875416752, -0.08765926918923364, -0.007126588828794106, -0.009157509143415463],