{"4:0:0:55:0": [0.290000011991223, -0.1049927217231845, -0.10879161724260593, -0.10989786669332816], "4:1:0:55:0": [-0.10908916470041985, -0.10997507211111938, -0.10047058195947024, -0.09652110025083757], "4:1:180:55:0": [-0.10998148450359592, -0.1024397137630213, -0.1015095559378735, -0.10355528617093614], "4:0:180:55:0": [-0.10503099198584556, -0.06407147274461476, -0.10296503503586882, -0.10676065592645924], "4:0:270:55:0": [-0.1061288985350403, -0.10712849210160348, -0.10982574906693005, -0.10111025085772991], "5:1:90:55:0": [-0.10020070675615546, -0.09917221485111379, -0.10914156024054296, -0.10998255497610092], "5:1:0:55:0": [-0.10981806373535866, -0.1099997427912059, -0.10929975822341938, -0.09832791464274493], "5:0:0:55:0": [0, -0.10999914483793984, -0.10977470219120436, -0.10999999012925772], "5:2:0:55:0": [-0.1058179799302135, -0.1099250021498763, -0.09376090494612419, -0.10638789250306666], "5:2:90:55:0": [-0.09563407405969009, -0.10929260268399434, -0.09481476442489342, -0.10531466890436543], "6:2:90:55:0": [0, -0.10762816649877167, -0.1027028564524428, -0.09895894877508708], "6:2:0:55:0": [-0.10504277856879553, -0.10704265674025286, -0.09236361469363243, -0.109838358069805], "6:1:0:55:0": [-0.10891830984694029, -0.10706967172141059, -0.10763985400288471, -0.10084858288907599], "6:1:270:55:0": [-0.10623610895706598, 0, -0.09617902521808493, -0.10079706476746882], "5:1:270:55:0": [-0.10939286374913147, -0.10917956217725029, -0.10999999999995642, -0.10845484228086838], "4:1:270:55:0": [-0.10695377968192359, -0.10975456159057612, -0.10976458495444283, -0.09866310448079675], "3:0:270:55:0": [-0.10581524495470869, -0.10976210160578401, -0.10029041639778562, -0.10994828122385754], "3:0:180:55:0": [-0.10744168428668287, -0.10999113747242484, -0.09902170417170489, -0.10997948598801716], "2:0:270:55:0": [-0.10906525506920992, -0.10624636097000763, -0.10520535625300872, -0.10999741974378391], "3:0:0:55:0": [-0.10999999999999999, 0.38352791627271626, -0.10267873822785442, -0.10943611586207481], "1:0:270:55:0": [-0.10677868794191654, -0.10929877311699593, -0.10425751184858659, -0.10903877613675561], "1:0:0:55:0": [-0.043333333184289946, -0.10999969135048496, -0.10651940027745611, -0.10681886960420066], "1:1:0:55:0": [-0.10765406818924637, -0.1018076500442761, -0.10242138885973338, -0.1099500662015109], "1:1:90:55:0": [-0.10435382067946873, -0.10953826517279719, -0.10969129467469563, -0.10440638179526757], "1:1:180:55:0": [-0.10288956565939202, -0.09897265473760163, -0.10230505582175076, -0.10076242259773556], "1:2:180:55:0": [-0.10071851034867531, -0.10816783585041935, -0.10675822796657906, -0.09336639199575672], "1:2:90:55:0": [-0.10773403246464118, -0.1025583168045813, -0.10982920691369878, -0.10645188982760964], "1:2:0:55:0": [-0.10675973905166677, -0.10800031709602781, -0.10987119754375792, -0.1083538572741453], "1:2:270:55:0": [-0.10986787418300227, -0.10661701517738469, -0.10170971695795478, -0.10585707810720554], "1:3:0:55:0": [-0.10665149838684145, -0.09223826624913847, -0.1099803906496759, -0.10787731586616689], "5:0:270:55:0": [-0.1098970366544801, -0.10830730207699578, -0.10881241826553074, -0.10999961981360154], "5:0:180:55:0": [-0.10922033624835757, 0, -0.10964068322271557, -0.10821216950466436], "5:0:90:55:0": [-0.10994733710135754, -0.10991446057902782, -0.1039352807500754, -0.10961652596693268], "6:0:90:55:0": [0, -0.10997810172794341, -0.10993110980752845, -0.10999266141124993], "6:0:0:55:0": [-0.11, -0.10972219538521692, -0.10960271548639144, -0.10995131286645006], "6:1:90:55:0": [0, -0.10998958055592904, -0.10099081542027231, -0.10028329936821703], "4:1:90:55:0": [-0.10592574817097508, -0.10238119157065462, -0.10928364898076742, -0.1090495831441979], "6:2:180:55:0": [-0.10977597298373806, -0.10796493399259373, -0.10632908150806207, -0.10286717570643644], "6:2:270:55:0": [-0.10106556454343907, 0, -0.104339041416784, -0.10499682086380226], "6:1:180:55:0": [-0.10851115181229495, -0.10964202981930245, -0.10964359367860109, -0.09451055587101005], "6:3:0:55:0": [-0.10827959282610858, -0.1099736665820892, -0.10197205716748652, -0.09583941978772503], "6:4:0:55:0": [-0.10802547691648325, -0.10998126391646823, -0.10999999964302615, -0.11], "6:5:0:55:0": [-0.10770750041849478, -0.10314184498734724, -0.09624875601886193, -0.10525581935022352], "6:6:0:55:0": [-0.10463677573652565, 0, -0.1065636433838733, -0.1053254774066529], "6:6:90:55:0": [0, -0.10693632028634803, -0.10287208830105543, -0.1054732181495235], "5:6:90:55:0": [-0.10320995873448253, -0.10832714910147821, -0.09377427708024663, -0.10962390651390108], "4:6:90:55:0": [-0.10578724044974507, -0.08900623942282992, -0.09369392204950765, -0.0998333402048472], "3:6:90:55:0": [-0.09799861662176551, -0.09678174431674522, -0.09300401521641687, -0.10999977850539952], "4:6:180:55:0": [0, -0.10665238684555724, -0.10267061311556201, -0.08476452527171195], "4:5:180:55:0": [-0.10582086611553522, -0.08047417193005565, 0, -0.07951914677512859], "2:6:90:55:0": [-0.09970968048208043, -0.09986147012966945, -0.10445805273381623, -0.10999738329608004], "4:6:0:55:0": [-0.1073209230118208, 0, -0.10999746075211123, -0.07197296383686559], "4:6:270:55:0": [-0.10690130508371662, -0.1044650589434641, -0.08249115178272863, -0.10106746300257248], "3:6:270:55:0": [-0.1039434444329808, -0.10571328002056857, -0.10975055211268442, -0.10999999999650911], "3:6:0:55:0": [-0.08869756537299665, 0, -0.08765624475327767, -0.09249748220738166], "3:6:180:55:0": [0, -0.09647983572717211, -0.08953041257767787, -0.10788024275006526], "2:0:0:55:0": [0.3400000071525574, -0.10749436234312038, -0.06499999989941073, -0.10999999799081939], "2:2:0:55:0": [-0.08891349622926283, -0.10967122224982621, -0.10327512905259845, -0.0946883338266377], "2:3:0:55:0": [-0.0907647883500456, -0.06742922778138946, -0.10995816194769524, -0.0825], "1:3:90:55:0": [-0.10923848632075987, -0.10867604216763434, -0.11, -0.08059239787761528], "1:3:270:55:0": [-0.09655885823189744, -0.08712320754503902, -0.09370351891565037, -0.10997929523868108], "1:5:0:55:0": [-0.10347562304073618, -0.09913209657256722, -0.103642078664311, -0.07600424198245936], "1:6:0:55:0": [-0.10595367441209015, 0, -0.10993429158988356, -0.09640318296234066], "1:5:270:55:0": [-0.0735119105779231, -0.06949657201933795, -0.0684911416100658, -0.09559135941891164], "1:5:180:55:0": [-0.10219629974692547, -0.08247583067442739, -0.08371162937317629, -0.09378280953768049], "1:4:180:55:0": [-0.10968634590704364, -0.08906232954803675, -0.09693710935854231, -0.1099976090302657], "1:4:90:55:0": [-0.10640456502130693, -0.10569336062812146, -0.09412263414836929, -0.10996462944622457], "0:4:90:55:0": [-0.10929192729377761, 0, -0.10000089207257482, -0.10244855786488546], "0:4:0:55:0": [-0.1045593291384496, -0.10906924067109013, -0.08948598537959407, -0.10721496698034551], "0:3:0:55:0": [-0.104928847555175, -0.10953683243149176, -0.10993668472588188, -0.10804028773965217], "0:2:0:55:0": [-0.10792320465036903, -0.10779594254207829, -0.10660280827686586, -0.09811190543633325], "0:1:0:55:0": [-0.10864634435417223, -0.10861438271270427, -0.1095894199182935, -0.10584597188519461], "0:1:270:55:0": [0, -0.1061586787269209, -0.10246139347343008, -0.10810842654763682], "0:1:180:55:0": [-0.1075816020469997, -0.10781006554084045, -0.10867714041830782, -0.10857156218515868], "0:1:90:55:0": [-0.10715048405405221, 0, -0.10954665391197, -0.10389715952715889], "2:1:90:55:0": [-0.09417233562396184, -0.10551353875658362, -0.09799443603255538, -0.10527073400012392], "2:1:0:55:0": [-0.09990874592714685, -0.09370712109025647, -0.09687552286947303, -0.10362880214084888], "2:0:90:55:0": [-0.1079049527327575, -0.10871206345618067, -0.10807030902784387, -0.10992199463734606], "2:0:180:55:0": [-0.0984564174957801, 0, -0.10974214660499974, -0.10454286515958493], "2:1:180:55:0": [-0.09594839374150496, -0.10691670446055726, -0.10617078870640981, -0.08241608086718723],