{"4:0:0:55:0": [0.34006355386765436, 0.49000000953674316, 0.2752015636928476, -0.10985696953147832], "4:1:0:55:0": [-0.10590492094744151, -0.10997756489273247, -0.096156691039511, -0.10193380232474769], "4:1:180:55:0": [-0.10998385736634998, -0.10292995675852307, -0.10312240204537855, -0.1053320811136231], "4:0:180:55:0": [-0.10722498194143333, -0.06407147274461476, -0.10663541649077526, -0.10716557364138679], "4:0:270:55:0": [-0.1076137202838567, -0.10659268069137673, -0.10986795051292762, -0.09921154554171123], "5:1:90:55:0": [-0.10251227819405145, -0.1009446251872669, -0.10914156024054296, -0.10999277185883312], "5:1:0:55:0": [-0.10880777468227426, -0.1099997427912059, -0.10942128778794957, -0.10506837547051927], "5:0:0:55:0": [0, -0.10985743988389014, -0.10982961853209827, -0.10681052036532039], "5:2:0:55:0": [-0.10557313392487638, -0.1099250021498763, -0.09376090494612419, -0.1082470686708301], "5:2:90:55:0": [-0.09887200161829228, -0.10944327460343181, -0.09481476442489342, -0.10702039474700162], "6:2:90:55:0": [0, -0.10774440201609765, -0.10351364541474568, -0.10004508379457924], "6:2:0:55:0": [-0.10697796827082619, -0.10758599994958014, -0.09377134502641031, -0.109838358069805], "6:1:0:55:0": [-0.10963045662714349, -0.1077927195979429, -0.10763985400288471, -0.10419247634412904], "6:1:270:55:0": [-0.10727509453976379, 0, -0.10167216302097733, -0.10510379710650061], "5:1:270:55:0": [-0.1094386671223751, -0.10948072032684128, -0.10999250773314537, -0.10940171681098831], "4:1:270:55:0": [-0.10518856058015708, -0.10983032500985525, -0.10978011495516629, -0.10292159832706785], "3:0:270:55:0": [-0.10751553323683322, -0.1087042633981943, -0.10634809424942943, -0.10997418776487143], "3:0:180:55:0": [-0.10826790266050813, -0.10999113747242484, -0.10285258923665327, -0.10999220430522702], "2:0:270:55:0": [-0.10934500376440297, -0.10533792877671457, -0.10660714829001654, -0.10957806112949835], "3:0:0:55:0": [0.30678843122867794, -0.03884393852794988, -0.10433220076468797, -0.05971903166057231], "1:0:270:55:0": [-0.1070018463070815, -0.10796248174732462, -0.1080278128643453, -0.10889067891881136], "1:0:0:55:0": [-0.024285714094127928, -0.10965696345747337, -0.10891330716104206, -0.10768645040041457], "1:1:0:55:0": [-0.10847983011121044, -0.10317281190460444, -0.10664097456835714, -0.10996914903030575], "1:1:90:55:0": [-0.10541247922319288, -0.10964962239065337, -0.1098352631957774, -0.10673716618273736], "1:1:180:55:0": [-0.10353596878126547, -0.10007453018983274, -0.10586967603453211, -0.10494100067796834], "1:2:180:55:0": [-0.10174156308734503, -0.10827524724950105, -0.10846750215985371, -0.09336639199575672], "1:2:90:55:0": [-0.10792286309258775, -0.10289657513163092, -0.1098991850022354, -0.10645188982760964], "1:2:0:55:0": [-0.10795216815211817, -0.10840000549394656, -0.10993237988631233, -0.1083538572741453], "1:2:270:55:0": [-0.109874480473852, -0.10661701517738469, -0.10583829486032369, -0.10644892409189047], "1:3:0:55:0": [-0.1080700931078419, -0.0995654879819449, -0.10996406877128735, -0.10815203248369996], "5:0:270:55:0": [-0.10992215448754705, -0.10879292221326466, -0.10889073033444326, -0.10745671615294501], "5:0:180:55:0": [-0.10948313959153494, 0, -0.10970601354582751, -0.10865260366685431], "5:0:90:55:0": [-0.10990639245120826, -0.10933563222569076, -0.10494606727235178, -0.10968143058896841], "6:0:90:55:0": [0, -0.10980785217793536, -0.10995884464024938, -0.10942555286762522], "6:0:0:55:0": [-0.10995076021886331, -0.10984915588724252, -0.10978273320133973, -0.10963255964810155], "6:1:90:55:0": [0, -0.10998936652527681, -0.10227784178880484, -0.104868363704046], "4:1:90:55:0": [-0.10637705214178823, -0.10598273127379883, -0.10933109648887046, -0.1095890752913681], "6:2:180:55:0": [-0.10973432822242626, -0.10750603202682295, -0.10680374709868787, -0.10500702299450464], "6:2:270:55:0": [-0.1047378946412184, 0, -0.10474339560129943, -0.10445287067862208], "6:1:180:55:0": [-0.10901504996709607, -0.10818733866676009, -0.10975306028455731, -0.1020095881770073], "6:3:0:55:0": [-0.10831175463415008, -0.10995457603241493, -0.1043093313638154, -0.10481688199945197], "6:4:0:55:0": [-0.10804283246687943, -0.10867388643001347, -0.10999999964302615, -0.10999965616072466], "6:5:0:55:0": [-0.10668308055863021, -0.10131425034445679, -0.09624875601886193, -0.10666801025918334], "6:6:0:55:0": [-0.1046813331855912, -0.10999999999991422, -0.10660813552869434, -0.10720632651934062], "6:6:90:55:0": [0, -0.10853541607725598, -0.10247976317760445, -0.10702858067566927], "5:6:90:55:0": [-0.10371166302726641, -0.10879071789242248, -0.09542751957745699, -0.10957476946300027], "4:6:90:55:0": [-0.10365912657774133, -0.09583168338845036, -0.097688428947242, -0.0998333402048472], "3:6:90:55:0": [-0.10016209821847712, -0.09846183565573134, -0.09561878202219817, -0.10999985233693302], "4:6:180:55:0": [0, -0.10665238684555724, -0.08200295983667151, -0.08476452527171195], "4:5:180:55:0": [-0.10582086611553522, -0.08047417193005565, 0, -0.07951914677512859], "2:6:90:55:0": [-0.10131127105052494, -0.1010803473606058, -0.10445805273381623, -0.10999738329608004], "4:6:0:55:0": [-0.10786106020942496, 0.0, -0.09199847645109781, -0.08034486464158312], "4:6:270:55:0": [-0.10589763759468876, -0.10668986747801353, -0.08249115178272863, -0.10167470818829372], "3:6:270:55:0": [-0.1038807092221852, -0.10729692226991622, -0.10421597000109886, -0.10999999999650911], "3:6:0:55:0": [-0.10228160900475375, 0, -0.08765624475327767, -0.08672469178796131], "3:6:180:55:0": [0, -0.10155662747639985, -0.08953041257767787, -0.10788024275006526], "2:0:0:55:0": [-0.02997276652335487, -0.1084002323007251, -0.06499999989941073, -0.11026391415411808], "2:2:0:55:0": [-0.0901538645128254, -0.10915373790480642, -0.10549314668581465, -0.09724021647312696], "2:3:0:55:0": [-0.0907647883500456, -0.07532531913745892, -0.10885093510805174, -0.0825], "1:3:90:55:0": [-0.10940832646870975, -0.10888121582097561, -0.10988869179004254, -0.09039446139119733], "1:3:270:55:0": [-0.09834927025501765, -0.09306160377251921, -0.104876181390547, -0.10976462915064267], "1:5:0:55:0": [-0.10510112386360987, -0.10200069153890937, -0.10488077891689043, -0.07600424198245936], "1:6:0:55:0": [-0.10654527055607285, 0, -0.10993824260276107, -0.09844957866044207], "1:5:270:55:0": [-0.07526187767121192, -0.06949657201933795, -0.07939154947822308, -0.09559135941891164], "1:5:180:55:0": [-0.10301774187882806, -0.08506401557430204, -0.09168603587271999, -0.09378280953768049], "1:4:180:55:0": [-0.10972816645277114, -0.09094085479412475, -0.10135153377276176, -0.1099976090302657], "1:4:90:55:0": [-0.10659379844123808, -0.10633853417847687, -0.09913223748512782, -0.10997347208466843], "0:4:90:55:0": [-0.10958851049270582, 0, -0.10512433977571199, -0.10345531934071112], "0:4:0:55:0": [-0.10557955918845092, -0.10921110070794182, -0.10180205088918257, -0.10765470903042093], "0:3:0:55:0": [-0.10586738695337156, -0.10947623302009996, -0.10996500083483897, -0.108515369497204], "0:2:0:55:0": [-0.10804191700550701, -0.10808928258156184, -0.10707078876869155, -0.09870630900538198], "0:1:0:55:0": [-0.10771034172538371, -0.10866941772090687, -0.10983672125703872, -0.10626137469641402], "0:1:270:55:0": [0, -0.1074614104508986, -0.10507846141730834, -0.10810842654763682], "0:1:180:55:0": [-0.10813847276914144, -0.10736737932284073, -0.10921883598207538, -0.10886422050359687], "0:1:90:55:0": [-0.10801951981003341, 0, -0.10973629128684351, -0.1048966409238522], "2:1:90:55:0": [-0.09650483353200956, -0.10632819842707689, -0.10402627435588455, -0.10814716619822919], "2:1:0:55:0": [-0.10173669850108123, -0.09526683042337823, -0.10155311583948493, -0.10700486917535672], "2:0:90:55:0": [-0.10825397390737221, -0.10863003432941257, -0.108389706044696, -0.10990606833091761], "2:0:180:55:0": [-0.1046529409028913, 0, -0.10982809773638634, -0.10264552503970485], "2:1:180:55:0": [-0.09782194117507938, -0.10309941886237742, -0.10794751657063335, -0.10097389929395229],