{"0:0:0:55:0": [-0.10863940374144636, -0.10352115187196065, -0.07100719245833156, -0.10973309337267487], "0:1:0:55:0": [-0.101052895538183, -0.10851811948145505, -0.1000213455910996, -0.04836000645470425], "0:0:90:55:0": [-0.09244994785170695, -0.03759538090874192, -0.09308249850347955, -0.10991033337284871], "0:0:270:55:0": [-0.08544022821387036, -0.10999779881613084, -0.10969414813610318, -0.10770970766030441], "0:1:90:55:0": [-0.07535917677898014, -0.09480836109575912, -0.10745927607055128, -0.0884887211922227], "0:1:270:55:0": [-0.0348456735703139, -0.09355387537092608, -0.10952493405678247, -0.10887999426151725], "1:1:270:55:0": [-0.09383684780864349, -0.10989458782718477, -0.036793597090358635, -0.08273624834808453], "1:1:0:55:0": [0.018735516246876652, -0.09401768944377735, -0.06858457344111897, -0.09716681221769573], "1:1:90:55:0": [-0.09934280005119955, -0.0886331913597884, -0.09751700259373189, -0.10536545127043274], "1:1:180:55:0": [-0.08655970854794867, -0.08689807043733519, -0.09095891529213142, -0.08470191714436678], "1:0:180:55:0": [-0.1050697383953159, -0.09934962426396812, -0.10157692867773287, -0.0846270569066359], "1:0:90:55:0": [-0.10086109699172893, -0.10105854620338083, -0.08629289441972486, -0.10990574288389074], "2:0:90:55:0": [-0.09775585331468692, -0.09599889515630575, -0.09508290292285082, -0.06765475742386913], "3:0:90:55:0": [-0.06325660336533288, 0.005723425163418795, -0.10851237032676081, -0.102546885240241], "3:0:0:55:0": [-0.07726085972354661, -0.09203744655027031, -0.10960425111510233, -0.02600148842681783], "4:0:270:55:0": [-0.08673268343379519, -0.10713593043119203, -0.09983975441321796, -0.020907197692141905], "3:0:270:55:0": [-0.08033785631047313, -0.10585774779381305, -0.07668320736906006, -0.009956850927024946], "4:0:0:55:0": [-0.10807478997795189, -0.0934463185804231, -0.09609142615450061, -0.025300145944705466], "4:0:180:55:0": [-0.07483007563222727, 0.019154390135917458, -0.06989788863211698, -0.1031765837264289], "4:0:90:55:0": [-0.10285439388658106, 1.0323633299289545e-05, -0.10078337500253258, -0.08562620336833443], "3:0:180:55:0": [-0.09412109092476598, -0.061015851690533966, -0.0898167759839158, -0.007867246098759202], "2:0:270:55:0": [-0.06585368512078313, -0.08797988869398081, -0.08101401968134199, -0.09483910167371823], "2:0:0:55:0": [0.020244900202766605, -0.09231672652279412, -0.10053967224820587, -0.08405526068514904], "4:1:180:55:0": [-0.04907754707007583, 0.04263908282282863, -0.10650929840018926, -0.09541974180099817], "4:2:180:55:0": [-0.05376279027309276, 0.04965646734026983, -0.08540330852692356, -0.09349020573585227], "4:3:180:55:0": [-0.007951684100034169, 0.1067956430751664, -0.02640941962039723, -0.02891244144233354], "4:4:180:55:0": [-0.07461200096743949, -0.10999999933678203, 0.01995331656059968, 0.23634927407499734], "4:5:180:55:0": [-0.1099999965762369, -0.1099999985261823, -0.10999999775366906, 0.05182426835586666], "4:6:180:55:0": [-0.10999999836242476, 0, 0, 0.17338123477427408], "4:5:90:55:0": [0.8480220166492463, 0.09752481560438872, -0.09159390089935505, -0.07718440476251195], "4:5:270:55:0": [0.20863867513705986, 0.6233967040318846, 0, 0.09911381709380808], "4:4:270:55:0": [-0.04544279536890691, -0.030936013439531403, 0.2001823816378285, 0.07483992419584082], "3:4:270:55:0": [0.05182580668144615, 0.02481435509805644, -0.003938416347992739, 0.030381814628533357], "3:4:180:55:0": [-0.10966728667931844, -0.08130773040631308, 0.05294670976104789, -0.10720236184294728], "3:4:0:55:0": [0.03997008629552317, 0.1194988752190532, 0.06553231551885759, 0.07984661657039917], "3:3:0:55:0": [0.19447311382314483, 0.1050550034761429, 0, -0.013225245489958654], "3:3:270:55:0": [-0.047177268421063456, -0.04111288879708789, 0.12675537763003158, -0.11], "4:3:270:55:0": [-0.017591144989382974, -0.04565567937261303, -0.07415784907425402, -0.05520846749872845], "4:3:0:55:0": [-0.016753114346722935, -0.10999998152333584, -0.10483338995955475, -0.1095144194404234], "4:3:90:55:0": [-0.03185710420714977, -0.07250747386001069, -0.03566617878200643, -0.09456123626164241], "5:3:90:55:0": [-0.04284126941358696, -0.08057152452414311, -0.08539452175583585, -0.05518661164956245], "4:2:0:55:0": [-0.10938353953554618, -0.09457728176076158, -0.0995137538905718, -0.10584950383268858], "4:2:270:55:0": [-0.10539808764323738, -0.10998155201895574, -0.09432450715773401, -0.09546405640064184], "3:2:270:55:0": [-0.10999554271098039, -0.09779502686405835, -0.10995223746822586, -0.10553617080748678], "2:2:270:55:0": [-0.0827682420359317, 0.011232406285345834, -0.08631758314863829, -0.09297454167883837], "2:2:180:55:0": [-0.09279427636700907, -0.1098742888927928, -0.06300390523941243, -0.10481494601632926], "2:2:0:55:0": [-0.09084512649637287, -0.08875226796594571, -0.09620611273693364, 0.010425329688510817], "2:2:90:55:0": [-0.09619341019255884, -0.0927350628476652, -0.058412598926588975, -0.08985846529741004], "1:2:270:55:0": [-0.10994400540223831, -0.07324973118327226, -0.10781935230339931, 0.03175763619023029], "1:2:0:55:0": [0.07274170585938541, -0.07177712745928533, -0.09400888683422431, -0.02895676908736256], "1:2:90:55:0": [-0.09259709666870868, -0.06369122949069092, -0.09058387284568165, -0.094654331521412], "1:2:180:55:0": [-0.0738850169345215, 0.05900630499299616, -0.07063473292908745, -0.09933994997511762], "0:1:180:55:0": [-0.09537897866394943, -0.09930070399065562, -0.04620833765910948, -0.10857004320597631], "0:2:180:55:0": [-0.10922002327974288, -0.04520794218926069, -0.10635309260940999, -0.09100235059452472], "1:0:270:55:0": [-0.07869903600673471, -0.09760809346393494, -0.09965218333926813, -0.10170029100220475], "2:1:0:55:0": [0.055946333972556384, -0.08641814089233706, -0.09517264804664023, -0.08048759505258478], "2:1:270:55:0": [-0.10097370525527956, -0.08713984377429497, -0.06360301867813428, -0.09985868985523655], "3:1:270:55:0": [-0.03078159083630888, -0.09272046383974457, -0.10999880497541502, -0.08867345079397826], "2:1:90:55:0": [-0.09378335543473153, -0.0936025364566825, -0.10017491104751836, -0.1016314543533959], "2:1:180:55:0": [-0.09692026321594012, -0.10243181261489737, -0.10885461399390459, -0.06979142519348994], "2:0:180:55:0": [-0.106982936157223, -0.09572664091033584, -0.09964808104013395, -0.09311404181218143], "2:3:180:55:0": [-0.10769291930416217, -0.10963031853257603, -0.10971379658249068, -0.01992883295271656], "2:3:270:55:0": [-0.10949289236293007, 0.09469848029436738, -0.0029459096273510496, -0.0920325599945164], "2:3:0:55:0": [0.2328905056309563, -0.10912040530176176, -0.10726334532067786, 0], "0:2:90:55:0": [-0.04514394070097148, -0.08634848816472498, -0.09173053831850414, -0.11207814772721458], "0:2:270:55:0": [-0.0912043271213926, -0.07631709864031433, -0.08342781004859444, -0.06530684344463969], "0:2:0:55:0": [-0.10315181232700471, -0.09642492570829951, -0.1033347368937275, -0.045186135021740494], "1:3:180:55:0": [-0.07472170542149484, 0.07123901709296504, -0.0824999999989274, -0.09382780356516728], "1:3:90:55:0": [0.08084781575920459, -0.08378573416052516, -0.10918928427995576, -0.1099955739830186], "1:4:180:55:0": [-0.061578365537221416, -0.10957060438189473, -0.05764834839886514, 0.08811272265095033], "1:4:270:55:0": [-0.05753848263740878, 0.04802203437358537, -0.10271804176020755, -0.06349093927383519], "1:4:0:55:0": [0.03505236883926344, -0.10864856555127116, -0.05412865562860645, -0.09499352972748804], "1:3:0:55:0": [-0.0284110324546004, -0.108310706922761, 0.09306446640523319, -0.09923367768344708], "0:0:180:55:0": [-0.09583977836760954, -0.09359450123280298, -0.07799306776738857, -0.09977064569507821], "1:4:90:55:0": [0.01585045554379443, 0.17075208264283573, -0.041369567841334116, -0.029482786857054428], "0:4:90:55:0": [0.07103561962989154, -0.004383846787844431, -0.09641205122051265, 0.10567386392427633], "0:4:0:55:0": [0.20540745963443166, -0.01742584321788697, 0.031097587781267366, 0.011607493274094369],