{"4:0:0:55:0": [0.290000011991223, -0.10354105482701692, -0.10879161724260593, -0.10989786669332816], "4:1:0:55:0": [-0.10908916470041985, -0.10997195612502357, -0.10047058195947024, -0.09652110025083757], "4:1:180:55:0": [-0.10997811994646998, -0.1018581532832537, -0.1015095559378735, -0.10355528617093614], "4:0:180:55:0": [-0.10447163112352979, -0.06407147274461476, -0.10296503503586882, -0.10546491829704294], "4:0:270:55:0": [-0.10534074413426367, -0.10663449291218781, -0.10979263014252916, -0.10111025085772991], "5:1:90:55:0": [-0.09107081276601953, -0.09839880162619341, -0.10914156024054296, -0.10998255497610092], "5:1:0:55:0": [-0.10980290239362966, -0.10999956989781753, -0.10929975822341938, -0.09832791464274493], "5:0:0:55:0": [0, -0.10999845050766445, -0.1097465399651049, -0.1099999845291223], "5:2:0:55:0": [-0.10551926422395044, -0.10987081613353525, -0.09376090494612419, -0.10638789250306666], "5:2:90:55:0": [-0.09403786006632232, -0.10895548365059533, -0.09481476442489342, -0.10488872971385432], "6:2:90:55:0": [0, -0.1064736297720562, -0.1016604643274129, -0.09895894877508708], "6:2:0:55:0": [-0.10462967678286182, -0.10499316856379848, -0.09236361469363243, -0.10980448753152745], "6:1:0:55:0": [-0.10806596347065217, -0.10563011355885779, -0.10763985400288471, -0.10001679430566299], "6:1:270:55:0": [-0.10462651072364346, 0, -0.09617902521808493, -0.10079706476746882], "5:1:270:55:0": [-0.10933892158695978, -0.1089752929514679, -0.10999999999995642, -0.10845484228086838], "4:1:270:55:0": [-0.10659328023600037, -0.10975456159057612, -0.10976458495444283, -0.09866310448079675], "3:0:270:55:0": [-0.10518462728227058, -0.10969125035333635, -0.10996790483038082, -0.10991723103955257], "3:0:180:55:0": [-0.10995760337697992, -0.10999113747242484, -0.10327412394661284, -0.10997435748502145], "2:0:270:55:0": [-0.10890978305872598, -0.10493110598276897, -0.10520535625300872, -0.10999569976640611], "3:0:0:55:0": [-0.10999999999999999, 0.3049856232518133, -0.10526093799655523, -0.10931080827586924], "1:0:270:55:0": [-0.10621131806111865, -0.1089743869985834, -0.10186693297771482, -0.10891862315385006], "1:0:0:55:0": [-0.043333333184289946, -0.10999949314905855, -0.10651940027745611, -0.10681886960420066], "1:1:0:55:0": [-0.10765406818924637, -0.09988598770898283, -0.10242138885973338, -0.1099500662015109], "1:1:90:55:0": [-0.10435382067946873, -0.10951818974552753, -0.10969129467469563, -0.10440638179526757], "1:1:180:55:0": [-0.1012702519596369, -0.09709956575070783, -0.10230505582175076, -0.10076242259773556], "1:2:180:55:0": [-0.09795010209211319, -0.10804569157378063, -0.10675822796657906, -0.09336639199575672], "1:2:90:55:0": [-0.10773403246464118, -0.10179586822122345, -0.10982920691369878, -0.10645188982760964], "1:2:0:55:0": [-0.10675973905166677, -0.1070150505923214, -0.1098454370525095, -0.1083538572741453], "1:2:270:55:0": [-0.10985232996923783, -0.10526382124833855, -0.10170971695795478, -0.10502849372864666], "1:3:0:55:0": [-0.1063939213396754, -0.08927797729066156, -0.1099803906496759, -0.10745277903940027], "5:0:270:55:0": [-0.10988576403215886, -0.10770140691300244, -0.10872121477256995, -0.1099995564492018], "5:0:180:55:0": [-0.10917866161220298, 0, -0.10953820282980699, -0.10821216950466436], "5:0:90:55:0": [-0.1099167661073809, -0.10989876159726364, -0.10022067774818384, -0.10961652596693268], "6:0:90:55:0": [0, -0.10995714456770853, -0.10981333013453237, -0.10998885378106683], "6:0:0:55:0": [-0.11, -0.10928456397964374, -0.1095197267678396, -0.10990124218749027], "6:1:90:55:0": [0, -0.10997376019145118, -0.09676346722596993, -0.09812403256115773], "4:1:90:55:0": [-0.10565413138237607, -0.10129279036646255, -0.10928364898076742, -0.1090495831441979], "6:2:180:55:0": [-0.10976797201887156, -0.10705951632160267, -0.10522780596049967, -0.10286717570643644], "6:2:270:55:0": [-0.10087945987937819, 0, -0.10264086818023099, -0.10499682086380226], "6:1:180:55:0": [-0.10845600928682439, -0.10951578748771361, -0.10908759981721877, -0.09087722947039553], "6:3:0:55:0": [-0.1080585682933517, -0.10995770311754659, -0.10197205716748652, -0.09583941978772503], "6:4:0:55:0": [-0.10793962808676513, -0.10996512002067618, -0.10999999964302615, -0.11], "6:5:0:55:0": [-0.10759287543941952, -0.09918285535517361, -0.09624875601886193, -0.10288379441756713], "6:6:0:55:0": [-0.1038385938330046, 0, -0.10606457849275942, -0.10211083498115867], "6:6:90:55:0": [0, -0.10340578501565637, -0.10166135148406555, -0.10284522210694279], "5:6:90:55:0": [-0.1004798224157615, -0.10722096351013793, -0.09197141897805182, -0.10943586037748193], "4:6:90:55:0": [-0.10462666588523122, -0.08305601469241362, -0.09369392204950765, -0.0998333402048472], "3:6:90:55:0": [-0.09560529910407121, -0.09586311275219962, -0.09130441673805856, -0.10999955703072457], "4:6:180:55:0": [0, -0.10143831716334771, -0.10267061311556201, -0.0763527003622826], "4:5:180:55:0": [-0.10185523782615931, -0.050951, 0, -0.07951914677512859], "2:6:90:55:0": [-0.09787102223886551, -0.09862979671003072, -0.10395423934598134, -0.10999500200419476], "4:6:0:55:0": [-0.1073209230118208, 0, -0.10999746075211123, -0.08063512447634319], "4:6:270:55:0": [-0.10641609995754359, -0.10182332466193877, 0, -0.10106746300257248], "3:6:270:55:0": [-0.102773582344197, -0.10415386084280537, -0.10967468530026349, -0.10999999999454549], "3:6:0:55:0": [-0.07974278809835694, 0, -0.08296405615146599, -0.09249748220738166], "3:6:180:55:0": [0, -0.02, -0.08953041257767787, -0.10999960132765212], "2:0:0:55:0": [0.49000000953674316, -0.10389972970631638, -0.06499999989941073, -0.10999999720650264], "2:2:0:55:0": [-0.08750772931121369, -0.10967122224982621, -0.1023144332036932, -0.0946883338266377], "2:3:0:55:0": [-0.08948244090671531, -0.06742922778138946, -0.10995816194769524, -0.0825], "1:3:90:55:0": [-0.10923848632075987, -0.10848690533443925, -0.11, -0.08059239787761528], "1:3:270:55:0": [-0.09543876383300973, -0.08712320754503902, -0.09370351891565037, -0.10997929523868108], "1:5:0:55:0": [-0.10347562304073618, -0.09867926726309086, -0.103642078664311, -0.07600424198245936], "1:6:0:55:0": [-0.10581253602330726, 0, -0.10992699065542617, -0.09504350125857472], "1:5:270:55:0": [-0.0735119105779231, -0.06949657201933795, -0.06256855510844742, -0.09559135941891164], "1:5:180:55:0": [-0.09718829323072044, -0.0790353095087308, -0.07713953671911768, -0.09378280953768049], "1:4:180:55:0": [-0.10960121641190006, -0.08906232954803675, -0.09693710935854231, -0.10999681204035427], "1:4:90:55:0": [-0.10640456502130693, -0.10542419566738245, -0.09412263414836929, -0.10996462944622457], "0:4:90:55:0": [-0.10929192729377761, 0, -0.10000089207257482, -0.10181927102029668], "0:4:0:55:0": [-0.1040318896837467, -0.10882915216520202, -0.08948598537959407, -0.10721496698034551], "0:3:0:55:0": [-0.1044084223957726, -0.109404170541693, -0.10992402167105826, -0.10779532370710869], "0:2:0:55:0": [-0.1076883249734571, -0.10658022331120105, -0.10592336993223903, -0.09811190543633325], "0:1:0:55:0": [-0.10879813360122599, -0.10809431117898387, -0.1095894199182935, -0.10584597188519461], "0:1:270:55:0": [0, -0.10587159798431132, -0.10246139347343008, -0.10810842654763682], "0:1:180:55:0": [-0.1075816020469997, -0.1073697788422613, -0.10867714041830782, -0.10841284687239852], "0:1:90:55:0": [-0.10713109959183488, 0, -0.10951178113596773, -0.10389715952715889], "2:1:90:55:0": [-0.09318310660046251, -0.10495273110115666, -0.09799443603255538, -0.10527073400012392], "2:1:0:55:0": [-0.09937762729242158, -0.09099164127290381, -0.09687552286947303, -0.10256693583099945], "2:0:90:55:0": [-0.10730710112539157, -0.10999135740371623, -0.10758788628978622, -0.10992199463734606], "2:0:180:55:0": [-0.0984564174957801, 0, -0.10969058299281638, -0.10454286515958493], "2:1:180:55:0": [-0.09477742655329705, -0.10671115404193393, -0.10617078870640981, -0.08241608086718723], "3:1:90:55:0": [-0.1052693294070098, -0.09117104349149313, -0.09624999999991819, -0.09889682605275221],