{"3:0:0:56:0": [0.2411405822841507, -0.024, -0.0545152, 0], "3:0:0:55:0": [0.3154011558903454, 0.16639273084801817, -0.089061376, -0.0869209513984], "3:1:0:55:0": [0.3370054614605464, -0.05217792, -0.054784000000000006, -0.0540469641216], "3:0:90:55:0": [-0.0832110592, 0.013916879083541167, -0.0739348627456, -0.07069163519999999], "4:0:90:55:0": [-0.08627979878400001, -0.0751215771648, -0.0713997533184, -0.09460475019730169], "4:0:180:55:0": [-0.06784, 0.08857323506021145, -0.055394304000000005, -0.0686583808], "5:0:90:55:0": [-0.06656266240000001, -0.0694960128, -0.06399486853120001, -0.0718161887232], "6:0:90:55:0": [-0.06961291264000001, -0.064, -0.0645376, -0.05563801600000001], "6:0:180:55:0": [-0.064, -0.05743615999999999, -0.051584000000000005, -0.050688], "6:1:180:55:0": [-0.059392000000000014, -0.04979712000000001, -0.04595200000000001, -0.055215104], "6:0:0:55:0": [-0.06500270080000001, -0.055659520000000004, -0.057361408, -0.0514816], "6:1:0:55:0": [-0.05690470400000001, -0.06546001920000001, -0.054295552, -0.04979712000000001], "6:2:0:55:0": [-0.049182720000000006, -0.0397824, -0.049024000000000005, -0.05510144], "6:1:90:55:0": [-0.063260672, -0.057304064, -0.049694720000000005, -0.06200320000000001], "5:1:90:55:0": [-0.056474624, -0.05856256000000001, -0.06745907200000001, -0.0679569408], "4:1:90:55:0": [-0.058352640000000004, -0.05650944, -0.067321856, 0.13744796346592653], "4:1:0:55:0": [-0.029172383628606496, -0.0719717236736, -0.06641664, 0.2238691914493239], "4:0:0:55:0": [0.2107716088743264, -0.08093029580799999, -0.08487076289405202, -0.082884513792], "4:2:0:55:0": [-0.03945472, -0.044800000000000006, 0.30746837309279995, -0.048512000000000007], "6:1:270:55:0": [-0.05376, -0.0486656, -0.05581393920000001, -0.037888], "5:1:270:55:0": [-0.0576227328, -0.05617152, -0.05877760000000001, -0.051717120000000005], "5:1:180:55:0": [-0.06347878400000001, 0.01823878687029762, -0.06144000000000001, -0.06264832000000001], "5:0:180:55:0": [-0.05757026303999999, -0.06272000000000001, -0.0564297728, -0.0720737845248], "5:0:270:55:0": [-0.06235238400000001, -0.08304029696000001, -0.06711568302080001, -0.06556672000000001], "5:2:180:55:0": [-0.05240832, -0.0352, 0.07346531630544642, -0.048], "5:2:270:55:0": [-0.054327296000000004, 0.17036592057363453, -0.048742400000000005, -0.047360000000000006], "4:2:270:55:0": [-0.05493248, -0.035712, -0.03264, 0.2545534479090368], "4:3:0:55:0": [-0.019968, -0.032, -0.035712, 0.1423216167974781], "4:4:0:55:0": [0.07600128183105465, -0.028800000000000006, 0.23697540094423994, 0.3662427322736755], "4:5:0:55:0": [-0.032, 0.31476118923179364, -0.01984, -0.019200000000000002], "4:5:90:55:0": [0.4073886253887926, -0.016, -0.019200000000000002, 0.15772291314034353], "4:5:180:55:0": [-0.019968, -0.035865600000000004, 0, -0.019200000000000002], "4:6:180:55:0": [-0.019968, -0.03264, -0.032793600000000006, -0.032], "4:6:90:55:0": [-0.038272, -0.016, -0.032, -0.016], "5:6:90:55:0": [-0.028800000000000006, -0.035199999999999995, -0.019200000000000002, -0.019200000000000002], "6:6:90:55:0": [-0.03264, -0.035199999999999995, -0.03712, -0.03776], "6:6:0:55:0": [-0.032, -0.035199999999999995, -0.03456, -0.032], "5:6:180:55:0": [-0.019200000000000002, -0.016, -0.016, -0.03264], "5:5:180:55:0": [-0.032768000000000005, -0.019200000000000002, -0.019200000000000002, -0.019200000000000002], "5:6:0:55:0": [-0.01984, -0.019200000000000002, -0.03136, -0.03712], "5:5:0:55:0": [-0.016, -0.019200000000000002, 0, -0.019200000000000002], "5:4:0:55:0": [-0.019200000000000002, -0.035199999999999995, -0.032, -0.016], "5:3:0:55:0": [-0.032, -0.032, -0.03584, -0.03264], "5:3:270:55:0": [-0.05393920000000001, -0.019968, -0.035712, -0.03264], "4:3:270:55:0": [-0.0358144, -0.03264, -0.0352, 0.21777809056613331], "5:3:180:55:0": [-0.04544000000000001, -0.03776, -0.032, -0.016], "3:3:270:55:0": [-0.019200000000000002, 0.36036258578020164, -0.019200000000000002, -0.01984], "2:3:270:55:0": [0.22480820218645042, 0.20795122881448141, 0.12772352375, 0.39699597825373983], "1:3:270:55:0": [0.38609021237747426, -0.05081088, -0.019200000000000002, 0.3513727527841159], "0:3:270:55:0": [-0.035353600000000006, -0.0391424, -0.039040000000000005, -0.04930662400000001], "0:3:0:55:0": [-0.019999744, -0.035328000000000005, -0.050094080000000006, -0.039954432000000005], "0:3:180:55:0": [0.07797155038257106, -0.032793600000000006, -0.051334144, -0.0358144], "0:4:180:55:0": [-0.0353536, -0.0352, -0.019200000000000002, -0.032], "0:3:90:55:0": [-0.035968, -0.037632, -0.032768000000000005, -0.03903488], "0:2:0:55:0": [-0.039984128, -0.06880788316160001, -0.054378496, 0.05885454626214461], "0:1:0:55:0": [0.002071370213845951, -0.07486271848447965, -0.0550658048, 0.25895035173951303], "0:1:270:55:0": [0.29118265213671185, -0.012344920369821244, -0.065896644608, 0.06275078120883211], "1:1:270:55:0": [-0.052454367232000004, -0.01671277542407332, 0.33177119183535114, -0.04929229960218555], "1:1:180:55:0": [-0.05391339519999999, -0.05474258124800001, -0.02887297450273193, -0.025682377372903915], "2:1:270:55:0": [-0.039193550848000004, 0.24112372133146248, -0.049429504000000006, -0.05247488], "1:1:0:55:0": [0.33702166624804325, 0.038256672484745166, 0.08143830038561124, 0.2565087303705229], "1:2:0:55:0": [0.3507443561548206, 0.2118683383352128, 0.13394336409897536, 0.13145663808381788], "1:2:90:55:0": [0.050004189998958344, 0.11592209123442003, 0.2860648386451058, 0.058750193434588996], "1:2:180:55:0": [0.12951131929915216, 0.30035425007889305, -0.051846144, 0.09927999716744401], "0:2:90:55:0": [0.04832894337051774, 0.26295953770701685, 0.0670452213277857, -0.05056], "0:2:180:55:0": [-0.054404096, -0.00766149773871521, -0.04922570762729625, 0.2290421471265589], "0:4:270:55:0": [-0.0398065664, -0.016, -0.016, -0.032], "1:4:270:55:0": [0.3481534918413441, -0.03535872, 0.18775245300000007, 0.33271118065940186], "1:2:270:55:0": [-0.057206579199999996, -0.0391424, 0.2666383507981842, -0.052281745408000006], "2:2:90:55:0": [0.06922771446282372, 0.09026661696692005, 0.13429499764881248, -0.039046144000000005], "0:2:270:55:0": [0.3145824770656323, -0.0383744, -0.055624704000000004, -0.032700134534120316], "3:2:90:55:0": [-0.0398016512, -0.03776, 0.3794922641303539, -0.032768000000000005], "1:0:180:55:0": [-0.07070183424, -0.058122240000000006, -0.06592839680000001, -0.0769867956224], "1:0:270:55:0": [-0.08109056, -0.08473243641708544, -0.074153923444736, -0.07158330294272], "1:0:0:55:0": [0.2953934169630732, 0.17921782525555532, -0.07760321478655999, -0.07638126592], "0:0:270:55:0": [-0.07547273216, -0.0812544, 0.158447877245308, -0.07964676096000001], "0:0:0:55:0": [0.221859818924075, -0.024247885273177873, -0.08933077401599991, -0.07779725770752001], "0:0:180:55:0": [0.04897427502961811, 0.18898332191587897, 0.048592223135251106, -0.07247477997568001], "0:0:90:55:0": [-0.071168, -0.076898432909312, 0.19216174521139331, -0.072096767868928], "1:0:90:55:0": [-0.0580666239224202, -0.07074266054656, -0.05915177713664, -0.075661857652736], "1:1:90:55:0": [-0.006792519253570911, -0.048153600000000005, -0.05399040000000001, 0.3000657196385195], "2:1:90:55:0": [0.1736489077432798, -0.048256, -0.0358656, -0.03955712], "2:1:0:55:0": [0.32591160081297593, -0.054400000000000004, 0.020287004613716936, -0.055602585600000004], "2:0:0:55:0": [0.30820610760472306, 0.11819774211240444, -0.084182745481216, -0.08477268787200001], "2:2:0:55:0": [0.36960927894225076, -0.03712, -0.0547414016, 0.17768155387279128], "2:2:180:55:0": [-0.052654080000000006, 0.3938435855181306, -0.0578760704, -0.03987456], "2:2:270:55:0": [-0.0395829248, -0.05399552, -0.039681024, 0.38573888874823903], "3:2:270:55:0": [-0.0352, -0.057776496639999994, -0.047616000000000006, 0.3611250491531035], "3:2:0:55:0": [0.3370510766437182, -0.062459856486400005, 0.21013566015999993, -0.03904], "3:2:180:55:0": [0.11920896375000005, 0.32723763230723696, -0.037632, -0.035328000000000005],