{"3:0:0:56:0": [0.25974621635762385, -0.015, 0, 0], "3:0:0:55:0": [0.25735743338838807, -0.051875000000000004, -0.061914062500000006, -0.05296875], "3:1:0:55:0": [0.304917846016136, -0.033437499999999995, 0.04798274930603619, 0.16188521615348717], "3:1:270:55:0": [-0.0428125, -0.034999999999999996, 0.12679573145329748, -0.041113280719146134], "3:0:90:55:0": [-0.06361328125, -0.0513671875, -0.05318481406371575, -0.04875], "2:0:90:55:0": [-0.06867187500000001, -0.06068359375000001, -0.05478759709600126, -0.064140625], "2:0:0:55:0": [0.21427448383265774, -0.069365234375, -0.06859375000000001, -0.0722998046875], "2:0:270:55:0": [-0.0692724609375, -0.07913085933134426, -0.0683935546875, -0.0691650390625], "3:0:270:55:0": [-0.05814453125, -0.068203125, -0.054453125, -0.05759765602648258], "3:0:180:55:0": [-0.049374999999999995, -0.005040586577815698, -0.053359375, -0.05], "3:1:180:55:0": [-0.04656249999999999, 0.0668460117331415, -0.03125, -0.034374999999999996], "2:1:270:55:0": [-0.045546875, -0.04359375, 0.041818763900578565, -0.040664062281139196], "4:1:270:55:0": [-0.034687499999999996, -0.039999999999999994, -0.03375, -0.03625], "3:1:90:55:0": [-0.036875000000000005, -0.0371875, -0.03304687488824129, -0.036875], "1:1:270:55:0": [-0.055292968750000004, -0.058222656250000004, -0.0558203125, 0.04882082972538007], "2:1:0:55:0": [0.24756827867633355, -0.03227080504430306, -0.03730468708090484, -0.044453124999999996], "2:2:270:55:0": [0.28308932607739057, -0.0175, -0.01, -0.0175], "1:2:270:55:0": [0.15392245701619622, -0.029218749999999998, -0.02992187486961484, -0.041874999999999996], "0:2:270:55:0": [0.023669415266456408, -0.043125, -0.051796875, -0.0390625], "0:2:0:55:0": [-0.06331054687500001, -0.06214843750000001, 0.07220919860756854, -0.07067871080245823], "0:1:0:55:0": [-0.0810585021803854, -0.08818977355957033, -0.082177734375, 0.09480266617308389], "0:1:270:55:0": [0.02981340494798386, -0.07906250000000001, -0.0728936767578125, -0.07650146484375], "1:1:180:55:0": [-0.05953125000000001, 0.21304915153121035, -0.045937500000000006, -0.06187103247488267], "1:1:90:55:0": [-0.05136718750000001, -0.05560546875, 0.0755856526689503, -0.0573046875], "1:2:180:55:0": [-0.051484375, 0.23379090019941767, -0.030097655979916448, -0.038125], "1:2:90:55:0": [-0.035625000000000004, -0.035625, 0.10493397299794566, -0.03617187486961484], "1:2:0:55:0": [0.16410019503579554, -0.0564453125, -0.0325, -0.024999999999999998], "1:1:0:55:0": [0.1983288768996177, -0.067802734375, -0.029650961603890837, -0.049062499999999995], "1:0:0:55:0": [0.1546464480078648, -0.07029296875, -0.07057617187500001, -0.06546874999999999], "2:1:90:55:0": [-0.0531640625, -0.040624999999999994, -0.0409375, -0.045703125], "3:2:180:55:0": [-0.01901672252424759, 0.002187500894069678, 0.17034081588743888, 0.04604004122084007], "3:2:270:55:0": [0.025035402592620833, -0.024999999999999998, 0.2763554350988706, 0.032873537434497856], "4:2:270:55:0": [-0.014518126067559924, 0.15604101533948495, -0.0325, -0.027187499552965164], "4:2:0:55:0": [0.3658854487997749, 0.09391683815195523, 0.2534352200010044, -0.039296874888241295], "4:1:0:55:0": [0.3242453910108474, -0.043828125, -0.031249999999999997, -0.04234375], "5:1:270:55:0": [-0.0325, -0.0325, -0.033125, -0.036875], "4:1:90:55:0": [-0.0359375, -0.0375, -0.035625, 0.12424303895446351], "2:1:180:55:0": [-0.035625, 0.09837279827150083, -0.044375, -0.0390625], "2:2:180:55:0": [-0.030927733700955286, 0.22989046933595847, -0.0029687490314245155, -0.019999999999999997], "2:2:0:55:0": [0.23903119039823933, -0.039375, 0.031315105811594905, -0.02875], "2:0:180:55:0": [-0.05705078114056959, -0.015581053059431721, -0.053359375, -0.054453125000000005], "1:0:90:55:0": [-0.07425781250000002, -0.0707031249452848, -0.06761718750000001, -0.08333063125610352], "0:0:90:55:0": [-0.09724075317382813, -0.09906812667846679, -0.09962280273437502, -0.10342002868652345], "0:0:0:55:0": [0.020273268446886414, -0.11325195312500003, -0.11666038513183595, -0.10809457778930665], "0:3:0:55:0": [-0.038281249999999996, -0.04460937500000001, -0.0375, -0.041249999999999995], "0:4:0:55:0": [-0.02468749955296517, -0.03749999999999999, -0.0275, -0.027499999999999997], "0:4:270:55:0": [-0.01, -0.024999999999999998, -0.02625, -0.030625], "1:4:270:55:0": [-0.015, -0.02625, 0, -0.015], "1:4:180:55:0": [0.11625672721647136, -0.017812499776482582, -0.0175, -0.0225], "0:4:180:55:0": [-0.02375, -0.01874999970197678, -0.0225, -0.024375], "0:4:90:55:0": [-0.025, -0.031249999999999997, -0.0334375, -0.031562499850988385], "1:4:90:55:0": [-0.0325, -0.024999999999999998, -0.02875, 0.07593325402071599], "1:4:0:55:0": [-0.015, 0.10474956343441812, -0.01, -0.019999999999999997], "1:3:0:55:0": [-0.015, -0.031249999999999997, 0.1620216943411803, -0.019999999999999997], "1:5:0:55:0": [-0.01, 0, -0.014374999403953558, 0], "1:5:90:55:0": [-0.029375000000000002, 0.24421875521540642, -0.01, -0.015], "2:5:90:55:0": [0.10460937760770321, 0.38474131215269836, -0.015, 0], "3:5:90:55:0": [0.06187500178813933, 0, 0.3097133067399187, 0.06625000178813936], "3:5:0:55:0": [-0.015, 0.1807054047491587, 0.19875303880326123, 0.19457026406308525], "3:6:0:55:0": [-0.01, -0.01, -0.0175, 0], "3:5:270:55:0": [0.19224906124356267, 0.34238674954619636, 0.1963423287535282, 0.19721072426594394], "5:1:90:55:0": [-0.037500000000000006, -0.028124999999999997, -0.026250000000000002, -0.029687500000000002], "5:1:0:55:0": [-0.0328125, -0.034687499999999996, -0.02375, -0.0225], "5:2:0:55:0": [-0.018750000000000003, -0.015, -0.03874999999999999, -0.01769958404503995], "5:2:270:55:0": [-0.0225, 0.034215700724453214, -0.026250000000000002, -0.020468749701976777], "4:3:0:55:0": [0.40893883589285884, 0.12825638214639185, 0.08097656529396773, 0.0037500005960464464], "4:2:90:55:0": [-0.02625, -0.029921875, -0.014667967883870004, 0.02953125156462192], "4:0:0:55:0": [0.2912117868631199, 0.06091184917418558, -0.04109375, -0.04359375], "4:0:270:55:0": [-0.051796875000000006, -0.053867187500000004, -0.0453125, -0.053984375], "5:0:270:55:0": [-0.045, -0.049140625, -0.0409375, -0.039999999999999994], "5:0:180:55:0": [-0.039999999999999994, -0.036875, -0.03625, -0.0446875], "6:0:270:55:0": [-0.039999999999999994, -0.046406249999999996, -0.038125, -0.043125000000000004], "6:0:180:55:0": [-0.0425, -0.04, -0.040624999999999994, -0.03875], "6:0:0:55:0": [-0.04390625, -0.0375, -0.039999999999999994, -0.038125], "6:0:90:55:0": [-0.0384375, -0.039999999999999994, -0.04015625, -0.04125], "6:1:0:55:0": [-0.03578125, -0.04109375, -0.040624999999999994, -0.035625000000000004], "6:1:90:55:0": [-0.03875, -0.039999999999999994, -0.032499999999999994, -0.0396875], "5:1:180:55:0": [-0.03, -0.02625, -0.03125, -0.0325], "3:2:90:55:0": [-0.019999999999999997, -0.02029296807944775, 0.0005200206104200369, 0.30697152981985154], "2:2:90:55:0": [-0.027499999999999997, 0.1026302116231898, -0.014609374161809682, -0.0034423017593797414], "4:1:180:55:0": [-0.040624999999999994, -0.016777342995628712, -0.0365625, -0.0403125], "4:0:180:55:0": [-0.044179687499999995, -0.04515625, -0.04625, -0.04390625], "4:2:180:55:0": [-0.033125, 0.031464845677837736, -0.015, -0.031875], "6:2:270:55:0": [-0.029999999999999995, -0.026250000000000002, -0.030625000000000003, -0.024375], "6:2:180:55:0": [-0.027499999999999997, -0.0175, -0.026250000000000002, -0.035], "6:2:90:55:0": [-0.0353125, -0.040624999999999994, -0.026875, -0.0275], "6:3:180:55:0": [-0.01, -0.015, -0.02531249985098839, 0], "6:3:270:55:0": [-0.015, 0.024921876676380635, -0.015, -0.015], "6:4:180:55:0": [-0.01, -0.015, -0.01, -0.01], "5:3:270:55:0": [-0.0225, 0.11828125366941097, 0.03398437650874257, -0.01], "5:3:0:55:0": [0.13230469130910935, -0.0275, -0.01, 0.01656250134110451], "5:2:180:55:0": [-0.033749999999999995, -0.0039062491059303262, -0.02875, -0.026249999999999996], "5:2:90:55:0": [-0.035537108941935, -0.04390625, -0.02625, -0.03125], "3:2:0:55:0": [0.2831620907151741, 0.06750381751498934, 0.033857423742301766, 0.1579594341547236],