{"3:0:0:55:0": [0.028282182529553397, -0.04091343959705232, -0.04040149356193746, -0.04161652249770237], "3:1:0:55:0": [0.13957117800652316, -0.024624015617291703, -0.02597886528990333, -0.02442305152814481], "3:1:90:55:0": [-0.02966807855297839, -0.028432035568942738, -0.028225654497550556, -0.005116085310361772], "3:1:180:55:0": [-0.029591928439173677, -0.027990851362266596, -0.028273672691252326, -0.02952860562872219], "3:2:180:55:0": [-0.01772302253796994, -0.017401442048643315, -0.0161470394143167, -0.01894306888440206], "3:2:270:55:0": [-0.015553429344736653, -0.019339119318398393, 0.0674405966703941, -0.014795426960000002], "3:2:0:55:0": [0.22706562920202292, -0.01174864278, -0.013937807600000001, -0.012608509999904633], "3:2:90:55:0": [-0.018581233014522, -0.01738301650486177, -0.01760221971978687, -0.002613384024009205], "2:2:90:55:0": [-0.024775630010440555, -0.02288838596942992, -0.023400913607490262, -0.02403058134996701], "1:2:90:55:0": [-0.026876481063134915, -0.026585181722846282, -0.027320212799652962, -0.02618281437533313], "2:2:180:55:0": [-0.025413316275225514, -0.023843523806040514, -0.024278959592157368, -0.02445238431820013], "2:3:180:55:0": [-0.016774320087214745, -0.010212976392709306, -0.01523871549339074, -0.0146473264], "2:4:180:55:0": [-0.01112336, 0.08777019820129059, -0.0074399999999999996, -0.0076], "2:4:270:55:0": [-0.005117999982833863, -0.0058200000000000005, -0.0038000000000000004, -0.008131232544529706], "2:4:0:55:0": [0.02783928550689603, -0.005872200000000001, -0.009278, -0.006142], "1:4:270:55:0": [-0.0077620000000000015, -0.0083782, -0.007717445730209371, -0.009718343420000001], "1:4:180:55:0": [-0.010412120833180001, -0.003635454225233338, -0.0095102, -0.010157118000000001], "3:4:270:55:0": [-0.009932785850604359, 0, 0.017849307052705782, -0.002], "3:4:180:55:0": [-0.004542, 0.1010806434560462, -0.005117999982833863, -0.0035081599851417545], "4:4:270:55:0": [-0.013952835313404258, -0.006777999990463257, 0.006616137336944406, -0.0090922], "4:4:180:55:0": [-0.00923268900833299, -0.0120784558, -0.00975118, -0.005222294678172083], "4:4:90:55:0": [-0.00542, -0.010293179999999999, -0.002, 0.05184277444545113], "5:4:90:55:0": [-0.004883714539750449, -0.0107322, -0.006363799999999999, -0.011586462], "5:4:0:55:0": [-0.01174791719787817, -0.014192239799999999, -0.010182176847385881, -0.011337515157787885], "5:4:270:55:0": [-0.0091664, -0.008209389433203502, -0.011808357599870638, -0.01074678], "6:4:270:55:0": [-0.011501238200000001, -0.011158829555329979, -0.0112047658, -0.0124512022], "6:4:180:55:0": [-0.0137250136, -0.012852062, -0.012384156200000001, -0.012221882000000002], "6:3:180:55:0": [-0.015826391575180003, -0.016469014182000002, -0.0160630849778, -0.016648846178], "6:3:90:55:0": [-0.014229227115832677, -0.014, -0.015086452222000002, -0.015300354184200001], "6:2:180:55:0": [-0.019365235997636003, -0.019805349021999995, -0.02011503866882, -0.019932823671278004], "6:5:180:55:0": [-0.010508518000000001, -0.00562, -0.01136176340319705, -0.00597124430855361], "6:6:180:55:0": [-0.0081296, -0.004, -0.0058200000000000005, -0.00562], "6:6:270:55:0": [-0.006, -0.00542, -0.006564142, -0.00562], "6:6:0:55:0": [-0.007600000000000001, -0.008274896130626867, -0.0089502, -0.006878], "6:5:0:55:0": [-0.00980482, -0.00917038, -0.0107122, -0.008552761306268673], "6:5:90:55:0": [0.0026935416632537204, -0.006, -0.00602, -0.007258], "5:5:90:55:0": [0.11268634769782618, -0.00562, -0.004403600000000001, -0.0072580000000000006], "4:5:90:55:0": [0.1744099071611089, -0.00542, 0.005221133959116166, 0.0016702241167346498], "4:5:0:55:0": [-0.009178650397849644, 0.00823897627774567, 0.13779633712729797, -0.006711163692385986], "4:6:0:55:0": [-0.0038000000000000004, 0.0058528978609838625, -0.009074200000000001, -0.012034102000000001], "4:6:270:55:0": [-0.0072580000000000006, -0.00975118, -0.0081902, -0.0083902], "4:6:90:55:0": [-0.009555887999218941, -0.00562, -0.005640000000000001, -0.0038000000000000004], "4:6:180:55:0": [-0.007258, -0.006, -0.0089122, -0.00436], "5:6:90:55:0": [-0.005980000000000001, -0.006878, -0.007078, -0.004], "5:6:0:55:0": [-0.013103862, -0.010255180000000001, -0.007438, -0.006878], "3:6:90:55:0": [-0.0034243159788160324, -0.007258, -0.00562, -0.005775707998360634], "5:6:270:55:0": [-0.0038000000000000004, -0.009365800000000002, -0.007782, -0.0088062], "3:6:270:55:0": [-0.0064498, -0.00562, -0.004155707998360634, -0.004], "3:6:180:55:0": [0.004170361985660372, -0.004, -0.004, -0.0038000000000000004], "3:5:180:55:0": [-0.006636084378623443, -0.005881012871642686, 0.002869358147868965, 0.12465396735895591], "3:5:90:55:0": [0.1815391872047845, 0.2114943738303851, 0.020626091635524535, 0.05928112705019707], "0:0:0:55:0": [-0.04911548510822462, -0.050389942476866775, -0.05025116568042768, -0.05052183259083536], "0:0:90:55:0": [-0.04604522195939541, -0.046910224320633236, -0.04570698679984838, -0.04693567642428641], "0:0:180:55:0": [-0.041971633390516794, -0.04135312207115698, -0.0430199837524411, -0.04242273101934229], "1:0:90:55:0": [-0.04811966100523709, -0.04896907799458702, -0.04821955390758977, -0.05011245326322891], "2:0:90:55:0": [-0.045220741388421096, -0.0448440161912481, -0.04629368888952061, -0.04640167275231759], "2:0:180:55:0": [-0.04027309066059756, -0.04093349745230485, -0.04075168458152568, -0.04217638447324405], "2:0:270:55:0": [-0.045486013524080715, -0.04524235916774095, -0.04477323911342428, -0.04443292195047305], "3:0:270:55:0": [-0.03883945922731461, -0.040550266101469924, -0.032942649200107726, -0.040168365458732244], "2:1:180:55:0": [-0.03490302852862284, -0.03335208530903979, -0.03233096471336512, -0.03410854700980892], "2:1:270:55:0": [-0.03306532850695076, -0.03390827117588395, -0.03341306344516301, -0.033790407268540004], "2:1:90:55:0": [-0.03502222121491193, -0.03317556532843529, -0.03309097240094634, -0.035176639258639], "1:1:90:55:0": [-0.036648086154596804, -0.03596261172308404, -0.03745096222968229, -0.036765653223757015], "0:1:90:55:0": [-0.03718435750183234, -0.03758220989021782, -0.037183444616690584, -0.03911006549865454], "0:1:0:55:0": [-0.03992559797591452, -0.03966942207420678, -0.03913443081423834, -0.03912719905809051], "0:2:0:55:0": [-0.030129641317841703, -0.03098160589744881, -0.0290700713175525, -0.029914833684088458], "0:2:270:55:0": [-0.027841077449273707, -0.0283889419942, -0.029264220392490055, -0.02754156321837], "0:2:90:55:0": [-0.027410737315179998, -0.028802775524242027, -0.02794538217991233, -0.028684414410220106], "1:2:180:55:0": [-0.02847058599276747, -0.028000905389399495, -0.02843163219399341, -0.027852832616718375], "1:2:270:55:0": [-0.02610379583159474, -0.025538920173255375, -0.0258194821442758, -0.027109695369197287], "1:3:180:55:0": [-0.017998641918688375, -0.018461416324176166, -0.01936325714355902, -0.018975682640885606], "1:4:90:55:0": [-0.00991318, -0.0089122, -0.00807702, -0.007120994599714209], "1:5:180:55:0": [-0.006288112856501136, -0.0171820627422, -0.0058000000000000005, 0.06260042290850025], "1:6:180:55:0": [-0.010058979999999999, -0.0098878, -0.011625862, -0.011503862000000002], "1:6:270:55:0": [-0.007947279983606339, -0.008732199999999999, -0.007251199512554179, -0.010255180000000001], "2:6:270:55:0": [-0.0022, -0.008732199999999999, -0.0056047079992189415, 0.00371548022564888], "2:6:180:55:0": [0.021855428622960086, 0.00032000008583068845, -0.00346707997502327, 0], "1:0:0:56:0": [-0.014988098839447959, -0.018964198235698504, -0.018679993862006066, -0.018175616189673595], "1:0:270:55:0": [-0.04671533869356127, -0.048385136772738396, -0.04843866283419691, -0.04731440130324515], "1:0:180:55:0": [-0.04509117800000002, -0.044145628569452824, -0.04425298790100716, -0.04577617587143305], "1:0:0:55:0": [-0.05264117594302505, -0.053986832275641536, -0.05317126457141982, -0.05324933572817314], "2:2:270:55:0": [-0.009896973272937922, -0.022199757531255578, -0.02258599133562708, -0.0216962729028865],