{"3:0:0:55:0": [0.36577713277540397, 0.046961186558225454, 0.04803210812877132, 0.04317141927045846], "3:0:90:55:0": [-0.0339718144, -0.037004783616, -0.027433804431360002, 0.04708440975368465], "3:1:0:55:0": [-0.022796800000000002, -0.024768000000000002, 0.14377088237568003, 0.3877512560547376], "3:1:270:55:0": [0.3859324633679103, 0.3366870475090377, 0.3402772908849206, 0.33552959446010083], "3:2:0:55:0": [-0.01888, 0.30581982993515444, -0.0218778624, -0.01856], "3:2:90:55:0": [-0.01996544, -0.017599999999999998, -0.0182521856, -0.021120000000000007], "2:2:90:55:0": [-0.025928642560000006, -0.0253568, -0.025678028800000002, 0.17039523574803941], "2:2:0:55:0": [0.22164478276284844, -0.032309952512, -0.017856, -0.027008512000000002], "2:1:0:55:0": [-0.027404976128, -0.039718834176000015, 0.23756859794889112, 0.37686249400523797], "2:1:90:55:0": [-0.03265517568, 0.3897045431053075, -0.0369092722688, -0.028784640000000004], "3:1:90:55:0": [-0.0315136, 0.39115278798423914, -0.024061440000000003, -0.01728], "3:1:180:55:0": [-0.026946560000000005, -0.0192152576, 0.33525604044667373, -0.019136], "3:2:180:55:0": [-0.0115072, -0.009999872, 0.16434036736, -0.02528], "2:0:90:55:0": [-0.04450024141619201, 0.034565420861358116, -0.0377127829504, -0.043790217216], "3:0:180:55:0": [-0.03400456192, -0.025689702400000004, -0.03555752280064001, -0.035374284799999996], "3:3:180:55:0": [-0.022400000000000003, 0.43910375276543995, -0.011523072, -0.009600000000000001], "3:3:270:55:0": [-0.01632, -0.025098239935913088, -0.0176, -0.01632], "3:3:0:55:0": [0.23174195200000003, -0.01956864, -0.017664000000000003, -0.01632], "3:3:90:55:0": [0.17949183560546877, 0.4292736523108274, 0.3286148096, -0.01926656], "2:3:270:55:0": [-0.01953024, 0.14347727824968323, 0.15592688876161015, 0.37535637361628843], "1:3:270:55:0": [0.33158494415380413, 0.10823099815923491, 0.1669177456712905, -0.01632], "2:3:0:55:0": [-0.012288, -0.017599999999999998, 0.32515761642817376, 0.18098314692417328], "2:3:90:55:0": [-0.016256000000000003, 0.40892616983741586, 0.26364225091792837, 0.2134100516840038], "2:3:180:55:0": [-0.0287884288, 0.19479536166468298, 0.1904684323739807, 0.405259694417158], "2:4:180:55:0": [0.20157365943705408, 0.06847999828338619, -0.0112, 0.17808640000000003], "2:4:270:55:0": [-0.008320000000000001, -0.008, -0.008320000000000001, -0.01632], "3:4:270:55:0": [0.39496659554623076, -0.008, 0.29037537280000003, -0.016], "3:4:0:55:0": [-0.009600000000000001, -0.01728, 0.42233395418331343, 0.3290330205572143], "4:4:270:55:0": [0.3539080192, 0.38330885095315925, 0.3774490827798747, 0.352075776], "2:5:180:55:0": [0, 0, 0, 0.31008], "2:5:90:55:0": [0.36993711043571575, 0.36908569059219587, 0, 0.37220784095484893], "2:5:0:55:0": [0, 0.18297600000000003, 0.3706645489577648, -0.009600000000000001], "1:5:90:55:0": [0.28758177792, 0.48944085150252553, 0.363065344, 0.05877515398679853], "0:5:90:55:0": [-0.016, 0.48475427304952035, -0.017280000000000004, -0.016], "0:5:0:55:0": [-0.009600000000000001, -0.017856, 0.363658344988672, -0.009600000000000001], "0:4:0:55:0": [-0.016384000000000003, -0.01632, -0.01837056, -0.00992], "0:3:0:55:0": [-0.01952, -0.024053760000000007, -0.028674559975681302, 0.14871956456459354], "0:2:0:55:0": [0.08719734984432924, -0.0303540224, -0.033550520320000006, -0.032862720000000005], "0:4:270:55:0": [-0.009984, -0.017664000000000003, -0.008, -0.017344], "0:4:180:55:0": [-0.020224000000000002, -0.016, -0.017856000000000004, -0.024161279999999997], "0:4:90:55:0": [-0.025605119999999995, -0.019765248, -0.0192128, -0.0192128], "0:5:270:55:0": [-0.009600000000000001, -0.016, -0.014400000000000003, -0.016], "1:5:270:55:0": [-0.008, -0.008, -0.0015999999999999999, 0.42068955136], "1:5:0:55:0": [-0.009600000000000001, 0.14078133580598426, -0.008, -0.008], "1:6:0:55:0": [-0.008, -0.014400000000000003, 0, -0.009600000000000001], "1:6:270:55:0": [-0.008, -0.008, -0.008, -0.008], "0:6:270:55:0": [-0.008, -0.008, 0, -0.008], "0:6:180:55:0": [-0.009600000000000001, -0.008, -0.008, -0.008], "0:5:180:55:0": [-0.017280000000000004, -0.009600000000000001, -0.009600000000000001, -0.01728], "0:6:90:55:0": [0, 0, -0.008, 0], "2:5:270:55:0": [0.3202156958074107, -0.008, -0.008, 0], "2:6:270:55:0": [0, 0, 0, -0.008], "2:6:180:55:0": [-0.008, 0, 0, 0], "3:0:270:55:0": [-0.035334005719039996, -0.03126231040000001, 0.04470192870767491, -0.03504080896], "2:1:270:55:0": [0.38138586124268237, -0.02881742848, -0.033619619840000003, 0.220524912889473], "1:2:90:55:0": [-0.034580238336000005, 0.08397503603979137, 0.41719598825029475, -0.02551296], "0:2:90:55:0": [-0.03516882944000001, -0.02932137984, -0.034810904576, -0.0291703808], "1:2:180:55:0": [-0.033687552, 0.44025998026373975, -0.027264512, -0.02573611008], "1:3:180:55:0": [0.23321211289599994, 0.44853013235232214, -0.01273344, -0.022656000000000003], "1:3:90:55:0": [-0.02739712, 0.3250756787910441, -0.01632, -0.016576000000000004], "0:3:90:55:0": [-0.029015551977111816, 0.18562211347812504, -0.0256512, -0.025958399994277955], "1:3:0:55:0": [0.16537286364460352, -0.018816, -0.019456, 0.17687046887844932], "1:2:270:55:0": [0.27363933968109505, -0.028587520000000005, -0.019136, 0.4228294547617327], "2:2:270:55:0": [0.37648518500889805, -0.0253952, -0.0188928, -0.022720000000000004], "1:1:270:55:0": [-0.034217451520000004, -0.035156480000000004, -0.041639033241599996, 0.24732903026065411], "1:1:180:55:0": [-0.03543296, 0.41888066070311575, -0.035594564403199996, -0.03391744000000001], "0:2:180:55:0": [-0.031224320000000007, -0.029462368255999998, -0.03399936, -0.034639089664000006], "3:2:270:55:0": [0.4217387124699239, 0.28245206855105326, -0.017344000000000002, 0.11988829388799997], "4:0:270:55:0": [-0.034591154995200005, -0.037264600104959994, -0.036559360000000006, -0.026943999999999996], "5:0:270:55:0": [-0.034357248, -0.029835979980800006, -0.03246363443200001, -0.027812356096], "6:0:270:55:0": [-0.033984, -0.0350114848768, -0.028543488000000006, -0.027384705024000002], "6:0:180:55:0": [-0.017999360000000002, -0.024612454400000004, -0.030566400000000004, -0.0217834496], "5:0:180:55:0": [-0.02592, -0.032675327180800004, -0.01991380992, -0.0312249344], "6:1:180:55:0": [-0.019266560000000002, -0.019469312, -0.024640000000000006, -0.0192], "6:1:270:55:0": [-0.019789312, -0.016384000000000003, -0.021504000000000002, -0.026754560000000004], "5:1:270:55:0": [-0.019212800000000002, -0.023808000000000006, -0.02654976, 0.12862195244728328], "5:1:0:55:0": [-0.019890688, -0.033970159616, -0.0360808448, -0.024768000000000002], "6:0:90:55:0": [-0.027666026495999998, -0.0256, -0.019648, -0.024576000000000004], "5:0:90:55:0": [-0.031027200000000005, -0.02689536, -0.028838567936000002, -0.035108744560640004], "5:0:0:55:0": [-0.028880384, -0.033453056, -0.032754688000000004, -0.0347048951808], "6:0:0:55:0": [-0.021504000000000002, -0.02432, -0.02755584, -0.026006548480000002], "6:1:0:55:0": [-0.018816, -0.0312832, -0.016064000000000002, -0.0198784], "6:2:180:55:0": [-0.025410560000000002, -0.0112, -0.00992, -0.0198656], "6:2:90:55:0": [-0.01947136, -0.01989376, -0.0099968, -0.01147136], "6:2:0:55:0": [-0.016384000000000003, -0.01728, -0.019776, -0.009984], "6:2:270:55:0": [0, -0.014707200000000002, -0.017679359999999998, -0.009600000000000001], "4:1:270:55:0": [-0.026175488000000004, 0.2077547155213517, 0.40150048715248515, 0.24910967799808], "2:0:270:55:0": [0.10881077768732067, -0.041233470101913604, -0.04345747456000001, -0.0401210500448256], "4:0:90:55:0": [-0.035353595904, -0.032542720000000004, -0.034391040000000005, 0.30512871888870224], "4:0:180:55:0": [-0.029007359999999996, -0.024896, -0.0354705399808, -0.025856], "4:0:0:55:0": [0.40750924814810474, -0.036666880000000006, -0.03977131704320001, -0.0325248], "1:0:270:55:0": [-0.0400145039949824, -0.052740623282995204, -0.05253543414988801, -0.0438547711524864], "4:1:0:55:0": [0.43633035744668425, 0.3449842853681845, 0.35306357018936735, 0.1690393141248],