{"3:0:0:56:0": [0.33182068558533795, 0.37321309814239567, 0.2484996200224049, 0.24419353829955925], "4:0:90:55:0": [0.2754401781198486, 0.23182189299058895, 0.2288772549966551, 0.2308751865684139], "3:1:180:55:0": [0.25323266202591205, 0.2346283655218623, 0.33790088971511606, 0.2565217132508587], "4:0:270:55:0": [0.26991884344740524, 0.22059474898313206, 0.22400826403535115, 0.22761155890015172], "4:1:180:55:0": [0.2313079895248975, 0.32164202740475617, 0.2852019274904813, 0.2827748005349613], "4:2:180:55:0": [0.307655388746914, 0.3101118974617565, 0.2956275869214117, 0.2985274210276766], "4:1:90:55:0": [0.2842703009440235, 0.2827202854885295, 0.28476417512398616, 0.26589008351738247], "4:0:180:55:0": [0.3282461147029876, 0.22856812977862156, 0.2300942947267483, 0.23250031525615875], "4:1:270:55:0": [0.25332139556051064, 0.27301302863239335, 0.25660992715568964, 0.2595756990867504], "4:1:0:55:0": [0.3109970619725154, 0.2819239145365869, 0.2974316551141498, 0.3040372709077739], "4:2:0:55:0": [0.4197973821701865, 0.3062636116026761, 0.3169985106840645, 0.318798081753762], "4:0:0:55:0": [0.21787361499396196, 0.2305277722539723, 0.230610732978696, 0.23440973721552916], "5:2:90:55:0": [0.29897318446885673, 0.3033219446899871, 0.3023880235251779, 0.3810280478143148], "4:2:90:55:0": [0.3001706159699069, 0.3023039511122261, 0.29733732377915273, 0.3449614940529244], "4:3:180:55:0": [0.3221796491566893, 0.4576879941714373, 0.34249970226506604, 0.3370533559457272], "4:3:270:55:0": [0.32622503583072127, 0.3458418697559836, 0.34805981390453694, 0.3858354954672797], "3:3:270:55:0": [0.3876686963010459, 0.3703658246937218, 0.39849693702110606, 0.35387843028362453], "3:3:180:55:0": [0.3839895410455598, 0.35544056774734323, 0.32856823260811274, 0.36426240198476845], "3:2:180:55:0": [0.26742597580109395, 0.2681080228960623, 0.4124699231130181, 0.29728763717239715], "2:2:90:55:0": [0.3388928610412114, 0.28811323217050633, 0.2885885763121103, 0.28174745280999014], "2:2:180:55:0": [0.27052824353005467, 0.2631829964756788, 0.3151988126327832, 0.27213473365315477], "2:3:180:55:0": [0.317816507721527, 0.3097399944864093, 0.40271395344021566, 0.3162501767778715], "2:3:90:55:0": [0.3458112149447404, 0.343402664976416, 0.3475608520737633, 0.3374179828893663], "3:3:90:55:0": [0.34586350554609796, 0.3640811863241936, 0.3469579010636125, 0.4855903469457729], "4:3:0:55:0": [0.4781269995033187, 0.371588064600438, 0.3692564233097349, 0.3570903823790647], "4:2:270:55:0": [0.30090796701081723, 0.3026108419429376, 0.32372467973935193, 0.3120569960459851], "3:2:270:55:0": [0.3047513504513537, 0.3046373158520744, 0.3026702519448036, 0.3011260545741001], "2:3:270:55:0": [0.3986106958494834, 0.3357603490863091, 0.3368014383766756, 0.3286656210003163], "2:3:0:55:0": [0.35089611335213544, 0.36526274659445224, 0.4295891840879221, 0.34233117732332885], "1:3:270:55:0": [0.30798774359092057, 0.32584901518374176, 0.32215818102760735, 0.3187773730990123], "1:2:180:55:0": [0.2410155473418264, 0.2509752180399237, 0.24453073050120094, 0.24587787744844386], "1:1:180:55:0": [0.21767737147100202, 0.2289361643883171, 0.21471270959811245, 0.23031624173271856], "1:0:180:55:0": [0.22863951320847548, 0.21914416737379874, 0.21761027499923594, 0.21649191866305895], "1:0:90:55:0": [0.22681712537072982, 0.21523952329593293, 0.22386853527372802, 0.2204025677604474], "1:0:0:55:0": [0.23146696483152174, 0.24608211262065038, 0.2322163670725658, 0.2424467085941952], "2:0:90:55:0": [0.21503512328067528, 0.2117928184312562, 0.23216514065089128, 0.21574092104651965], "2:0:270:55:0": [0.22522273949295352, 0.22826846176492688, 0.22540159987633815, 0.22419277928366108], "3:0:270:55:0": [0.2284360613821275, 0.22893579978294792, 0.22758039693719692, 0.22353875739859697], "3:0:180:55:0": [0.2307824863116339, 0.24903752008408658, 0.23664471784187235, 0.23324868077531083], "3:0:90:55:0": [0.22230814561101492, 0.22872250275141562, 0.21989873271913402, 0.2696154769292802], "2:0:180:55:0": [0.22330696766377114, 0.23269025588454995, 0.2669532229607435, 0.22868197691018516], "3:0:0:55:0": [0.33127509435380353, 0.27405184277867134, 0.29321921232960596, 0.25378298920610237], "3:1:0:55:0": [0.4614689691528918, 0.2683719714113982, 0.26311448444409075, 0.2697140340987385], "2:1:180:55:0": [0.24242156106135251, 0.2467811875799498, 0.3331510456787219, 0.253809453380236], "2:1:270:55:0": [0.24590982702533465, 0.25120095959100375, 0.23792454972090823, 0.3612316509475261], "1:1:270:55:0": [0.24008827269803865, 0.2292675986902592, 0.23283123536527084, 0.23256112876877796], "0:1:270:55:0": [0.22715759260444665, 0.2315335980979253, 0.229428962434382, 0.23580153351249802], "0:1:0:55:0": [0.22943779591164512, 0.22921977169102137, 0.22904359883126563, 0.21133281471051382], "0:1:90:55:0": [0.22401193049152665, 0.2306970092987503, 0.23094365110283166, 0.22423823449280378], "1:1:90:55:0": [0.23266519189762544, 0.23504789582546037, 0.22938578014308003, 0.04199733393791322], "2:1:90:55:0": [0.2423817676269417, 0.25488920066836174, 0.2476298260071461, 0.25303326121910186], "1:1:0:55:0": [0.24243216425282726, 0.2366706703637971, 0.23620301156888973, 0.23583564532043857], "3:1:270:55:0": [0.2765015977873428, 0.26066024174792946, 0.2613575759234801, 0.261019047521511], "2:2:270:55:0": [0.2939682433642322, 0.3098652226292641, 0.34278170489805854, 0.3007828989145025], "3:2:0:55:0": [0.339512080065808, 0.30580417643056623, 0.2985520104508175, 0.38056211573681054], "3:2:90:55:0": [0.288627671454129, 0.36718410056872974, 0.3220538785573808, 0.3004021924432897], "2:2:0:55:0": [0.39960390680203434, 0.2807304449739322, 0.2886109093417863, 0.27817845952196146], "2:1:0:55:0": [0.32721341813927013, 0.24534409578907887, 0.25631942526282, 0.2557791296888051], "2:0:0:55:0": [0.2739075559543806, 0.2270354448333459, 0.2319829868357165, 0.2269007065136742], "5:0:180:55:0": [0.24710976030330403, 0.22124720128363587, 0.22288098548147842, 0.22836691089009928], "5:0:270:55:0": [0.2303572130465479, 0.22439135190548404, 0.22259345734438482, 0.2523184780754364], "5:0:0:55:0": [0.2260525076324786, 0.23154779002572382, 0.2413822534222284, 0.24973611882712154], "5:1:0:55:0": [0.2397200147419442, 0.2588976492872447, 0.25213262231054906, 0.25431698038546846], "5:2:0:55:0": [0.28727018998471043, 0.2988590685000374, 0.2669715748159313, 0.30739867440965], "5:3:0:55:0": [0.3090289424744401, 0.3168195863816031, 0.3049747177264202, 0.35208526124126766], "5:3:90:55:0": [0.32177465222148305, 0.3245738690741437, 0.3269944431108256, 0.3609872240250968], "6:3:90:55:0": [0.36659348457968716, 0.31730512362151775, 0.30345066360481765, 0.3070279849390323], "6:3:0:55:0": [0.2875795316647076, 0.2917206192825761, 0.2974036884305179, 0.3037369563060369], "6:3:270:55:0": [0.31644175813609116, 0.3054358090825087, 0.3057734483748469, 0.3175524378350699], "3:3:0:55:0": [0.37902852344968574, 0.3551909231266749, 0.3462512893053977, 0.4149001827671773], "3:4:0:55:0": [0.4002365415306721, 0.41895892468738133, 0.41923479522226226, 0.4948345334995162], "5:3:270:55:0": [0.3121738837632355, 0.314720367004097, 0.3167329277924224, 0.33091498385460555], "5:3:180:55:0": [0.30596881416865496, 0.28992698059311817, 0.30258209994552293, 0.31937955069726437], "5:4:180:55:0": [0.3498660207533559, 0.398654247472707, 0.35033936427247836, 0.3538763518509411], "5:4:90:55:0": [0.3444806523455328, 0.34522430722382785, 0.3683266157141912, 0.3410010059863263], "6:4:90:55:0": [0.32284283209733633, 0.3197975780728871, 0.3341967596315032, 0.3207121263369208], "5:4:0:55:0": [0.33946978620927437, 0.3524103768743421, 0.40575260887846765, 0.3577328682675167], "6:3:180:55:0": [0.3056522239124551, 0.30383022937707427, 0.3078446254435192, 0.3097735341683701], "6:2:0:55:0": [0.28359116325440076, 0.2714068190648879, 0.27217548021847204, 0.28439257676601987], "6:2:180:55:0": [0.26747065879435994, 0.29837221313060774, 0.2739572807937556, 0.2906743411852306],