{"4:1:0:46:45": [-1.009916857783418, -1.0099823081102977, -0.007179449372214598, -0.2692846783318345, -0.7044720203856837, -0.6742126531092767, -0.5603604925875179], "4:1:0:46:90": [0.0, 0.0, -0.08049241473181391, -0.028700000000000007, -0.06761483497573327, -0.054440626278091535, -0.09312182062953253], "4:1:90:46:45": [0, 0.0, -0.09916931556682995, -0.09394223342118528, -0.09499053647030012, -0.02, -0.08734838124524939], "4:1:0:46:0": [0.0, 0.0, -0.08483440636228658, -0.05620440251501302, -0.04963515500000001, -0.07218104669703809, -0.0870722955276042], "4:1:270:46:45": [0, -0.1072187161055631, -0.09932329558249374, -0.09537493254116651, -0.055701767054495685, -0.10817519963685997, -0.09805891163026939], "3:1:0:46:45": [0, 0, -0.09068611600553902, 0, -0.10618479575523057, 0, -0.10807469230722712], "3:1:0:46:0": [0, 0, 0, 0, 0, -0.10824018286706794, -0.07733037820149954], "3:1:0:46:90": [0, 0, -0.07486774682526509, 0, -0.10758598472848824, 0, 0], "3:1:270:46:90": [0, 0, -0.07490239867703927, -0.10476652366972643, -0.10982029897000861, 0, 0], "2:1:270:46:90": [0, -0.10418502629969603, 0, 0, 0, 0, 0], "2:1:0:46:90": [0, 0, -0.10353891811077337, 0, 0, 0, 0], "2:1:0:46:45": [0, 0, 0, 0, 0, -0.10282102012308152, 0], "2:1:270:46:45": [0, 0, 0, -0.10202335569231279, 0, 0, 0], "2:1:180:46:45": [0, 0, 0, -0.10113706188034753, 0, 0, 0], "2:1:180:46:90": [0, 0, 0, 0, -0.10015229097816392, 0, 0], "2:2:180:46:90": [0, -0.09905810108684879, 0, 0, -0.0978423345409431, 0, 0], "2:2:90:46:90": [-0.07861894039100001, -0.08712320754503902, 0, -0.09649148282327011, -0.09499053647030012, 0, -0.06906560363082417], "1:2:90:46:90": [-0.08941088679053512, 0, 0, 0, 0, 0, 0], "3:2:90:46:90": [0, -0.0587114134241775, -0.06207458914584682, 0, -0.056068237137975006, -0.066953279, 0], "3:2:0:46:90": [0, 0, -0.06718380602926709, -0.062170310000000006, -0.03710000000000001, 0, -0.029000000000000005], "3:2:270:46:90": [0, 0, -0.054342510154818446, -0.05685590000000001, -0.050951, 0, 0], "3:1:270:46:0": [0, -0.06448567085835501, 0, -0.1098689979491363, 0, -0.10953616023134123, -0.09299619678630977], "2:1:270:46:0": [0, -0.08175704635190001, -0.066953279, 0, 0, 0, 0], "2:1:270:46:-45": [0, 0, 0, 0, 0, -0.07861894039100001, 0], "2:1:180:46:-45": [0, 0, 0, -0.07513215599, 0, 0, 0], "2:1:180:46:0": [0, 0, 0, -0.062170310000000006, -0.07125795110000001, 0, 0], "2:1:90:46:0": [-0.03710000000000001, 0, 0, -0.05685590000000001, 0, 0, 0], "3:1:90:46:0": [-0.07111616727047156, -0.050951, 0, 0, 0, 0, -0.05930537487064358], "4:1:90:46:0": [0, -0.01479666666666667, -0.08607890734656669, -0.039975500000000004, 0, -0.062286894853912256, -0.0879892376266937], "4:1:180:46:0": [0, 0, -0.07925532375983133, -0.08548652924087191, 0, -0.09789178624762429, -0.08873934310550335], "4:1:270:46:0": [-0.029000000000000005, 0, -0.08716905134104089, -0.08950672883981292, -0.07576731035835502, -0.09328379637526518, -0.09446103899415545], "4:1:270:46:-45": [0, 0, -0.08064901983816535, 0, 0, -0.0798796084106941, -0.07945400426190163], "2:1:90:46:-45": [-0.02, 0, 0, 0, 0, -0.029000000000000005, 0], "4:1:270:46:-90": [-0.047077385330000006, 0, -0.06448567085835501, -0.07125795110000001, -0.050019713770147356, -0.05148295091399258, -0.08124116099632209], "3:1:270:46:-90": [0, -0.07921153855574081, -0.03636448777500001, -0.08175704635190001, 0, -0.06472024896714665, -0.10506581339597033], "4:1:0:46:-90": [0.0, 0, -0.05112123049859375, 0, 0, -0.056204811951230955, -0.02], "3:1:180:46:-90": [-0.07513215599, 0, 0, -0.07171975736093911, 0, -0.03756686182168426, -0.07257072268303347], "3:2:180:46:-90": [0, -0.08175704635190001, 0, 0, 0, -0.07861894039100001, 0], "4:1:90:46:90": [0, -0.07861894039100001, -0.08167959037026734, 0, -0.07834203341265054, -0.05685590000000001, -0.0714095288195191], "4:1:180:46:90": [0.0, 0.0, -0.07786218936565496, -0.06146659200410151, -0.05172354802269828, 0, -0.07471844394024378], "4:1:180:46:45": [0.0, 0, -0.09927255144402183, -0.07583409910684877, 0, 0, -0.06952639620495048], "4:1:270:46:90": [0.0, 0, -0.07741406546608151, -0.07302368704263192, -0.07564629170801034, 0, -0.05645025672434627], "4:1:0:46:-45": [0, 0, -0.0900711555512336, 0, -0.10966186080864777, -0.09030318741843202, -0.10117652228527299], "4:1:90:46:-45": [0, 0, -0.09120371486847449, 0, 0, 0, -0.074194247692348], "4:1:90:46:-90": [0, 0, -0.05652325915975601, 0, 0, -0.10690567282149759, -0.07592544054033461], "4:1:180:46:-90": [0, 0, -0.08203730805278156, -0.08712320754503902, 0, -0.07041069842603793, -0.06049748337604216], "4:1:180:46:-45": [0, 0, -0.08460854975298988, 0, 0, -0.10363484642562046, 0], "3:1:90:46:90": [-0.09236681634743696, 0, -0.0736389049881166, 0, 0, 0, -0.05858786115331187], "3:1:90:46:45": [-0.06123274484698104, 0, -0.08078444176711737, 0, -0.08175704635190001, -0.08175704635190001, -0.04831959357864586], "3:1:180:46:45": [0, 0, -0.0749330255994372, 0, 0, 0, -0.020140625000000002], "3:1:90:46:-90": [-0.10015229097816392, 0, 0, -0.10880274848174383, 0, -0.060736529946773865, -0.10866972053527092], "3:1:0:46:-90": [0, 0, -0.0978423345409431, -0.0965516267112833, 0, 0, -0.0775629798897499], "3:1:270:46:45": [0, -0.10992016665614893, -0.08167810898580351, 0, 0, 0, -0.0957508065734312], "3:1:270:46:-45": [0, -0.10835767967317397, 0, 0, 0, -0.1096242897873864, -0.10819562484687426], "3:2:0:46:-90": [-0.07618122202047777, 0, 0, 0, 0, 0, -0.01860740740740741], "3:2:0:46:-45": [0, 0, 0, 0, -0.10774716004550612, 0, -0.07175734739394224], "3:2:0:46:0": [0, 0, -0.029000000000000005, 0, -0.1057608841724784, 0, -0.05913715310703444], "3:2:270:46:0": [0, 0, -0.08422748714516673, -0.10418502629969603, 0, 0, -0.05668529966630952], "3:2:180:46:0": [0, -0.10797244404095552, -0.09905810108684879, -0.10353891811077337, 0, 0, -0.08412832000608425], "3:2:90:46:0": [0, 0, 0, -0.10202335569231279, 0, 0, -0.07536041095916884], "3:2:270:46:45": [0, 0, 0, 0, -0.08175704635190001, 0, -0.041703697367225], "3:2:0:46:45": [0, 0, -0.044390000000000006, 0, 0, 0, -0.01860740740740741], "3:1:180:46:0": [0, 0, 0, -0.10835767967317397, 0, 0, -0.10817519963685997], "3:1:180:46:90": [0, 0, -0.07360376109790731, 0, 0, 0, 0], "3:2:180:46:90": [0, -0.10903022627021251, -0.0557063564712623, 0, 0, -0.03710000000000001, 0]}