{"0:0:0:55:0": [-0.0009999999776482583, -0.07740224919031302, -0.10771231987003693, -0.0824949532490881], "0:0:90:55:0": [-0.08249439173125822, 0, -0.08249691915525112, -0.10999730278290136], "0:0:180:55:0": [-0.0916656245608755, 0, -0.10999883893648081, -0.10833228118525694], "0:1:180:55:0": [-0.10897388040386329, -0.10999925341262601, -0.1099982303558616, 0], "0:1:90:55:0": [0, 0, -0.1099958890152436, -0.10999840732027545], "0:2:180:55:0": [0, -0.1081990961251168, -0.07085972107027409, -0.10999989879084164], "0:1:0:55:0": [-0.07740080697901673, 0, -0.10521701016193187, -0.10999543223915956], "1:0:90:55:0": [-0.08137244336891791, -0.1099937342100954, 0, 0], "0:1:270:55:0": [0, -0.10569530914573867, -0.10999987505042177, -0.10998689978984887], "1:1:270:55:0": [-0.10999265268903924, 0, 0, -0.1061257782311648], "2:1:270:55:0": [-0.10998382690104797, 0, 0, -0.10999976488532448], "3:1:270:55:0": [-0.10999088432576246, -0.08249957313317424, -0.10054800490119978, -0.08248462231724578], "3:1:0:55:0": [-0.10998230356545725, 0, -0.08815531745969589, 0], "3:1:180:55:0": [-0.08149320441107981, 0, 0, -0.08249349983329413], "3:0:180:55:0": [-0.10997261071491123, 0, 0, 0], "3:0:90:55:0": [-0.0730575553506498, 0, -0.09124905562370615, -0.10996956746101247], "4:0:90:55:0": [-0.09583434042412031, -0.07312680400135049, -0.0944174540263579, -0.0773058057514212], "4:0:180:55:0": [-0.10978083798549758, 0, -0.09441328905540587, -0.08224666080219029], "5:0:90:55:0": [-0.10999821936404072, -0.10995245715785187, 0, -0.08862036777667129], "3:0:0:55:0": [0, -0.10903145123336178, -0.09136864298951543, -0.0824204994753224], "4:0:0:55:0": [0, -0.08209682793568211, -0.10971800898723644, -0.08208526415514479], "4:1:0:55:0": [-0.09159382178976379, 0, 0, -0.08553101336448377], "4:0:270:55:0": [-0.10975401215501304, -0.1097175292970241, -0.1097286458023243, -0.07509562585866339], "5:0:270:55:0": [-0.0915326738811914, -0.10990017449295666, -0.1099980851898108, -0.08470261486908043], "2:0:90:55:0": [-0.10900329802138244, 0, -0.10833227456424827, 0], "2:0:0:55:0": [0, -0.10677466216763092, -0.10576623878305887, -0.09920233523848501], "2:0:270:55:0": [-0.10722222926556493, -0.10997818014640649, -0.10618961490475298, -0.1089058096856471], "1:0:270:55:0": [-0.10686189282583938, -0.10878423298405233, 0, -0.10750000633900844], "0:0:270:55:0": [0, -0.07374964900421033, -0.10814697909472992, -0.10745813318892991], "1:0:180:55:0": [-0.10673114397896888, 0, -0.10794107970894849, -0.10651321425093263], "1:1:180:55:0": [0, -0.08848520609579734, 0, -0.10999984574126143], "1:1:90:55:0": [0, 0, 0, -0.10694062203555793], "2:1:90:55:0": [0, -0.10704745363707442, -0.08830068996342126, -0.08249999565231163], "2:1:0:55:0": [-0.10419237144452517, 0, 0, -0.09057309328450143], "2:1:180:55:0": [-0.07749999608708047, 0, -0.08792669395472928, 0], "2:2:180:55:0": [-0.08247400830892633, -0.08751114143118069, 0, -0.10717331410929017], "3:1:90:55:0": [-0.08247400830892633, -0.10999999101855011, -0.10997572505549691, -0.10999924982764243], "4:1:90:55:0": [-0.0824613056776648, -0.07393811159247453, -0.10999477565571737, 0], "5:1:90:55:0": [-0.08480339608453527, -0.07739216309918362, -0.07374153776577377, -0.0824510920477086], "5:1:0:55:0": [-0.082498322776808, -0.10476652366972643, -0.10999989866283826, -0.08249996927009765], "6:1:90:55:0": [0, -0.09271376698329208, -0.10073462596330764, -0.10999995637767473], "6:1:180:55:0": [-0.10999996073990727, -0.044390000000000006, -0.10999997913557708, -0.10999947022806958], "6:1:270:55:0": [-0.10999976448482535, 0, -0.10999997681730786, -0.10999907503113285], "5:1:270:55:0": [-0.10999960183123246, -0.10999997424145318, -0.08249977786296467, 0], "6:2:180:55:0": [0, -0.10999996466591655, 0, 0], "5:1:180:55:0": [0, -0.10999964119488691, -0.06936330034530822, 0], "5:0:180:55:0": [-0.07567531670993496, 0, -0.10999383742886357, -0.09586382181733989], "6:0:270:55:0": [-0.06559922181830627, 0, -0.05255082070581753, -0.10547879391925039], "5:0:0:55:0": [0, -0.07517501494403786, -0.10999973843107257, -0.09602933699055975], "4:1:270:55:0": [-0.1099995814296599, -0.10999955703072457, -0.10999964164810923, -0.10998711559465162], "6:0:90:55:0": [0, -0.10999806367402115, 0, -0.08244080633588521], "4:1:180:55:0": [0, -0.10999704873345699, 0, -0.08249276136785325], "3:0:270:55:0": [-0.10997575571822944, -0.09565473096569259, 0, -0.10998566588802038], "4:2:0:55:0": [-0.1098689979491363, 0, 0, 0], "4:2:270:55:0": [-0.09907192227269851, 0, 0, -0.10985444216570699], "3:2:270:55:0": [-0.10016473004542867, -0.10384798024355861, 0, -0.07760756610750619], "3:2:0:55:0": [-0.08833087024839477, -0.10885874643111319, -0.10316442249284288, 0], "3:3:0:55:0": [-0.10897287178800187, 0, 0, 0], "3:2:90:55:0": [0, 0, -0.10975349652950425, 0], "4:2:90:55:0": [0, -0.10972610725500472, 0, 0], "5:2:90:55:0": [-0.1057608841724784, -0.10969567472778301, 0, 0], "5:2:180:55:0": [0, 0, -0.10966186080864777, -0.10958254420820711], "5:2:270:55:0": [0, 0, -0.08217415256251721, 0], "6:2:270:55:0": [-0.10948462247926803, 0, 0, -0.10936373145588645], "6:2:0:55:0": [0, -0.10774716004550612, -0.08200335705306692, -0.10656631617970752], "6:3:0:55:0": [-0.10921448327887215, -0.10852191170585658, 0, -0.07632182934592269], "6:3:90:55:0": [0, -0.10817519963685997, -0.0764912138308425, 0], "6:4:0:55:0": [-0.10866972053527092, 0, 0, 0], "6:2:90:55:0": [0, -0.08025952130725916, -0.07996660900136698, 0], "5:2:0:55:0": [0, 0, 0, -0.10528987130275379], "6:1:0:55:0": [-0.09332281830033345, 0, -0.10999950843362032, -0.10641009382555054], "6:0:0:55:0": [0, -0.10636867721205256, -0.09499053647030012, -0.10986916342349372], "6:0:180:55:0": [-0.0414552700713373, 0, 0, -0.061444344431140045], "1:1:0:55:0": [-0.10835975415902345, -0.10797500513459685, 0, -0.10651320040804835], "0:2:0:55:0": [-0.10468556684659093, 0, 0, 0], "0:2:90:55:0": [0, 0, -0.10409507427398992, -0.10099996078949841], "0:2:270:55:0": [0, -0.1099999089117575, -0.10999992621852357, 0], "1:2:270:55:0": [-0.10999991802058175, 0, -0.07813964442592825, -0.10468109180377529], "1:0:0:55:0": [0, -0.10775000570510761, 0, -0.10852377874312111], "1:2:0:55:0": [-0.10817750462113716, 0, -0.10521298262339777, 0], "2:0:180:55:0": [-0.10657065341427768, 0, 0, -0.10691358807284992], "2:2:270:55:0": [0, -0.10745598269836115, -0.1011482570408858, 0], "3:2:180:55:0": [0, 0, 0, -0.0933438839699718], "2:2:90:55:0": [0, 0, 0, -0.1068592378992113], "1:2:90:55:0": [-0.10651026433245699, 0, 0, 0], "1:2:180:55:0": [0, 0, -0.1061225159249522, -0.07737444031845285], "1:3:180:55:0": [0, -0.10189314403867593, 0, 0], "1:4:180:55:0": [0, -0.10099238226519545, -0.10983826907300775, 0], "1:4:90:55:0": [0, -0.10985444216570699, 0, -0.08999153585021719], "1:4:0:55:0": [0, 0, -0.1096242897873864, -0.10999059538913018], "1:5:0:55:0": [-0.10998955043236687, 0, 0, 0], "1:6:0:55:0": [-0.10998838936929652, 0, 0, 0], "1:6:270:55:0": [0, 0, 0, -0.10998709929921835], "2:6:270:55:0": [-0.10998566588802038, 0, 0, 0], "2:6:180:55:0": [0, 0, 0, -0.10998407320891153], "2:5:180:55:0": [-0.10998230356545725, -0.03710000000000001, 0, 0], "2:4:180:55:0": [-0.04199508432373813, -0.036408975, 0, 0], "2:3:180:55:0": [-0.05297003813748681, -0.08247112034325148, 0, -0.05857841195986026], "2:3:270:55:0": [-0.079187940861254, -0.061782720600625736, -0.08247109246850172, -0.10353891811077337], "2:3:0:55:0": [0, 0, -0.07371467879227732, 0], "2:3:90:55:0": [0, -0.08146164297336425, -0.10994360791266046, 0], "1:3:90:55:0": [-0.08181919579893003, -0.10892247363356945, 0, 0], "1:3:0:55:0": [0, -0.10958254420820711, 0, -0.10993038013908697], "1:3:270:55:0": [0, -0.07951914677512859, 0, -0.082248741265417], "0:3:270:55:0": [0, -0.07484733499724312, 0, 0], "0:3:0:55:0": [0, 0, -0.10990449950492037, -0.10912720364319127], "0:4:0:55:0": [-0.10989388833880041, 0, 0, 0], "0:4:90:55:0": [-0.1098689979491363, 0, -0.10988209815422267, 0], "1:4:270:55:0": [-0.08227546712346234, -0.10972610725500472, -0.10982029897000861, 0],