{"4:1:0:46:45": [-1.0099999904632568, -1.0099999904632568, -1.0099999904632568, -1.0099999904632568, -1.0099999904632568, -1.0099999904632568, -0.01199865874808213], "4:1:90:46:45": [-0.03710000000000001, -0.018550000000000004, -0.09645364888638439, -0.09362767820856319, -0.09570945358027388, -0.03710000000000001, -0.03906985858686432], "4:1:180:46:45": [0.0, 0, -0.0954641455287053, -0.07475395629958828, -0.03710000000000001, 0, -0.06958524893942561], "4:1:180:46:0": [0, 0.0, -0.08039765928462274, -0.0769086791551489, -0.03710000000000001, -0.07061578374736792, -0.0773648991196762], "4:1:180:46:90": [0, 0, -0.08375107045945192, -0.08712320754503902, -0.06520951835644531, 0, -0.049628799881792376], "4:1:270:46:90": [0, -0.07861894039100001, -0.0903219668822531, -0.08824141364071669, -0.08831968932255692, -0.10936373145588645, -0.06940032723108275], "3:1:180:46:90": [-0.10353891811077337, 0, -0.07041006460689186, -0.09418984533229524, -0.08432185890057625, 0, -0.07771840298768001], "3:1:90:46:90": [-0.109973027839441, 0, -0.07024833139604722, -0.0727861096955, -0.068651232995, 0, 0], "3:1:0:46:90": [0, 0, -0.0657123100282054, -0.05685590000000001, -0.09499053647030012, 0, 0], "3:1:270:46:90": [0, -0.09978348711831493, -0.08138153318172989, -0.07993673681678473, -0.08846885284713443, -0.044390000000000006, -0.056937573920000005], "3:1:270:46:45": [-0.08175704635190001, -0.09100127615937466, -0.08877718282139531, 0, 0, -0.0479766395, -0.06996177485139127], "3:1:180:46:45": [0, 0, -0.0887954351745816, -0.032195, 0, -0.08458134171671002, 0], "4:1:0:46:90": [0.0, 0.0, -0.09074508311234226, -0.06187243493162598, -0.0715523092502363, -0.09352280256946366, -0.08639672965103787], "4:1:270:46:45": [0.0, 0, -0.09564056059915368, -0.07581778939056578, 0, -0.06402905054342439, -0.085089679538768], "4:1:270:46:0": [0.0, 0, -0.0803473622738258, -0.05933576505783531, -0.07125795110000001, -0.056392652560051, -0.09230838923463403], "4:1:0:46:-45": [0, 0.0, -0.038204735097750006, -0.045628975550000006, -0.066953279, -0.09831910997435303, -0.10774716004550612], "4:1:0:46:0": [0.0, 0.0, -0.07552649578602104, -0.02, -0.10703158033735716, -0.09061662187152618, -0.09317475956204889], "4:1:180:46:-45": [0, 0, -0.04440821348053889, 0, 0, -0.04977738533000001, -0.01725], "4:1:180:46:-90": [0, 0, -0.036695000000000005, -0.0801891791551489, -0.10929303495098494, -0.0360998294420346, 0], "3:1:90:46:45": [-0.04934207000000001, 0, -0.0869644456876302, 0, 0, 0, 0], "4:1:90:46:0": [0, 0, -0.08192565281613919, -0.09332281830033345, 0, -0.061995268235150065, -0.06361271031360514], "3:1:270:46:0": [0, -0.07125795110000001, -0.055078873791182086, 0, 0, 0, 0], "3:1:270:46:-45": [0, -0.066953279, 0, 0, 0, -0.066953279, 0], "4:1:270:46:-45": [-0.062170310000000006, 0, -0.045914761587975, -0.07125795110000001, 0, 0, -0.044390000000000006], "4:1:270:46:-90": [0, 0, 0, -0.0993478558052939, 0, -0.09174483701933642, -0.10972610725500472], "4:1:90:46:-90": [0, -0.10282102012308152, -0.0920997101026765, -0.07680224163943608, -0.08079950228184918, -0.0946644562901579, -0.0328674495278704], "2:1:270:46:45": [0, -0.044390000000000006, 0, 0, 0, 0, -0.03710000000000001], "2:1:270:46:0": [0, 0, 0, 0, 0, -0.029000000000000005, 0], "1:1:270:46:0": [0, -0.02, 0, 0, 0, 0, 0], "4:1:0:46:-90": [0.0, 0.0, -0.07661013017698104, -0.0978423345409431, -0.07553603942212544, -0.0909864225663299, -0.1012056553260195], "4:1:90:46:-45": [0, 0, -0.035675862887407414, 0, 0, -0.05806160377251951, -0.062170310000000006], "4:1:90:46:90": [0, -0.07125795110000001, -0.08703160379255107, -0.029000000000000005, -0.05765413889097683, -0.038204735097750006, -0.05685590000000001], "3:2:180:46:90": [-0.0914697981114816, -0.08869029308309406, 0, 0, -0.06147901317119403, 0, -0.10113706188034753], "3:3:180:46:90": [0, -0.10015229097816392, -0.07069010807205726, 0, -0.06434785399472051, 0, 0], "3:2:90:46:90": [0, 0, 0, -0.07861894039100001, -0.031131461987391966, 0, -0.03710000000000001], "3:1:0:46:-45": [0, 0, -0.062170310000000006, 0, 0, 0, 0], "3:1:90:46:-45": [0, -0.050951, -0.05685590000000001, 0, 0, 0, 0], "3:1:0:46:45": [0, 0, -0.09607690689810916, 0, 0, 0, 0], "3:2:0:46:45": [-0.07513215599, 0, 0, 0, 0, 0, 0], "3:3:0:46:45": [-0.07125795110000001, 0, 0, 0, 0, 0, 0], "3:3:0:46:90": [-0.10995432240925498, 0, -0.08353467348015002, 0, -0.066953279, 0, 0], "3:3:90:46:90": [0, 0, -0.07329490127719722, 0, 0, 0, 0], "3:3:270:46:90": [0, 0, -0.06523853014960491, -0.08243291090220656, -0.10989388833880041, 0, 0], "3:2:270:46:90": [0, 0, -0.10996300115149656, 0, 0, 0, 0], "3:2:0:46:90": [0, 0, -0.10995889016832949, 0, 0, 0, 0], "3:4:180:46:90": [0, -0.1096242897873864, -0.0818719527126807, 0, 0, 0, 0], "3:4:270:46:90": [0, 0, -0.082077501779995, 0, 0, 0, -0.10929303495098494], "3:4:0:46:90": [0, 0, -0.08199128169727138, 0, 0, 0, 0], "3:4:90:46:90": [0, 0, -0.08193475744141264, 0, 0, 0, 0], "3:5:180:46:90": [-0.10618479575523057, -0.10892247363356945, -0.06582410632974706, 0, -0.1072187161055631, -0.08712320754503902, 0], "3:5:270:46:90": [0, 0, -0.06855012862308241, 0, -0.10528987130275379, 0, 0], "3:5:0:46:90": [0, 0, -0.06788257663973071, 0, 0, 0, 0], "3:5:90:46:90": [0, 0, -0.06720784071081191, -0.10202335569231279, 0, -0.10353891811077337, 0], "3:6:180:46:90": [0, -0.0690180919987892, -0.040009487775000005, 0, 0, 0, -0.10656631617970752], "3:6:270:46:90": [0, 0, -0.03935732812620741, 0, 0, 0, 0], "3:6:0:46:90": [0, 0, -0.03512954153940741, 0, -0.05685590000000001, 0, 0], "3:6:90:46:90": [0, 0, -0.029119800887407406, 0, 0, 0, 0], "3:1:90:46:-90": [-0.10665274541311653, -0.10476652366972643, -0.1057608841724784, 0, -0.08712320754503902, -0.08029286609094576, -0.06651175145273841], "2:1:90:46:-90": [-0.10648980013902076, 0, 0, 0, 0, -0.0884370099211099, 0], "2:1:180:46:-90": [0, 0, -0.10618479575523057, 0, 0, -0.07023311731264244, 0], "2:1:270:46:-90": [0, 0, -0.10282102012308152, 0, -0.0914697981114816, -0.049175121422928694, 0], "1:1:270:46:-90": [0, -0.03710000000000001, 0, 0, 0, -0.01725, 0], "3:1:270:46:-90": [0, -0.10983826907300775, 0, 0, 0, -0.0699212172238323, -0.10912720364319127], "3:1:0:46:-90": [0, 0, -0.10797244404095552, -0.08712320754503902, 0, -0.06188538994362473, -0.08175704635190001], "1:1:90:46:45": [-0.005, 0, 0, 0, 0, 0, 0], "3:1:180:46:0": [0, 0, -0.0557063564712623, 0, 0, -0.10903022627021251, 0], "3:1:0:46:0": [0, 0, -0.05326034076164156, 0, 0, 0, 0], "3:1:90:46:0": [0, 0, -0.05123974850659652, 0, 0, 0, 0]}