{"4:1:0:46:45": [-1.0099999904632568, -1.0099999904632568, -1.0099999904632568, -0.011856500167227729, -0.026665396857934728, -1.0099999904632568, -1.0099999904632568], "4:1:90:46:45": [0, 0.0, -0.09900006706075772, -0.09692444680881018, -0.10998838936929652, -0.09649148282327011, -0.09728954780933267], "4:1:90:46:0": [0, 0, -0.09066671011555037, -0.09083026466916294, -0.05602324047008689, -0.04865282750000001, -0.066953279], "4:1:180:46:0": [0, 0, -0.08811423264910134, -0.08169646833093788, 0, -0.09245515143327693, -0.03710000000000001], "4:1:270:46:0": [-0.07272883983658698, 0, -0.08975617741685463, -0.09128078484659258, 0, -0.08694452206481855, -0.06890137424087192], "3:1:270:46:45": [0, -0.10058001567345486, -0.09298057809886588, -0.09756593170107937, 0, 0, -0.10817519963685997], "3:1:180:46:0": [0, 0, -0.09531237721912314, -0.06316870204159367, 0, -0.09407755031117063, 0], "3:1:270:46:0": [0, -0.0921899122817392, -0.09994319107261197, -0.07993159226260971, 0, -0.044390000000000006, 0], "3:1:270:46:-45": [0, -0.09649148282327011, -0.05781505586275689, -0.09693718833384748, 0, -0.07039462519550001, 0], "3:1:270:46:-90": [0, 0, -0.061699647710322, -0.10618479575523057, -0.10690968456173677, -0.07241690603692447, -0.034932750000000005], "3:1:180:46:-90": [0, 0, -0.06353412284298776, -0.03710000000000001, 0, -0.06440137424087192, 0], "3:1:180:46:-45": [0, 0, -0.08947704940145906, -0.06462615729352503, -0.029000000000000005, 0, 0], "4:1:270:46:45": [0.0, 0, -0.09874090493478055, -0.09811523872698465, -0.08248845307646085, 0, -0.09417252382300237], "3:1:0:46:0": [0, 0, -0.10194370425758137, -0.054919274194555445, -0.07125795110000001, -0.10814220137402646, 0], "3:1:0:46:45": [0, 0, -0.09641270706230134, -0.10887074877554359, -0.07125795110000001, -0.10618479575523057, -0.07595699334544898], "3:1:90:46:45": [-0.09738028930089872, 0, -0.08895657392722227, -0.07451045404757237, 0, 0, 0], "3:1:180:46:45": [0, 0, -0.09555670942004259, -0.10946568724085903, 0, 0, 0], "4:1:0:46:90": [0.0, 0.0, -0.0931469192268688, -0.09006032096752051, -0.08862646350645038, -0.06447192291572253, -0.05685590000000001], "4:1:180:46:45": [0.0, 0.0, -0.09868011199968499, -0.09780697664857516, -0.051456810429177505, -0.05685590000000001, -0.0632257024183349], "4:1:180:46:90": [0.0, 0, -0.09373511253327024, -0.09088296276955385, -0.07073730566192614, -0.029000000000000005, -0.02], "4:1:90:46:90": [0.0, 0, -0.091094532819369, -0.08864425786634152, -0.07566634704773387, 0, -0.08175704635190001], "4:1:0:46:0": [0.0, 0, -0.09371092084576131, -0.09129645310918892, -0.07125795110000001, -0.0831317869010611, 0], "4:1:270:46:90": [0.0, 0.0, -0.09220316865763782, -0.0910676373329493, -0.08406565160055635, -0.07020035720468214, -0.0647849701955], "3:1:90:46:90": [-0.08036457343827692, 0, -0.07675900920329082, 0, -0.05626674370052955, 0, 0], "3:1:180:46:90": [0, 0, -0.06468826230658616, 0, 0, 0, 0], "3:2:180:46:90": [0, -0.03710000000000001, 0, 0, 0, 0, -0.029000000000000005], "3:2:270:46:90": [0, 0, -0.02, 0, 0, 0, 0], "4:1:0:46:-45": [0.0, 0, -0.08601502842206418, -0.06931430148522184, 0, -0.08760371228098422, 0], "4:1:90:46:-45": [0, -0.10912720364319127, -0.08010885161764453, -0.0698417059906122, 0, -0.06929127210410355, -0.08189915319294157], "4:1:90:46:-90": [0, 0, -0.10999059538913018, 0, -0.10985444216570699, -0.07625477159876697, -0.10995889016832949], "4:1:0:46:-90": [0, 0.0, -0.08826791160410355, 0, -0.05653733573346975, -0.08015149495378232, -0.095112280939106], "4:1:270:46:-90": [0, 0, 0, -0.09105687200766957, -0.08175704635190001, -0.06829231184455886, 0], "3:1:0:46:-45": [0, 0, -0.09736686169099663, -0.05934687988125976, 0, -0.10936373145588645, 0], "3:1:90:46:-45": [-0.10921448327887215, 0, -0.09596317965666293, -0.059901002128279424, 0, -0.10418502629969603, 0], "3:1:90:46:-90": [-0.10975349652950425, 0, -0.06511860740718546, 0, -0.03710000000000001, -0.09688978575877528, 0], "3:1:0:46:-90": [0, 0, -0.06023285237175288, -0.10797244404095552, 0, 0, -0.10835767967317397], "2:1:270:46:-90": [0, -0.09332281830033345, -0.04184973509775, 0, 0, 0, 0], "2:1:0:46:-90": [0, 0, -0.0604335275228704, 0, -0.047823474750000004, -0.05798169724763379, 0], "2:1:90:46:-90": [0, 0, -0.050208751886259756, 0, 0, -0.09649148282327011, 0], "2:1:180:46:-90": [0, 0, -0.046620835429177505, 0, 0, -0.08175704635190001, 0], "1:1:270:46:-90": [0, -0.03710000000000001, -0.07125795110000001, -0.06166219189313378, -0.0479766395, 0, 0], "1:1:0:46:-90": [0, 0, -0.02, -0.0637459727038204, 0, 0, 0], "4:1:180:46:-45": [0, 0, -0.0760486307866081, -0.07017365764806675, 0, -0.08203730805278156, 0], "4:1:270:46:-45": [0, 0, -0.0786594880004746, -0.07311530960979223, 0, -0.10969567472778301, 0], "2:1:270:46:0": [-0.09649148282327011, -0.10573733352899217, -0.042302959588065445, 0, 0, 0, 0], "2:1:180:46:0": [0, 0, -0.04246284091235971, -0.1041527208902499, 0, 0, -0.08941088679053512], "2:1:90:46:0": [0, 0, -0.048099772786679304, -0.10418502629969603, 0, 0, 0], "2:1:0:46:0": [0, -0.10202335569231279, -0.050932803802120896, -0.10353891811077337, 0, 0, -0.08175704635190001], "2:2:0:46:0": [-0.10282102012308152, 0, -0.04808659526348471, 0, 0, 0, 0], "2:1:0:46:-45": [0, 0, 0, 0, 0, -0.10113706188034753, 0], "2:1:270:46:-45": [0, 0, 0, -0.10015229097816392, 0, 0, 0], "2:1:180:46:-45": [0, 0, 0, -0.09905810108684879, 0, 0, 0], "2:1:90:46:-45": [0, 0, 0, -0.0978423345409431, 0, 0, 0], "1:1:90:46:-90": [-0.09499053647030012, 0, 0, -0.08458134171671002, 0, -0.09332281830033345, 0], "1:1:180:46:-90": [0, 0, 0, -0.05032661318963541, 0, 0, 0], "1:2:180:46:-90": [0, -0.05685590000000001, 0, 0, 0, -0.044390000000000006, 0], "1:2:180:46:-45": [0, 0, 0, 0, -0.050951, 0, 0], "1:2:90:46:-90": [0, 0, 0, -0.03710000000000001, 0, 0, 0], "1:2:0:46:-90": [0, 0, 0, -0.029000000000000005, 0, 0, 0], "1:2:270:46:-90": [0, 0, 0, -0.02, 0, 0, 0], "3:1:90:46:0": [0, 0, -0.10769107759708821, -0.07008714058784693, -0.08712320754503902, 0, -0.10476652366972643], "3:1:270:46:90": [0, -0.08488714956154075, -0.07583286414512413, 0, -0.10797244404095552, 0, 0], "3:1:0:46:90": [0, 0, -0.0725407870487828, 0, 0, 0, 0], "1:1:90:46:0": [-0.10015229097816392, 0, 0, 0, 0, 0, 0], "1:1:180:46:0": [0, 0, -0.09905810108684879, 0, 0, 0, 0], "1:1:270:46:0": [0, 0, -0.0978423345409431, 0, 0, 0, 0], "2:1:90:46:45": [-0.029000000000000005, 0, 0, 0, 0, 0, 0], "1:1:90:46:45": [-0.005, 0, 0, 0, 0, 0, 0], "4:1:180:46:-90": [0.0, 0, 0, -0.062170310000000006, 0, -0.023839933502657753, 0], "3:2:180:46:45": [0, -0.10975349652950425, -0.1096242897873864, 0, 0, 0, 0], "3:2:270:46:45": [0, 0, -0.08222279891785474, 0, 0, 0, 0], "3:2:0:46:45": [0, 0, -0.10969567472778301, 0, 0, 0, 0], "3:2:90:46:45": [0, 0, -0.10966186080864777, 0, 0, 0, 0], "3:2:270:46:0": [0, 0, -0.07403549869717921, 0, 0, -0.10953616023134123, 0], "3:2:0:46:0": [0, 0, -0.07434980823774365, 0, 0, 0, 0], "3:2:90:46:0": [0, 0, -0.07425586331971518, 0, 0, 0, 0], "3:2:180:46:0": [0, 0, -0.0741514800774613, 0, 0, 0, 0], "2:2:270:46:0": [0, -0.1072187161055631, -0.04871100914881231, 0, 0, 0, 0], "2:2:90:46:0": [0, 0, -0.0531744910701964, 0, 0, 0, 0], "2:2:180:46:0": [0, 0, -0.0510602101600671, 0, 0, 0, 0]}