{"4:1:0:46:45": [-1.0079345617079554, -1.0099997496210715, -0.011985723875414819, -0.6846986379473744, -0.6415206812026429, -0.5688927476820358, -0.6570621621575726], "4:1:0:46:90": [0.0, 0.0, -0.08307896298964089, -0.08241552298251736, -0.061513018116102776, -0.07360551006154076, -0.05061675052338269], "4:1:90:46:90": [0, -0.028427950000000004, -0.08875135761453325, -0.0776028844192046, -0.05588472418148345, -0.0546424521173, -0.07515611435598996], "4:1:0:46:0": [0.0, 0, -0.0950580663403854, -0.0966376953441022, -0.06499283294401019, -0.08128211852862717, 0], "4:1:0:46:-45": [0.0, 0.0, -0.07596163998248086, 0, 0, -0.08601777463852146, 0], "4:1:270:46:90": [-0.07256546905563352, 0, -0.08522728446333097, -0.0859293750648437, -0.08395362791354687, -0.07861894039100001, -0.02977940740740741], "3:1:90:46:45": [-0.10100981968442338, 0, -0.09667801224057783, -0.08057988574782246, 0, 0, 0], "3:1:0:46:45": [0, 0, -0.09143233906434144, -0.09411008355401734, -0.05685590000000001, 0, 0], "3:1:270:46:90": [-0.08458134171671002, -0.10559429249657189, -0.07871255137126033, -0.09374822374133848, -0.0933327798262906, -0.07125795110000001, -0.10282102012308152], "3:1:0:46:90": [0, -0.042213819750000006, -0.0875881379732904, -0.10111950426850931, -0.07112839191620374, -0.0764559558529283, -0.06571595251529685], "3:1:90:46:90": [-0.08611116377383876, 0, -0.0920365895601385, -0.09962052691686922, -0.07407318683307434, -0.10656631617970752, -0.1094273583102978], "2:1:90:46:90": [-0.0673804420862392, -0.10656631617970752, -0.05092778705941021, -0.06954654462930322, 0, -0.07939613396956605, -0.10929303495098494], "1:1:90:46:90": [-0.005, 0, 0, -0.055894467894288, 0, 0, 0], "4:1:90:46:45": [-0.05497180395633023, 0.0, -0.09952281223934321, -0.08381824443989468, -0.08454407183049624, -0.028550000000000006, -0.08968376245800888], "4:1:90:46:0": [0, 0.0, -0.09324731374674718, -0.07880522473610745, -0.09905810108684879, -0.10688237625411524, -0.07513215599], "2:1:270:46:90": [-0.09944775463490158, -0.06932718180238644, -0.07756907901858039, -0.06909271108486212, -0.10989388833880041, -0.10982029897000861, -0.08712320754503902], "1:1:180:46:90": [-0.07861894039100001, 0, -0.08084106423248075, -0.0908586610184487, 0, 0, 0], "1:1:270:46:90": [0, -0.07192410449014919, 0, -0.06290533020824587, -0.0914697981114816, 0, -0.07774656415016673], "3:2:0:46:90": [-0.06280613854449674, 0, 0, -0.0928819917119229, -0.07378582564679127, -0.07612240206400597, 0], "3:2:270:46:90": [-0.08175704635190001, 0, 0, -0.08415134692265801, -0.041369080866286136, -0.10318212312339983, -0.053131374597750004], "4:1:180:46:90": [0, 0, -0.08520573105745831, -0.08412082486028781, -0.0905313426256441, -0.1098689979491363, 0], "4:1:270:46:45": [-0.10015229097816392, -0.10998566588802038, -0.09978028431988978, -0.09610588429352643, -0.10474737077676075, -0.10690968456173677, -0.0815854758931375], "4:1:180:46:45": [0, 0.0, -0.09941379570452735, -0.08729666698269065, -0.07513215599, -0.10997572505549691, -0.08128737561025946], "4:1:180:46:0": [0, 0, -0.09491796375918463, -0.08842056161807237, -0.1074968444950068, -0.08496444154378352, -0.043666013250943235], "4:1:270:46:0": [0.0, 0, -0.09110875897109517, -0.08425840512653578, 0, -0.09767953525812469, 0], "3:1:270:46:45": [0, -0.09415633500973082, -0.09990200018219401, -0.09364040387243266, 0, -0.10774716004550612, -0.085321865539926], "3:1:180:46:45": [-0.09649148282327011, 0, -0.09693232038872311, -0.09866133785519182, -0.10998230356545725, 0, -0.08538307918772116], "3:1:180:46:90": [0, 0, -0.08855559757102421, -0.10851824872380633, -0.05525657351175698, 0, -0.1099803372949525], "2:1:180:46:90": [0, 0, -0.07861344833613132, -0.07180699289386867, -0.081879886629479, -0.10992264459898551, 0], "2:1:0:46:90": [0, 0, -0.044646182468110834, -0.06959577733652261, 0, -0.10835767967317397, 0], "1:1:0:46:90": [0, 0, -0.1096242897873864, -0.06306050236375119, 0, -0.10958254420820711, -0.10969567472778301], "1:2:180:46:90": [0, -0.04141744952787041, 0, -0.08175704635190001, 0, 0, 0], "1:2:90:46:90": [0, 0, 0, -0.03685272169763378, 0, 0, 0], "1:2:0:46:90": [0, 0, 0, -0.03178080188625976, 0, 0, 0], "1:2:270:46:90": [0, 0, 0, -0.08458134171671002, 0, 0, 0], "3:2:180:46:45": [0, -0.09948969821064532, -0.05899951711740826, -0.08645677442619383, 0, 0, -0.08130931776305113], "3:2:90:46:45": [0, 0, -0.09576647581312676, -0.09519479139463283, 0, 0, -0.050951], "3:2:180:46:90": [0, -0.1072187161055631, -0.09670101693673089, -0.0888334310318951, -0.0978423345409431, 0, -0.09180734518415457], "3:2:90:46:90": [0, 0, -0.10966186080864777, -0.08282297896876294, 0, 0, 0], "3:3:180:46:90": [0, -0.08175704635190001, 0, 0, 0, 0, -0.07861894039100001], "3:4:180:46:90": [0, -0.07513215599, 0, -0.05685590000000001, 0, 0, 0], "3:4:90:46:90": [0, 0, 0, -0.07125795110000001, 0, 0, 0], "3:4:0:46:90": [0, 0, 0, -0.066953279, 0, 0, 0], "3:4:270:46:90": [0, 0, 0, -0.062170310000000006, 0, 0, 0], "3:5:180:46:90": [0, -0.050951, 0, 0, 0, 0, 0], "3:5:180:46:45": [0, 0, 0, 0, 0, -0.044390000000000006, 0], "3:5:90:46:45": [0, 0, 0, -0.03710000000000001, 0, 0, 0], "3:5:0:46:45": [0, 0, 0, -0.029000000000000005, 0, 0, 0], "3:5:270:46:45": [0, 0, 0, -0.02, 0, 0, 0], "2:2:270:46:90": [0, -0.08941088679053512, -0.08941088679053512, -0.0835774390934707, -0.06407147274461476, 0, 0], "3:1:270:46:0": [0, -0.10929303495098494, -0.07082575912755493, -0.08245377067185723, 0, -0.09866596101340983, -0.10202335569231279], "3:1:270:46:-45": [0, 0, -0.08975663151913645, 0, 0, -0.10769695787121153, 0], "3:1:270:46:-90": [0, -0.10866972053527092, -0.0914697981114816, 0, 0, -0.08331658340208267, 0], "3:1:0:46:-90": [0, 0, -0.1057608841724784, 0, 0, 0, 0], "3:1:90:46:-90": [-0.10353891811077337, -0.07125795110000001, -0.10528987130275379, 0, 0, -0.06472787320322446, -0.06100584539468614], "3:1:180:46:-90": [0, 0, -0.061161409150166726, -0.08941088679053512, 0, -0.056067208263409433, -0.02], "3:2:180:46:-90": [0, -0.07513215599, 0, 0, 0, -0.03329712370876761, -0.03710000000000001], "3:2:270:46:-90": [0, 0, -0.02, 0, 0, 0, 0], "4:1:270:46:-45": [0, 0, -0.07676509124099738, 0, 0, -0.0820573055924238, 0], "4:1:270:46:-90": [0, 0, -0.07377158788387302, -0.08178386328642435, -0.07417151616058128, -0.07793338453822547, -0.10342469478360759], "4:1:180:46:-90": [0, 0, -0.08853594933308778, -0.050951, 0, -0.06326755003124722, -0.0978423345409431], "4:1:0:46:-90": [0.0, 0, -0.07037951812503788, -0.066953279, -0.07513215599, -0.07910816621594592, 0], "4:1:90:46:-90": [0, 0, -0.07730849514479786, 0, -0.07870572966055166, -0.0889247476287333, -0.08079222215671839], "2:1:90:46:-90": [-0.10202335569231279, 0, -0.09332281830033345, -0.09649148282327011, -0.06562137543343838, -0.06185632707240218, -0.0914697981114816], "2:1:180:46:-90": [0, 0, -0.09121183812882655, 0, -0.044390000000000006, -0.033364901592052104, 0], "2:1:270:46:-90": [0, -0.10835767967317397, 0, 0, 0, -0.07071547264936032, -0.10690968456173677], "2:1:0:46:-90": [0, 0, -0.1057608841724784, 0, -0.10015229097816392, -0.06532125958000219, -0.09905810108684879], "2:1:270:46:45": [0, -0.10953616023134123, 0, 0, 0, 0, -0.10948462247926803], "2:1:180:46:45": [0, 0, 0, -0.1094273583102978, -0.10817519963685997, 0, -0.06987178909635448], "2:1:180:46:0": [0, 0, 0, -0.07125795110000001, 0, -0.08037257800814726, 0], "2:1:180:46:-45": [0, 0, -0.09649148282327011, 0, 0, -0.10618479575523057, -0.04619248807044012], "2:1:90:46:-45": [0, 0, 0, -0.09905810108684879, 0, 0, -0.0978423345409431], "2:1:90:46:45": [-0.08712320754503902, 0, 0, 0, 0, 0, -0.08458134171671002], "2:1:0:46:45": [0, 0, 0, -0.08175704635190001, 0, 0, 0], "2:1:0:46:0": [0, 0, 0, -0.0410180775, 0, -0.07861894039100001, 0], "2:1:270:46:0": [0, 0, 0, -0.04097803899750001, 0, 0, 0], "2:1:90:46:0": [0, 0, -0.05685590000000001, -0.066953279, 0, 0, 0], "1:1:270:46:0": [0, -0.03710000000000001, 0, 0, 0, 0, 0], "1:1:180:46:0": [0, 0, 0, -0.029000000000000005, 0, 0, 0], "1:1:90:46:0": [0, 0, 0, -0.02, 0, 0, 0],