{"4:1:0:46:45": [-1.0099999904632568, -1.0099999904632568, -0.9757656395571913, -1.0099999904632568, -1.0099999904632568, -0.01, -0.9963198034943513], "4:1:90:46:45": [0.0, -0.04082208464285402, -0.09352749507026141, -0.07432097903691118, -0.044390000000000006, 0, -0.07394389734334356], "4:1:0:46:90": [0, 0.0, -0.08072061257588752, 0, -0.06826898515394308, -0.062170310000000006, -0.07536567400629807], "3:1:90:46:90": [-0.08458134171671002, 0, 0, -0.053915901087975004, 0, 0, -0.08175704635190001], "3:1:0:46:90": [0, 0, 0, -0.073136063594, 0, 0, 0], "3:1:270:46:90": [0, 0, 0, -0.06904007066000001, -0.050951, 0, 0], "3:1:270:46:45": [0, -0.09348831003208699, -0.1079023144542672, -0.08144156648582422, 0, -0.040009487775000005, -0.05420558406105539], "3:1:0:46:45": [0, 0, -0.09470513534898317, -0.07368816146705381, 0, 0, -0.0790294352579335], "4:1:270:46:45": [-0.056116077995000006, -0.0906242732445651, -0.09767527270056198, -0.08706638304764347, -0.08712320754503902, 0, -0.08668624629203846], "4:1:270:46:90": [0, 0, -0.07743029780370445, 0, -0.06936305362750236, 0, 0], "4:1:180:46:45": [0.0, 0.0, -0.08800851413321295, -0.06687485019884502, 0, -0.10690968456173677, -0.02], "4:1:90:46:0": [0, 0.0, -0.07305321959274358, -0.05851311857647917, -0.050951, -0.0755011792002889, -0.05461510997676513], "4:1:0:46:0": [0.0, 0.0, -0.10413629218286047, -0.09805179809650938, -0.030317, -0.09768656453692741, -0.07677095772267367], "4:1:180:46:0": [0.0, 0, -0.04008598370000001, -0.06785272321351368, 0, -0.0493094701955, 0], "4:1:0:46:-45": [0, 0.0, 0, -0.029000000000000005, 0, -0.09847442384049208, -0.05039426188564964], "4:1:0:46:-90": [0.0, 0, -0.08371325226199983, -0.052498043769474194, -0.09094360492453689, -0.09848500146785788, -0.07552774720448181], "4:1:90:46:-90": [0, -0.09332281830033345, -0.091973229568856, -0.06572405039240459, -0.10499201610047176, -0.0880635418820804, -0.07923303774193491], "4:1:180:46:-90": [0, 0, -0.08995241615837023, -0.05859402678026885, -0.06788800369658704, -0.08540695477262264, -0.07045824540925895], "2:1:270:46:45": [0, -0.066953279, 0, 0, 0, 0, 0], "2:1:270:46:90": [0, 0, 0, -0.029000000000000005, -0.04397052750000001, 0, 0], "2:1:0:46:90": [0, 0, -0.050951, 0, -0.044390000000000006, -0.03710000000000001, 0], "1:1:270:46:90": [0, -0.02, 0, 0, 0, 0, 0], "4:1:270:46:-90": [-0.0781204356513769, 0, -0.10029804067345802, -0.08530709897474457, -0.07133189076265185, -0.08976386069903784, -0.0945539517630952], "4:1:270:46:-45": [0, 0, 0, -0.05470544339526756, 0, -0.09437349147782319, 0], "3:1:270:46:-45": [0, -0.08712320754503902, 0, 0, 0, 0, 0], "3:1:270:46:-90": [-0.10656631617970752, -0.10997572505549691, 0, -0.10972610725500472, -0.10966186080864777, -0.08378976733619865, 0], "4:1:270:46:0": [0, -0.03710000000000001, -0.10202335569231279, -0.05729414853381682, 0, -0.08709675998362232, 0], "3:1:90:46:-90": [-0.0764338755426711, 0, 0, -0.10555354640652988, 0, -0.08114182713027539, -0.10992264459898551], "3:1:0:46:-90": [0, 0, -0.10985444216570699, -0.029000000000000005, -0.02, -0.07381319494331814, 0], "4:1:90:46:-45": [0, 0, -0.05685590000000001, -0.03710000000000001, 0, -0.08991335481727969, 0], "4:1:90:46:90": [0, 0, -0.0892915786473448, 0, -0.08046051546635612, 0, -0.06093203418331574], "4:1:180:46:90": [0, 0, -0.08360972419056703, -0.07219795112844561, 0, 0, -0.01725], "3:1:180:46:45": [0, 0, -0.108304992038123, -0.06503787413173685, 0, -0.04913179001137653, -0.108911084210106], "3:1:180:46:90": [0, 0, 0, -0.043289987775000004, -0.06928378186859388, 0, 0], "3:1:90:46:45": [-0.10967116404345327, 0, -0.07215483276829836, -0.056171238516465674, 0, 0, -0.10433386353929397], "4:1:180:46:-45": [0, 0, 0, -0.044390000000000006, 0, 0, 0], "3:1:270:46:0": [0, 0, 0, -0.029000000000000005, 0, 0, 0], "3:1:180:46:0": [0.0, 0, 0, 0, 0, 0, -0.02], "3:1:180:46:-90": [0, 0, -0.10734028661207738, -0.109973027839441, -0.10282102012308152, -0.08181456418440342, 0], "2:1:90:46:-90": [-0.10995432240925498, 0, 0, 0, 0, -0.10994924712139442, -0.10994360791266046], "1:1:90:46:-90": [-0.10993734212517828, 0, 0, 0, 0, -0.0773480697664646, -0.10991404955442834], "1:1:0:46:-90": [0, -0.10880274848174383, 0, -0.10989388833880041, -0.08168487453487404, -0.0702386767442153, -0.10988209815422267], "1:2:0:46:-90": [-0.10912720364319127, 0, 0, 0, -0.10903022627021251, -0.10892247363356945, 0], "1:1:270:46:-90": [0, -0.06400629903811961, 0, -0.10817519963685997, -0.10774716004550612, -0.07219686205282683, -0.050951], "2:1:270:46:-90": [-0.10368550354186351, -0.10929303495098494, 0, 0, -0.08163199264926428, -0.10109754801496447, 0], "3:2:180:46:-90": [0, -0.10989388833880041, 0, 0, 0, -0.07249305052009075, 0], "3:3:180:46:-90": [0, -0.10975349652950425, 0, 0, 0, 0, 0], "3:3:90:46:-90": [0, 0, 0, -0.10972610725500472, -0.10969567472778301, -0.07227615095218043, 0], "2:3:90:46:-90": [-0.10929303495098494, 0, -0.10202335569231279, 0, -0.062170310000000006, -0.044975030490419135, -0.05685590000000001], "2:3:0:46:-90": [0, 0, -0.10817519963685997, -0.10912720364319127, -0.10528987130275379, -0.06856616933035686, -0.10353891811077337], "2:3:270:46:-90": [0, 0, 0, -0.10852191170585658, 0, -0.10835767967317397, 0], "3:2:180:46:45": [0, -0.10997572505549691, -0.07512037598043723, 0, 0, 0, 0], "3:2:270:46:45": [0, 0, -0.0738830873531853, -0.10996670103634691, 0, 0, 0], "3:2:0:46:45": [0, 0, -0.07390178558327737, 0, 0, 0, 0], "3:2:90:46:45": [0, 0, -0.07512786963239351, 0, 0, 0, 0], "3:2:270:46:0": [0, 0, -0.057710514080028454, 0, 0, -0.10980033218889845, 0], "3:2:0:46:0": [0, 0, -0.05699936214287052, 0, 0, 0, 0], "3:2:90:46:0": [0, 0, -0.05545252241589567, 0, 0, 0, 0], "3:2:180:46:0": [0, 0, -0.05904177425960717, 0, 0, 0, 0]}